Size,EntryBar,ExitBar,EntryPrice,ExitPrice,SL,TP,PnL,Commission,ReturnPct,EntryTime,ExitTime,Duration,Tag,ret_pct,d
-1,18687,18710,21105.0,21167.0,,,-62.0,0.0,-0.002937692489931365,2025-06-03 09:10:00,2025-06-03 09:33:00,0 days 00:23:00,,-0.2937692489931296,2025-06-03
1,19643,19704,21537.0,21545.0,,,8.0,0.0,0.00037145377722058726,2025-06-06 10:03:00,2025-06-06 11:04:00,0 days 01:01:00,,0.03714537772205971,2025-06-06
1,20527,20563,22250.0,22222.0,,,-28.0,0.0,-0.001258426966292081,2025-06-11 09:44:00,2025-06-11 10:20:00,0 days 00:36:00,,-0.1258426966292135,2025-06-11
-1,21423,21511,21952.0,21934.0,,,18.0,0.0,0.0008199708454810217,2025-06-16 09:37:00,2025-06-16 11:05:00,0 days 01:28:00,,0.08199708454810496,2025-06-16
-1,22904,22951,21365.0,21349.0,,,16.0,0.0,0.0007488883688274717,2025-06-23 09:13:00,2025-06-23 10:00:00,0 days 00:47:00,,0.07488883688275216,2025-06-23
1,23515,23576,22053.0,22032.0,,,-21.0,0.0,-0.0009522513943681643,2025-06-25 09:22:00,2025-06-25 10:23:00,0 days 01:01:00,,-0.09522513943681131,2025-06-25
1,23849,23892,22156.0,22177.0,,,21.0,0.0,0.0009478245170608801,2025-06-26 09:55:00,2025-06-26 10:38:00,0 days 00:43:00,,0.09478245170608413,2025-06-26
1,24121,24130,22096.0,22044.0,,,-52.0,0.0,-0.002353367125271566,2025-06-27 09:26:00,2025-06-27 09:35:00,0 days 00:09:00,,-0.23533671252715427,2025-06-27
1,25619,25628,22688.0,22642.0,,,-46.0,0.0,-0.002027503526093044,2025-07-04 09:19:00,2025-07-04 09:28:00,0 days 00:09:00,,-0.20275035260930888,2025-07-04
-1,26226,26257,22261.0,22155.0,,,106.0,0.0,0.004761690849467648,2025-07-08 09:24:00,2025-07-08 09:55:00,0 days 00:31:00,,0.4761690849467679,2025-07-08
-1,26545,26557,22278.0,22340.0,,,-62.0,0.0,-0.002783014633270575,2025-07-09 09:42:00,2025-07-09 09:54:00,0 days 00:12:00,,-0.2783014633270491,2025-07-09
1,26852,26924,22525.0,22550.0,,,25.0,0.0,0.0011098779134295356,2025-07-10 09:48:00,2025-07-10 11:00:00,0 days 01:12:00,,0.11098779134295228,2025-07-10
1,27422,27471,22570.0,22582.0,,,12.0,0.0,0.0005316792202039178,2025-07-14 09:16:00,2025-07-14 10:05:00,0 days 00:49:00,,0.05316792202038104,2025-07-14
-1,27725,27732,22569.0,22620.0,,,-51.0,0.0,-0.002259736807124879,2025-07-15 09:18:00,2025-07-15 09:25:00,0 days 00:07:00,,-0.22597368071248172,2025-07-15
1,28348,28425,22886.0,22935.0,,,49.0,0.0,0.00214104692825301,2025-07-17 09:39:00,2025-07-17 10:56:00,0 days 01:17:00,,0.21410469282530806,2025-07-17
1,28637,28729,23294.0,23281.0,,,-13.0,0.0,-0.0005580836266849687,2025-07-18 09:27:00,2025-07-18 10:59:00,0 days 01:32:00,,-0.05580836266849832,2025-07-18
-1,29529,29634,23170.0,23225.0,,,-55.0,0.0,-0.0023737591713421935,2025-07-23 09:16:00,2025-07-23 11:01:00,0 days 01:45:00,,-0.2373759171342253,2025-07-23
1,30134,30220,23242.0,23287.0,,,45.0,0.0,0.0019361500731434056,2025-07-25 09:19:00,2025-07-25 10:45:00,0 days 01:26:00,,0.19361500731434472,2025-07-25
1,30431,30488,23298.0,23355.0,,,57.0,0.0,0.0024465619366469404,2025-07-28 09:15:00,2025-07-28 10:12:00,0 days 00:57:00,,0.24465619366469227,2025-07-28
-1,31062,31089,23358.0,23347.0,,,11.0,0.0,0.0004709307303707444,2025-07-30 09:44:00,2025-07-30 10:11:00,0 days 00:27:00,,0.04709307303707509,2025-07-30
1,32242,32362,23455.0,23546.0,,,91.0,0.0,0.0038797697719037405,2025-08-05 09:20:00,2025-08-05 11:20:00,0 days 02:00:00,,0.3879769771903645,2025-08-05
1,33137,33234,23992.0,23972.0,,,-20.0,0.0,-0.0008336112037345966,2025-08-08 09:12:00,2025-08-08 10:49:00,0 days 01:37:00,,-0.08336112037345782,2025-08-08
1,33789,33805,24150.0,24138.0,,,-12.0,0.0,-0.0004968944099379424,2025-08-12 10:02:00,2025-08-12 10:18:00,0 days 00:16:00,,-0.04968944099378882,2025-08-12
1,34051,34127,24267.0,24380.0,,,113.0,0.0,0.004656529443276769,2025-08-13 09:23:00,2025-08-13 10:39:00,0 days 01:16:00,,0.46565294432768783,2025-08-13
1,34367,34389,24306.0,24268.0,,,-38.0,0.0,-0.0015633999835431567,2025-08-14 09:38:00,2025-08-14 10:00:00,0 days 00:22:00,,-0.1563399983543158,2025-08-14
-1,35868,35942,23875.0,23871.0,,,4.0,0.0,0.00016753926701573718,2025-08-21 09:34:00,2025-08-21 10:48:00,0 days 01:14:00,,0.01675392670157068,2025-08-21
1,36446,36540,24140.0,24269.0,,,129.0,0.0,0.00534382767191377,2025-08-25 09:10:00,2025-08-25 10:44:00,0 days 01:34:00,,0.5343827671913836,2025-08-25
1,37365,37412,24369.0,24333.0,,,-36.0,0.0,-0.0014772867167303083,2025-08-28 09:26:00,2025-08-28 10:13:00,0 days 00:47:00,,-0.14772867167302722,2025-08-28
-1,37978,38072,24223.0,23910.0,,,313.0,0.0,0.012921603434752127,2025-09-01 09:37:00,2025-09-01 11:11:00,0 days 01:34:00,,1.2921603434752096,2025-09-01
-1,38599,38658,24043.0,24010.0,,,33.0,0.0,0.0013725408642848436,2025-09-03 09:56:00,2025-09-03 10:55:00,0 days 00:59:00,,0.1372540864284823,2025-09-03
1,38861,38934,24240.0,24321.0,,,81.0,0.0,0.0033415841584159,2025-09-04 09:17:00,2025-09-04 10:30:00,0 days 01:13:00,,0.3341584158415842,2025-09-04
1,39197,39276,24310.0,24388.0,,,78.0,0.0,0.0032085561497325887,2025-09-05 09:52:00,2025-09-05 11:11:00,0 days 01:19:00,,0.32085561497326204,2025-09-05
1,40684,40725,25391.0,25421.0,,,30.0,0.0,0.0011815210113819141,2025-09-12 09:34:00,2025-09-12 10:15:00,0 days 00:41:00,,0.11815210113819857,2025-09-12
1,42168,42177,25763.0,25711.0,,,-52.0,0.0,-0.0020183984784380993,2025-09-19 09:13:00,2025-09-19 09:22:00,0 days 00:09:00,,-0.201839847843807,2025-09-19
1,42497,42576,25742.0,25870.0,,,128.0,0.0,0.004972418615492247,2025-09-22 09:41:00,2025-09-22 11:00:00,0 days 01:19:00,,0.49724186154921923,2025-09-22
1,42784,42888,26044.0,26260.0,,,216.0,0.0,0.008293656888342715,2025-09-23 09:27:00,2025-09-23 11:11:00,0 days 01:44:00,,0.8293656888342804,2025-09-23
-1,43991,44036,26005.0,25954.0,,,51.0,0.0,0.0019611613151316876,2025-09-30 09:30:00,2025-09-30 10:15:00,0 days 00:45:00,,0.19611613151317053,2025-09-30
1,44595,44631,26439.0,26462.0,,,23.0,0.0,0.0008699270017775707,2025-10-02 09:32:00,2025-10-02 10:08:00,0 days 00:36:00,,0.0869927001777677,2025-10-02
1,47307,47406,27480.0,27425.0,,,-55.0,0.0,-0.002001455604075719,2025-10-17 09:35:00,2025-10-17 11:14:00,0 days 01:39:00,,-0.20014556040756915,2025-10-17
1,47901,47978,27939.0,27963.0,,,24.0,0.0,0.0008590142811124579,2025-10-21 09:27:00,2025-10-21 10:44:00,0 days 01:17:00,,0.08590142811124235,2025-10-21
-1,48500,48562,27499.0,27540.0,,,-41.0,0.0,-0.0014909633077566653,2025-10-23 09:24:00,2025-10-23 10:26:00,0 days 01:02:00,,-0.1490963307756646,2025-10-23
1,48828,48846,28161.0,28122.0,,,-39.0,0.0,-0.0013848940023436507,2025-10-27 09:51:00,2025-10-27 10:09:00,0 days 00:18:00,,-0.13848940023436668,2025-10-27
1,49092,49174,28085.0,28095.0,,,10.0,0.0,0.00035606195478021796,2025-10-28 09:14:00,2025-10-28 10:36:00,0 days 01:22:00,,0.03560619547801318,2025-10-28
1,49396,49485,28305.0,28428.0,,,123.0,0.0,0.004345521992580759,2025-10-29 09:17:00,2025-10-29 10:46:00,0 days 01:29:00,,0.4345521992580816,2025-10-29
-1,50899,50949,27670.0,27526.0,,,144.0,0.0,0.005204192265992003,2025-11-05 09:15:00,2025-11-05 10:05:00,0 days 00:50:00,,0.5204192265992049,2025-11-05
-1,51204,51262,28005.0,27988.0,,,17.0,0.0,0.0006070344581324827,2025-11-06 09:19:00,2025-11-06 10:17:00,0 days 00:58:00,,0.06070344581324763,2025-11-06
1,51523,51546,27719.0,27700.0,,,-19.0,0.0,-0.0006854504130741068,2025-11-07 09:37:00,2025-11-07 10:00:00,0 days 00:23:00,,-0.06854504130740648,2025-11-07
-1,51852,51877,27856.0,27859.0,,,-3.0,0.0,-0.00010769672601962377,2025-11-10 10:05:00,2025-11-10 10:30:00,0 days 00:25:00,,-0.010769672601952902,2025-11-10
1,52113,52125,28130.0,28065.0,,,-65.0,0.0,-0.002310700319943071,2025-11-11 09:25:00,2025-11-11 09:37:00,0 days 00:12:00,,-0.23107003199431211,2025-11-11
-1,53050,53068,27486.0,27498.0,,,-12.0,0.0,-0.0004365858982755544,2025-11-14 09:59:00,2025-11-14 10:17:00,0 days 00:18:00,,-0.04365858982754857,2025-11-14
-1,53325,53401,27604.0,27601.0,,,3.0,0.0,0.00010867990146357087,2025-11-17 09:33:00,2025-11-17 10:49:00,0 days 01:16:00,,0.0108679901463556,2025-11-17
1,54248,54254,27410.0,27317.0,,,-93.0,0.0,-0.003392922291134637,2025-11-20 09:53:00,2025-11-20 09:59:00,0 days 00:06:00,,-0.33929222911346224,2025-11-20
1,55110,55129,27023.0,26941.0,,,-82.0,0.0,-0.0030344521333678376,2025-11-25 09:12:00,2025-11-25 09:31:00,0 days 00:19:00,,-0.3034452133367872,2025-11-25
1,55728,55811,27552.0,27620.0,,,68.0,0.0,0.0024680603948896707,2025-11-27 09:28:00,2025-11-27 10:51:00,0 days 01:23:00,,0.24680603948896632,2025-11-27
1,56963,56994,27797.0,27818.0,,,21.0,0.0,0.0007554772097708717,2025-12-03 09:59:00,2025-12-03 10:30:00,0 days 00:31:00,,0.07554772097708386,2025-12-03
1,57261,57277,27777.0,27743.0,,,-34.0,0.0,-0.0012240342729596954,2025-12-04 09:56:00,2025-12-04 10:12:00,0 days 00:16:00,,-0.12240342729596429,2025-12-04
1,58442,58455,28327.0,28267.0,,,-60.0,0.0,-0.0021181205210576426,2025-12-10 09:33:00,2025-12-10 09:46:00,0 days 00:13:00,,-0.21181205210576481,2025-12-10
1,58741,58759,28467.0,28408.0,,,-59.0,0.0,-0.0020725752625847527,2025-12-11 09:31:00,2025-12-11 09:49:00,0 days 00:18:00,,-0.20725752625847474,2025-12-11
-1,59344,59373,27873.0,27940.0,,,-67.0,0.0,-0.0024037599110249275,2025-12-15 09:32:00,2025-12-15 10:01:00,0 days 00:29:00,,-0.24037599110250063,2025-12-15
1,60556,60576,27860.0,27881.0,,,21.0,0.0,0.000753768844221181,2025-12-19 09:40:00,2025-12-19 10:00:00,0 days 00:20:00,,0.07537688442211055,2025-12-19
1,61464,61481,28499.0,28462.0,,,-37.0,0.0,-0.0012982911681111986,2025-12-24 09:45:00,2025-12-24 10:02:00,0 days 00:17:00,,-0.12982911681111617,2025-12-24
1,61760,61874,28554.0,28688.0,,,134.0,0.0,0.004692862646214158,2025-12-26 09:40:00,2025-12-26 11:34:00,0 days 01:54:00,,0.46928626462141904,2025-12-26
1,62650,62673,28849.0,28925.0,,,76.0,0.0,0.0026344067385351,2025-12-31 09:27:00,2025-12-31 09:50:00,0 days 00:23:00,,0.2634406738535131,2025-12-31
1,64747,64791,30709.0,30588.0,,,-121.0,0.0,-0.003940212966882628,2026-01-12 09:17:00,2026-01-12 10:01:00,0 days 00:44:00,,-0.3940212966882673,2026-01-12
1,65961,66092,31218.0,31404.0,,,186.0,0.0,0.005958101095521862,2026-01-16 09:27:00,2026-01-16 11:38:00,0 days 02:11:00,,0.5958101095521814,2026-01-16
1,66293,66380,31378.0,31506.0,,,128.0,0.0,0.004079291223149983,2026-01-19 09:58:00,2026-01-19 11:25:00,0 days 01:27:00,,0.4079291223149977,2026-01-19
1,67760,67844,32176.0,32140.0,,,-36.0,0.0,-0.0011188463451019537,2026-01-26 09:20:00,2026-01-26 10:44:00,0 days 01:24:00,,-0.11188463451019394,2026-01-26
1,69604,69614,32228.0,32131.0,,,-97.0,0.0,-0.003009805138388999,2026-02-03 09:58:00,2026-02-03 10:08:00,0 days 00:10:00,,-0.30098051383889785,2026-02-03
