Size,EntryBar,ExitBar,EntryPrice,ExitPrice,SL,TP,PnL,Commission,ReturnPct,EntryTime,ExitTime,Duration,Tag,trade_date,weekday,year,is_long,MAE,MFE,MAE_MFE_ratio,trend_regime
1,649,738,14870.0,14902.0,,,32.0,0.0,0.002151983860120943,2021-01-05 09:32:00,2021-01-05 11:01:00,0 days 01:29:00,,2021-01-05,1,2021,True,34.0,71.0,0.4788732394366197,with_trend
1,1254,1341,15056.0,15168.0,,,112.0,0.0,0.007438894792773709,2021-01-07 09:35:00,2021-01-07 11:02:00,0 days 01:27:00,,2021-01-07,3,2021,True,31.0,126.0,0.24603174603174602,with_trend
1,1578,1585,15309.0,15269.0,,,-40.0,0.0,-0.002612842119014913,2021-01-08 09:58:00,2021-01-08 10:05:00,0 days 00:07:00,,2021-01-08,4,2021,True,45.0,6.0,7.5,with_trend
1,2765,2873,15658.0,15698.0,,,40.0,0.0,0.0025546046749265194,2021-01-14 09:41:00,2021-01-14 11:29:00,0 days 01:48:00,,2021-01-14,3,2021,True,16.0,76.0,0.21052631578947367,with_trend
1,3035,3063,15892.0,15837.0,,,-55.0,0.0,-0.0034608608104707006,2021-01-15 09:10:00,2021-01-15 09:38:00,0 days 00:28:00,,2021-01-15,4,2021,True,60.0,46.0,1.3043478260869565,with_trend
1,3960,3971,15890.0,15830.0,,,-60.0,0.0,-0.0037759597230963005,2021-01-20 09:32:00,2021-01-20 09:43:00,0 days 00:11:00,,2021-01-20,2,2021,True,62.0,18.0,3.4444444444444446,with_trend
-1,5750,5774,15448.0,15518.0,,,-70.0,0.0,-0.004531330916623499,2021-01-28 09:16:00,2021-01-28 09:40:00,0 days 00:24:00,,2021-01-28,3,2021,False,75.0,8.0,9.375,with_trend
1,12718,12768,16197.0,16161.0,,,-36.0,0.0,-0.0022226338210780128,2021-03-12 10:01:00,2021-03-12 10:51:00,0 days 00:50:00,,2021-03-12,4,2021,True,39.0,35.0,1.1142857142857143,with_trend
1,13596,13661,16265.0,16304.0,,,39.0,0.0,0.0023977866584690144,2021-03-17 09:36:00,2021-03-17 10:41:00,0 days 01:05:00,,2021-03-17,2,2021,True,8.0,71.0,0.11267605633802817,with_trend
1,15986,16047,16369.0,16430.0,,,61.0,0.0,0.0037265562954365006,2021-03-29 09:18:00,2021-03-29 10:19:00,0 days 01:01:00,,2021-03-29,0,2021,True,12.0,81.0,0.14814814814814814,with_trend
1,20532,20567,17206.0,17171.0,,,-35.0,0.0,-0.002034174125305155,2021-04-21 09:49:00,2021-04-21 10:24:00,0 days 00:35:00,,2021-04-21,2,2021,True,56.0,6.0,9.333333333333334,against_trend
1,22303,22374,17624.0,17673.0,,,49.0,0.0,0.0027802995914660844,2021-04-29 09:14:00,2021-04-29 10:25:00,0 days 01:11:00,,2021-04-29,3,2021,True,49.0,78.0,0.6282051282051282,with_trend
-1,24416,24471,16943.0,16697.0,,,246.0,0.0,0.014519270495189751,2021-05-11 09:20:00,2021-05-11 10:15:00,0 days 00:55:00,,2021-05-11,1,2021,False,23.0,285.0,0.08070175438596491,with_trend
-1,25610,25637,15467.0,15674.0,,,-207.0,0.0,-0.013383332255770375,2021-05-17 09:10:00,2021-05-17 09:37:00,0 days 00:27:00,,2021-05-17,0,2021,False,211.0,26.0,8.115384615384615,with_trend
1,26228,26271,16129.0,15993.0,,,-136.0,0.0,-0.00843201686403372,2021-05-19 09:26:00,2021-05-19 10:09:00,0 days 00:43:00,,2021-05-19,2,2021,True,150.0,17.0,8.823529411764707,with_trend
1,26868,26897,16163.0,16102.0,,,-61.0,0.0,-0.0037740518468105666,2021-05-21 10:04:00,2021-05-21 10:33:00,0 days 00:29:00,,2021-05-21,4,2021,True,63.0,23.0,2.739130434782609,with_trend
1,28645,28688,16925.0,17064.0,,,139.0,0.0,0.008212703101920127,2021-05-31 09:35:00,2021-05-31 10:18:00,0 days 00:43:00,,2021-05-31,0,2021,True,20.0,154.0,0.12987012987012986,with_trend
-1,29863,29893,17121.0,17146.0,,,-25.0,0.0,-0.001460195082062965,2021-06-04 09:49:00,2021-06-04 10:19:00,0 days 00:30:00,,2021-06-04,4,2021,False,27.0,16.0,1.6875,with_trend
1,31646,31780,17343.0,17368.0,,,25.0,0.0,0.0014415037767399053,2021-06-15 09:26:00,2021-06-15 11:40:00,0 days 02:14:00,,2021-06-15,1,2021,True,67.0,49.0,1.3673469387755102,with_trend
-1,32579,32629,17293.0,17297.0,,,-4.0,0.0,-0.00023130746544852698,2021-06-18 09:56:00,2021-06-18 10:46:00,0 days 00:50:00,,2021-06-18,4,2021,False,25.0,31.0,0.8064516129032258,with_trend
1,37674,37724,17960.0,17993.0,,,33.0,0.0,0.001837416481069054,2021-07-13 09:34:00,2021-07-13 10:24:00,0 days 00:50:00,,2021-07-13,1,2021,True,18.0,70.0,0.2571428571428571,with_trend
1,41605,41618,17278.0,17226.0,,,-52.0,0.0,-0.003009607593471464,2021-07-30 09:52:00,2021-07-30 10:05:00,0 days 00:13:00,,2021-07-30,4,2021,True,53.0,21.0,2.5238095238095237,with_trend
1,42193,42216,17411.0,17381.0,,,-30.0,0.0,-0.0017230486474067996,2021-08-03 09:38:00,2021-08-03 10:01:00,0 days 00:23:00,,2021-08-03,1,2021,True,32.0,14.0,2.2857142857142856,with_trend
1,42800,42879,17546.0,17558.0,,,12.0,0.0,0.0006839165621794763,2021-08-05 09:43:00,2021-08-05 11:02:00,0 days 01:19:00,,2021-08-05,3,2021,True,26.0,38.0,0.6842105263157895,with_trend
-1,43395,43420,17301.0,17376.0,,,-75.0,0.0,-0.0043350095370209285,2021-08-09 09:36:00,2021-08-09 10:01:00,0 days 00:25:00,,2021-08-09,0,2021,False,76.0,7.0,10.857142857142858,with_trend
1,46723,46754,16759.0,16732.0,,,-27.0,0.0,-0.001611074646458599,2021-08-24 09:53:00,2021-08-24 10:24:00,0 days 00:31:00,,2021-08-24,1,2021,True,31.0,24.0,1.2916666666666667,with_trend
1,47917,48014,17237.0,17255.0,,,18.0,0.0,0.0010442652433717559,2021-08-30 09:43:00,2021-08-30 11:20:00,0 days 01:37:00,,2021-08-30,0,2021,True,17.0,77.0,0.22077922077922077,with_trend
1,48208,48219,17242.0,17203.0,,,-39.0,0.0,-0.002261918570931498,2021-08-31 09:33:00,2021-08-31 09:44:00,0 days 00:11:00,,2021-08-31,1,2021,True,42.0,10.0,4.2,with_trend
1,48514,48573,17414.0,17412.0,,,-2.0,0.0,-0.00011485012059264665,2021-09-01 09:38:00,2021-09-01 10:37:00,0 days 00:59:00,,2021-09-01,2,2021,True,29.0,62.0,0.46774193548387094,with_trend
1,53308,53367,17251.0,17319.0,,,68.0,0.0,0.003941800475334656,2021-09-27 09:16:00,2021-09-27 10:15:00,0 days 00:59:00,,2021-09-27,0,2021,True,21.0,93.0,0.22580645161290322,with_trend
-1,53616,53697,17092.0,17143.0,,,-51.0,0.0,-0.0029838520945471014,2021-09-28 09:23:00,2021-09-28 10:44:00,0 days 01:21:00,,2021-09-28,1,2021,False,68.0,27.0,2.5185185185185186,with_trend
-1,53940,53983,16823.0,16880.0,,,-57.0,0.0,-0.0033882185103726314,2021-09-29 09:46:00,2021-09-29 10:29:00,0 days 00:43:00,,2021-09-29,2,2021,False,69.0,23.0,3.0,with_trend
-1,55150,55187,16269.0,16295.0,,,-26.0,0.0,-0.0015981314155757431,2021-10-05 09:52:00,2021-10-05 10:29:00,0 days 00:37:00,,2021-10-05,1,2021,False,41.0,38.0,1.0789473684210527,with_trend
-1,56325,56367,16392.0,16413.0,,,-21.0,0.0,-0.0012811127379208642,2021-10-12 09:23:00,2021-10-12 10:05:00,0 days 00:42:00,,2021-10-12,1,2021,False,22.0,107.0,0.205607476635514,with_trend
1,58158,58225,16921.0,16930.0,,,9.0,0.0,0.0005318834584244758,2021-10-20 09:50:00,2021-10-20 10:57:00,0 days 01:07:00,,2021-10-20,2,2021,True,18.0,34.0,0.5294117647058824,with_trend
-1,59049,59086,16801.0,16795.0,,,6.0,0.0,0.0003571215999047528,2021-10-25 09:38:00,2021-10-25 10:15:00,0 days 00:37:00,,2021-10-25,0,2021,False,41.0,70.0,0.5857142857142857,with_trend
1,59375,59497,16970.0,17046.0,,,76.0,0.0,0.004478491455509825,2021-10-26 10:03:00,2021-10-26 12:05:00,0 days 02:02:00,,2021-10-26,1,2021,True,12.0,103.0,0.11650485436893204,with_trend
1,60855,60882,17180.0,17168.0,,,-12.0,0.0,-0.0006984866123399547,2021-11-02 09:38:00,2021-11-02 10:05:00,0 days 00:27:00,,2021-11-02,1,2021,True,16.0,19.0,0.8421052631578947,with_trend
1,62360,62405,17550.0,17558.0,,,8.0,0.0,0.0004558404558403506,2021-11-09 09:38:00,2021-11-09 10:23:00,0 days 00:45:00,,2021-11-09,1,2021,True,38.0,41.0,0.926829268292683,with_trend
-1,62964,63003,17481.0,17494.0,,,-13.0,0.0,-0.0007436645500829009,2021-11-11 09:40:00,2021-11-11 10:19:00,0 days 00:39:00,,2021-11-11,3,2021,False,16.0,17.0,0.9411764705882353,with_trend
1,63581,63644,17675.0,17640.0,,,-35.0,0.0,-0.001980198019801982,2021-11-15 09:55:00,2021-11-15 10:58:00,0 days 01:03:00,,2021-11-15,0,2021,True,41.0,9.0,4.555555555555555,with_trend
1,64141,64333,17715.0,17742.0,,,27.0,0.0,0.0015241320914478607,2021-11-17 09:13:00,2021-11-17 12:25:00,0 days 03:12:00,,2021-11-17,2,2021,True,37.0,46.0,0.8043478260869565,with_trend
1,64476,64498,17813.0,17777.0,,,-36.0,0.0,-0.002020995901869438,2021-11-18 09:47:00,2021-11-18 10:09:00,0 days 00:22:00,,2021-11-18,3,2021,True,39.0,17.0,2.2941176470588234,with_trend
1,64766,64805,17902.0,17869.0,,,-33.0,0.0,-0.001843369455926669,2021-11-19 09:36:00,2021-11-19 10:15:00,0 days 00:39:00,,2021-11-19,4,2021,True,40.0,11.0,3.6363636363636362,with_trend
-1,65379,65415,17735.0,17712.0,,,23.0,0.0,0.0012968705948689374,2021-11-23 09:47:00,2021-11-23 10:23:00,0 days 00:36:00,,2021-11-23,1,2021,False,7.0,54.0,0.12962962962962962,with_trend
-1,66587,66632,17343.0,17392.0,,,-49.0,0.0,-0.00282534740241025,2021-11-29 09:51:00,2021-11-29 10:36:00,0 days 00:45:00,,2021-11-29,0,2021,False,51.0,16.0,3.1875,with_trend
1,66898,66923,17493.0,17476.0,,,-17.0,0.0,-0.0009718172983479434,2021-11-30 10:01:00,2021-11-30 10:26:00,0 days 00:25:00,,2021-11-30,1,2021,True,18.0,29.0,0.6206896551724138,with_trend
1,67167,67196,17375.0,17432.0,,,57.0,0.0,0.0032805755395683978,2021-12-01 09:29:00,2021-12-01 09:58:00,0 days 00:29:00,,2021-12-01,2,2021,True,9.0,82.0,0.10975609756097561,with_trend
1,67774,67845,17657.0,17679.0,,,22.0,0.0,0.0012459647731777324,2021-12-03 09:34:00,2021-12-03 10:45:00,0 days 01:11:00,,2021-12-03,4,2021,True,36.0,53.0,0.6792452830188679,with_trend
-1,68094,68113,17649.0,17655.0,,,-6.0,0.0,-0.00033996260411361945,2021-12-06 09:53:00,2021-12-06 10:12:00,0 days 00:19:00,,2021-12-06,0,2021,False,10.0,21.0,0.47619047619047616,with_trend
1,68704,68769,17923.0,17910.0,,,-13.0,0.0,-0.0007253250013948831,2021-12-08 10:01:00,2021-12-08 11:06:00,0 days 01:05:00,,2021-12-08,2,2021,True,21.0,19.0,1.105263157894737,with_trend
-1,69299,69317,17856.0,17858.0,,,-2.0,0.0,-0.00011200716845882752,2021-12-10 09:54:00,2021-12-10 10:12:00,0 days 00:18:00,,2021-12-10,4,2021,False,6.0,21.0,0.2857142857142857,with_trend
-1,69884,69987,17666.0,17634.0,,,32.0,0.0,0.0018113891090230094,2021-12-14 09:37:00,2021-12-14 11:20:00,0 days 01:43:00,,2021-12-14,1,2021,False,18.0,83.0,0.21686746987951808,with_trend
-1,70197,70266,17606.0,17634.0,,,-28.0,0.0,-0.0015903669203680693,2021-12-15 09:49:00,2021-12-15 10:58:00,0 days 01:09:00,,2021-12-15,2,2021,False,34.0,13.0,2.6153846153846154,with_trend
1,70503,70595,17683.0,17731.0,,,48.0,0.0,0.0027144715263247576,2021-12-16 09:54:00,2021-12-16 11:26:00,0 days 01:32:00,,2021-12-16,3,2021,True,12.0,79.0,0.1518987341772152,against_trend
1,70791,70812,17761.0,17766.0,,,5.0,0.0,0.00028151568042344977,2021-12-17 09:41:00,2021-12-17 10:02:00,0 days 00:21:00,,2021-12-17,4,2021,True,5.0,23.0,0.21739130434782608,with_trend
1,71698,71733,17807.0,17801.0,,,-6.0,0.0,-0.00033694614477453033,2021-12-22 09:45:00,2021-12-22 10:20:00,0 days 00:35:00,,2021-12-22,2,2021,True,12.0,15.0,0.8,with_trend
1,73809,73837,18278.0,18266.0,,,-12.0,0.0,-0.0006565269723164402,2022-01-03 09:49:00,2022-01-03 10:17:00,0 days 00:28:00,,2022-01-03,0,2022,True,24.0,6.0,4.0,with_trend
1,74399,74464,18506.0,18503.0,,,-3.0,0.0,-0.00016210958608020576,2022-01-05 09:37:00,2022-01-05 10:42:00,0 days 01:05:00,,2022-01-05,2,2022,True,27.0,23.0,1.173913043478261,with_trend
-1,74692,74820,18400.0,18319.0,,,81.0,0.0,0.004402173913043428,2022-01-06 09:29:00,2022-01-06 11:37:00,0 days 02:08:00,,2022-01-06,3,2022,False,19.0,135.0,0.14074074074074075,with_trend
-1,75303,75318,18163.0,18220.0,,,-57.0,0.0,-0.003138248086769879,2022-01-10 09:38:00,2022-01-10 09:53:00,0 days 00:15:00,,2022-01-10,0,2022,False,58.0,12.0,4.833333333333333,with_trend
1,75906,75916,18338.0,18297.0,,,-41.0,0.0,-0.002235794525029977,2022-01-12 09:39:00,2022-01-12 09:49:00,0 days 00:10:00,,2022-01-12,2,2022,True,43.0,5.0,8.6,with_trend
1,76188,76239,18386.0,18397.0,,,11.0,0.0,0.0005982813009899335,2022-01-13 09:20:00,2022-01-13 10:11:00,0 days 00:51:00,,2022-01-13,3,2022,True,10.0,99.0,0.10101010101010101,with_trend
-1,78339,78376,17812.0,17847.0,,,-35.0,0.0,-0.0019649674376824855,2022-01-24 10:04:00,2022-01-24 10:41:00,0 days 00:37:00,,2022-01-24,0,2022,False,37.0,11.0,3.3636363636363638,with_trend
1,79224,79282,17741.0,17721.0,,,-20.0,0.0,-0.0011273321684234228,2022-02-07 09:46:00,2022-02-07 10:44:00,0 days 00:58:00,,2022-02-07,0,2022,True,21.0,35.0,0.6,with_trend
1,79513,79544,17997.0,18007.0,,,10.0,0.0,0.0005556481635828892,2022-02-08 09:34:00,2022-02-08 10:05:00,0 days 00:31:00,,2022-02-08,1,2022,True,14.0,48.0,0.2916666666666667,with_trend
1,79804,79847,18074.0,18075.0,,,1.0,0.0,5.532809560704344e-05,2022-02-09 09:24:00,2022-02-09 10:07:00,0 days 00:43:00,,2022-02-09,2,2022,True,10.0,31.0,0.3225806451612903,with_trend
1,80115,80154,18156.0,18154.0,,,-2.0,0.0,-0.00011015642211942289,2022-02-10 09:34:00,2022-02-10 10:13:00,0 days 00:39:00,,2022-02-10,3,2022,True,7.0,34.0,0.20588235294117646,with_trend
1,80405,80483,18235.0,18256.0,,,21.0,0.0,0.001151631477926962,2022-02-11 09:23:00,2022-02-11 10:41:00,0 days 01:18:00,,2022-02-11,4,2022,True,23.0,48.0,0.4791666666666667,with_trend
-1,81915,81920,18117.0,18165.0,,,-48.0,0.0,-0.002649445272396189,2022-02-18 09:28:00,2022-02-18 09:33:00,0 days 00:05:00,,2022-02-18,4,2022,False,51.0,5.0,10.2,with_trend
-1,82221,82282,18147.0,18190.0,,,-43.0,0.0,-0.0023695376646277744,2022-02-21 09:33:00,2022-02-21 10:34:00,0 days 01:01:00,,2022-02-21,0,2022,False,48.0,11.0,4.363636363636363,with_trend
-1,82817,82932,17998.0,17981.0,,,17.0,0.0,0.0009445493943771588,2022-02-23 09:27:00,2022-02-23 11:22:00,0 days 01:55:00,,2022-02-23,2,2022,False,14.0,57.0,0.24561403508771928,with_trend
-1,83145,83189,17813.0,17829.0,,,-16.0,0.0,-0.0008982204008307626,2022-02-24 09:54:00,2022-02-24 10:38:00,0 days 00:44:00,,2022-02-24,3,2022,False,29.0,33.0,0.8787878787878788,with_trend
1,84336,84433,17888.0,17897.0,,,9.0,0.0,0.0005031305903397953,2022-03-03 09:41:00,2022-03-03 11:18:00,0 days 01:37:00,,2022-03-03,3,2022,True,22.0,42.0,0.5238095238095238,with_trend
-1,84623,84692,17711.0,17780.0,,,-69.0,0.0,-0.003895883913951792,2022-03-04 09:27:00,2022-03-04 10:36:00,0 days 01:09:00,,2022-03-04,4,2022,False,70.0,14.0,5.0,with_trend
-1,85213,85321,17020.0,16821.0,,,199.0,0.0,0.011692126909518263,2022-03-08 09:15:00,2022-03-08 11:03:00,0 days 01:48:00,,2022-03-08,1,2022,False,38.0,270.0,0.14074074074074075,with_trend
-1,85533,85544,16930.0,16981.0,,,-51.0,0.0,-0.0030124040165386834,2022-03-09 09:34:00,2022-03-09 09:45:00,0 days 00:11:00,,2022-03-09,2,2022,False,53.0,6.0,8.833333333333334,with_trend
1,86130,86204,17288.0,17247.0,,,-41.0,0.0,-0.0023715872281351302,2022-03-11 09:29:00,2022-03-11 10:43:00,0 days 01:14:00,,2022-03-11,4,2022,True,47.0,6.0,7.833333333333333,with_trend
-1,87065,87138,16961.0,16854.0,,,107.0,0.0,0.006308590295383554,2022-03-16 10:01:00,2022-03-16 11:14:00,0 days 01:13:00,,2022-03-16,2,2022,False,11.0,145.0,0.07586206896551724,with_trend
1,87928,88019,17528.0,17530.0,,,2.0,0.0,0.00011410314924686915,2022-03-21 09:21:00,2022-03-21 10:52:00,0 days 01:31:00,,2022-03-21,0,2022,True,44.0,49.0,0.8979591836734694,with_trend
1,88268,88294,17514.0,17498.0,,,-16.0,0.0,-0.0009135548703893548,2022-03-22 10:00:00,2022-03-22 10:26:00,0 days 00:26:00,,2022-03-22,1,2022,True,19.0,10.0,1.9,with_trend
1,88828,88884,17583.0,17588.0,,,5.0,0.0,0.0002843655803901335,2022-03-24 09:18:00,2022-03-24 10:14:00,0 days 00:56:00,,2022-03-24,3,2022,True,35.0,46.0,0.7608695652173914,against_trend
-1,89726,89772,17534.0,17565.0,,,-31.0,0.0,-0.0017679936124102014,2022-03-29 09:13:00,2022-03-29 09:59:00,0 days 00:46:00,,2022-03-29,1,2022,False,43.0,30.0,1.4333333333333333,with_trend
1,90340,90417,17708.0,17723.0,,,15.0,0.0,0.0008470747684661273,2022-03-31 09:25:00,2022-03-31 10:42:00,0 days 01:17:00,,2022-03-31,3,2022,True,23.0,35.0,0.6571428571428571,with_trend
-1,90636,90677,17484.0,17524.0,,,-40.0,0.0,-0.0022878059940516504,2022-04-01 09:20:00,2022-04-01 10:01:00,0 days 00:41:00,,2022-04-01,4,2022,False,40.0,4.0,10.0,with_trend
-1,90942,90980,17391.0,17394.0,,,-3.0,0.0,-0.0001725030188028942,2022-04-06 09:25:00,2022-04-06 10:03:00,0 days 00:38:00,,2022-04-06,2,2022,False,14.0,31.0,0.45161290322580644,with_trend
-1,91265,91369,17368.0,17248.0,,,120.0,0.0,0.00690925840626444,2022-04-07 09:47:00,2022-04-07 11:31:00,0 days 01:44:00,,2022-04-07,3,2022,False,11.0,135.0,0.08148148148148149,with_trend
-1,91569,91623,17218.0,17246.0,,,-28.0,0.0,-0.0016262051341620065,2022-04-08 09:50:00,2022-04-08 10:44:00,0 days 00:54:00,,2022-04-08,4,2022,False,29.0,28.0,1.0357142857142858,with_trend
-1,92133,92156,16979.0,17044.0,,,-65.0,0.0,-0.0038282584368927175,2022-04-12 09:12:00,2022-04-12 09:35:00,0 days 00:23:00,,2022-04-12,1,2022,False,66.0,23.0,2.869565217391304,with_trend
1,92747,92825,17281.0,17270.0,,,-11.0,0.0,-0.0006365372374284028,2022-04-14 09:24:00,2022-04-14 10:42:00,0 days 01:18:00,,2022-04-14,3,2022,True,25.0,35.0,0.7142857142857143,with_trend
-1,93338,93427,16942.0,16824.0,,,118.0,0.0,0.006964939204344267,2022-04-18 09:13:00,2022-04-18 10:42:00,0 days 01:29:00,,2022-04-18,0,2022,False,53.0,129.0,0.4108527131782946,with_trend
-1,94585,94627,16930.0,16954.0,,,-24.0,0.0,-0.0014176018901359555,2022-04-22 09:56:00,2022-04-22 10:38:00,0 days 00:42:00,,2022-04-22,4,2022,False,26.0,7.0,3.7142857142857144,with_trend
-1,95457,95543,16296.0,16283.0,,,13.0,0.0,0.0007977417771232176,2022-04-27 09:25:00,2022-04-27 10:51:00,0 days 01:26:00,,2022-04-27,2,2022,False,22.0,136.0,0.16176470588235295,with_trend
1,96052,96107,16582.0,16562.0,,,-20.0,0.0,-0.0012061271257990391,2022-04-29 09:18:00,2022-04-29 10:13:00,0 days 00:55:00,,2022-04-29,4,2022,True,21.0,53.0,0.39622641509433965,with_trend
1,96355,96429,16492.0,16473.0,,,-19.0,0.0,-0.0011520737327188613,2022-05-03 09:20:00,2022-05-03 10:34:00,0 days 01:14:00,,2022-05-03,1,2022,True,35.0,27.0,1.2962962962962963,with_trend
-1,96649,96714,16572.0,16570.0,,,2.0,0.0,0.0001206854936036672,2022-05-04 09:13:00,2022-05-04 10:18:00,0 days 01:05:00,,2022-05-04,2,2022,False,7.0,36.0,0.19444444444444445,against_trend
1,96993,97017,16717.0,16705.0,,,-12.0,0.0,-0.0007178321469163418,2022-05-05 09:56:00,2022-05-05 10:20:00,0 days 00:24:00,,2022-05-05,3,2022,True,12.0,16.0,0.75,with_trend
-1,98495,98514,15873.0,15884.0,,,-11.0,0.0,-0.0006930006930006005,2022-05-12 09:53:00,2022-05-12 10:12:00,0 days 00:19:00,,2022-05-12,3,2022,False,11.0,18.0,0.6111111111111112,with_trend
1,99083,99104,15994.0,15957.0,,,-37.0,0.0,-0.0023133675128172992,2022-05-16 09:39:00,2022-05-16 10:00:00,0 days 00:21:00,,2022-05-16,0,2022,True,39.0,10.0,3.9,with_trend
1,99695,99742,16112.0,16156.0,,,44.0,0.0,0.0027308838133068836,2022-05-18 09:49:00,2022-05-18 10:36:00,0 days 00:47:00,,2022-05-18,2,2022,True,5.0,63.0,0.07936507936507936,with_trend
-1,100283,100354,16091.0,16115.0,,,-24.0,0.0,-0.0014915169970790565,2022-05-20 09:35:00,2022-05-20 10:46:00,0 days 01:11:00,,2022-05-20,4,2022,False,33.0,29.0,1.1379310344827587,against_trend
1,100570,100613,16187.0,16118.0,,,-69.0,0.0,-0.004262679928337509,2022-05-23 09:21:00,2022-05-23 10:04:00,0 days 00:43:00,,2022-05-23,0,2022,True,73.0,10.0,7.3,with_trend
1,100869,100911,16110.0,16098.0,,,-12.0,0.0,-0.0007448789571694592,2022-05-24 09:19:00,2022-05-24 10:01:00,0 days 00:42:00,,2022-05-24,1,2022,True,16.0,35.0,0.45714285714285713,with_trend
-1,101203,101214,16010.0,16044.0,,,-34.0,0.0,-0.0021236727045597092,2022-05-25 09:52:00,2022-05-25 10:03:00,0 days 00:11:00,,2022-05-25,2,2022,False,35.0,3.0,11.666666666666666,with_trend
1,102388,102463,16477.0,16565.0,,,88.0,0.0,0.005340778054257367,2022-05-31 09:33:00,2022-05-31 10:48:00,0 days 01:15:00,,2022-05-31,1,2022,True,14.0,102.0,0.13725490196078433,with_trend
1,104202,104276,16559.0,16577.0,,,18.0,0.0,0.001087022163174023,2022-06-09 09:41:00,2022-06-09 10:55:00,0 days 01:14:00,,2022-06-09,3,2022,True,16.0,40.0,0.4,against_trend
-1,104482,104504,16391.0,16436.0,,,-45.0,0.0,-0.002745409065950888,2022-06-10 09:20:00,2022-06-10 09:42:00,0 days 00:22:00,,2022-06-10,4,2022,False,49.0,11.0,4.454545454545454,with_trend
-1,104808,104848,16045.0,16035.0,,,10.0,0.0,0.0006232471174820731,2022-06-13 09:45:00,2022-06-13 10:25:00,0 days 00:40:00,,2022-06-13,0,2022,False,13.0,52.0,0.25,with_trend
1,105413,105451,16076.0,16047.0,,,-29.0,0.0,-0.001803931326200492,2022-06-15 09:48:00,2022-06-15 10:26:00,0 days 00:38:00,,2022-06-15,2,2022,True,30.0,2.0,15.0,with_trend
-1,106004,106112,15257.0,15201.0,,,56.0,0.0,0.003670446352493917,2022-06-17 09:37:00,2022-06-17 11:25:00,0 days 01:48:00,,2022-06-17,4,2022,False,43.0,104.0,0.41346153846153844,with_trend
1,106900,106913,15219.0,15156.0,,,-63.0,0.0,-0.004139562389118834,2022-06-22 09:30:00,2022-06-22 09:43:00,0 days 00:13:00,,2022-06-22,2,2022,True,63.0,5.0,12.6,with_trend
-1,107509,107548,15103.0,15116.0,,,-13.0,0.0,-0.0008607561411639875,2022-06-24 09:37:00,2022-06-24 10:16:00,0 days 00:39:00,,2022-06-24,4,2022,False,35.0,22.0,1.5909090909090908,against_trend
1,107825,107893,15317.0,15381.0,,,64.0,0.0,0.004178363909381755,2022-06-27 09:52:00,2022-06-27 11:00:00,0 days 01:08:00,,2022-06-27,0,2022,True,5.0,83.0,0.060240963855421686,with_trend
-1,108408,108471,15082.0,15105.0,,,-23.0,0.0,-0.0015249966847898921,2022-06-29 09:33:00,2022-06-29 10:36:00,0 days 01:03:00,,2022-06-29,2,2022,False,32.0,35.0,0.9142857142857143,with_trend
1,110838,110877,14306.0,14282.0,,,-24.0,0.0,-0.0016776177827484418,2022-07-11 09:55:00,2022-07-11 10:34:00,0 days 00:39:00,,2022-07-11,0,2022,True,49.0,28.0,1.75,with_trend
-1,111128,111151,14012.0,13975.0,,,37.0,0.0,0.002640593776762734,2022-07-12 09:44:00,2022-07-12 10:07:00,0 days 00:23:00,,2022-07-12,1,2022,False,10.0,77.0,0.12987012987012986,with_trend
-1,111420,111493,14266.0,14291.0,,,-25.0,0.0,-0.0017524183373054392,2022-07-13 09:35:00,2022-07-13 10:48:00,0 days 01:13:00,,2022-07-13,2,2022,False,53.0,26.0,2.0384615384615383,against_trend
1,112330,112375,14606.0,14593.0,,,-13.0,0.0,-0.0008900451869094939,2022-07-18 09:42:00,2022-07-18 10:27:00,0 days 00:45:00,,2022-07-18,0,2022,True,16.0,60.0,0.26666666666666666,with_trend
1,112909,112957,14874.0,14856.0,,,-18.0,0.0,-0.0012101653892698794,2022-07-20 09:19:00,2022-07-20 10:07:00,0 days 00:48:00,,2022-07-20,2,2022,True,36.0,11.0,3.272727272727273,with_trend
-1,113510,113524,14760.0,14808.0,,,-48.0,0.0,-0.003252032520325132,2022-07-22 09:18:00,2022-07-22 09:32:00,0 days 00:14:00,,2022-07-22,4,2022,False,48.0,5.0,9.6,against_trend
-1,114457,114504,14667.0,14655.0,,,12.0,0.0,0.0008181632235630953,2022-07-27 10:02:00,2022-07-27 10:49:00,0 days 00:47:00,,2022-07-27,2,2022,False,12.0,52.0,0.23076923076923078,with_trend
1,114708,114736,14888.0,14828.0,,,-60.0,0.0,-0.004030091348737219,2022-07-28 09:12:00,2022-07-28 09:40:00,0 days 00:28:00,,2022-07-28,3,2022,True,62.0,5.0,12.4,with_trend
1,115024,115073,14939.0,14952.0,,,13.0,0.0,0.0008702055023763755,2022-07-29 09:27:00,2022-07-29 10:16:00,0 days 00:49:00,,2022-07-29,4,2022,True,26.0,49.0,0.5306122448979592,with_trend
-1,115621,115660,14689.0,14639.0,,,50.0,0.0,0.0034039076860234996,2022-08-02 09:22:00,2022-08-02 10:01:00,0 days 00:39:00,,2022-08-02,1,2022,False,20.0,100.0,0.2,with_trend
-1,115913,115960,14706.0,14674.0,,,32.0,0.0,0.0021759825921392473,2022-08-03 09:13:00,2022-08-03 10:00:00,0 days 00:47:00,,2022-08-03,2,2022,False,21.0,86.0,0.2441860465116279,with_trend
1,116551,116599,14950.0,14971.0,,,21.0,0.0,0.001404682274247504,2022-08-05 09:49:00,2022-08-05 10:37:00,0 days 00:48:00,,2022-08-05,4,2022,True,16.0,28.0,0.5714285714285714,with_trend
-1,117433,117496,14898.0,14921.0,,,-23.0,0.0,-0.0015438313867632836,2022-08-10 09:28:00,2022-08-10 10:31:00,0 days 01:03:00,,2022-08-10,2,2022,False,27.0,18.0,1.5,with_trend
1,117728,117845,15120.0,15155.0,,,35.0,0.0,0.0023148148148148806,2022-08-11 09:22:00,2022-08-11 11:19:00,0 days 01:57:00,,2022-08-11,3,2022,True,20.0,71.0,0.28169014084507044,with_trend
1,118655,118707,15405.0,15424.0,,,19.0,0.0,0.001233365790327845,2022-08-16 09:46:00,2022-08-16 10:38:00,0 days 00:52:00,,2022-08-16,1,2022,True,8.0,45.0,0.17777777777777778,with_trend
-1,119567,119585,15317.0,15343.0,,,-26.0,0.0,-0.0016974603381862963,2022-08-19 09:55:00,2022-08-19 10:13:00,0 days 00:18:00,,2022-08-19,4,2022,False,27.0,5.0,5.4,with_trend
-1,120139,120209,15098.0,15057.0,,,41.0,0.0,0.0027155914690687455,2022-08-23 09:25:00,2022-08-23 10:35:00,0 days 01:10:00,,2022-08-23,1,2022,False,9.0,76.0,0.11842105263157894,with_trend
1,121029,121050,15287.0,15261.0,,,-26.0,0.0,-0.001700791522208367,2022-08-26 09:12:00,2022-08-26 09:33:00,0 days 00:21:00,,2022-08-26,4,2022,True,26.0,9.0,2.888888888888889,with_trend
-1,121378,121401,14822.0,14854.0,,,-32.0,0.0,-0.0021589529078396286,2022-08-29 10:00:00,2022-08-29 10:23:00,0 days 00:23:00,,2022-08-29,0,2022,False,34.0,7.0,4.857142857142857,with_trend
-1,121647,121688,14895.0,14871.0,,,24.0,0.0,0.00161127895266866,2022-08-30 09:28:00,2022-08-30 10:09:00,0 days 00:41:00,,2022-08-30,1,2022,False,11.0,58.0,0.1896551724137931,with_trend
-1,122582,122594,14713.0,14667.0,,,46.0,0.0,0.0031264867803982854,2022-09-02 10:00:00,2022-09-02 10:12:00,0 days 00:12:00,,2022-09-02,4,2022,False,20.0,56.0,0.35714285714285715,with_trend
-1,122881,122894,14615.0,14638.0,,,-23.0,0.0,-0.0015737256243586462,2022-09-05 09:58:00,2022-09-05 10:11:00,0 days 00:13:00,,2022-09-05,0,2022,False,25.0,14.0,1.7857142857142858,with_trend
-1,123778,123798,14413.0,14449.0,,,-36.0,0.0,-0.0024977450912371246,2022-09-08 09:52:00,2022-09-08 10:12:00,0 days 00:20:00,,2022-09-08,3,2022,False,36.0,3.0,12.0,with_trend
-1,124949,124961,14591.0,14620.0,,,-29.0,0.0,-0.001987526557466923,2022-09-15 09:19:00,2022-09-15 09:31:00,0 days 00:12:00,,2022-09-15,3,2022,False,29.0,20.0,1.45,with_trend
1,125849,125874,14498.0,14471.0,,,-27.0,0.0,-0.0018623258380465746,2022-09-20 09:16:00,2022-09-20 09:41:00,0 days 00:25:00,,2022-09-20,1,2022,True,29.0,4.0,7.25,with_trend
-1,126480,126494,14127.0,14151.0,,,-24.0,0.0,-0.0016988744956465407,2022-09-22 09:45:00,2022-09-22 09:59:00,0 days 00:14:00,,2022-09-22,3,2022,False,25.0,2.0,12.5,with_trend
-1,126753,126831,14211.0,14137.0,,,74.0,0.0,0.005207233832946301,2022-09-23 09:17:00,2022-09-23 10:35:00,0 days 01:18:00,,2022-09-23,4,2022,False,17.0,85.0,0.2,with_trend
-1,127372,127417,13807.0,13756.0,,,51.0,0.0,0.0036937785181430094,2022-09-27 09:34:00,2022-09-27 10:19:00,0 days 00:45:00,,2022-09-27,1,2022,False,7.0,72.0,0.09722222222222222,with_trend
-1,127649,127672,13821.0,13698.0,,,123.0,0.0,0.008899500759713463,2022-09-28 09:10:00,2022-09-28 09:33:00,0 days 00:23:00,,2022-09-28,2,2022,False,16.0,148.0,0.10810810810810811,with_trend
-1,127969,128026,13641.0,13535.0,,,106.0,0.0,0.007770691298291887,2022-09-29 09:29:00,2022-09-29 10:26:00,0 days 00:57:00,,2022-09-29,3,2022,False,18.0,125.0,0.144,with_trend
-1,128287,128292,13376.0,13439.0,,,-63.0,0.0,-0.004709928229664984,2022-09-30 09:46:00,2022-09-30 09:51:00,0 days 00:05:00,,2022-09-30,4,2022,False,63.0,2.0,31.5,with_trend
-1,128598,128616,13348.0,13401.0,,,-53.0,0.0,-0.003970632304465038,2022-10-03 09:56:00,2022-10-03 10:14:00,0 days 00:18:00,,2022-10-03,0,2022,False,55.0,2.0,27.5,with_trend
1,129472,129514,13856.0,13845.0,,,-11.0,0.0,-0.0007938799076212533,2022-10-06 09:27:00,2022-10-06 10:09:00,0 days 00:42:00,,2022-10-06,3,2022,True,23.0,22.0,1.0454545454545454,with_trend
-1,130401,130440,13039.0,13035.0,,,4.0,0.0,0.0003067719917171363,2022-10-12 09:53:00,2022-10-12 10:32:00,0 days 00:39:00,,2022-10-12,2,2022,False,22.0,52.0,0.4230769230769231,with_trend
1,132783,132828,12972.0,12935.0,,,-37.0,0.0,-0.002852297255627523,2022-10-24 09:27:00,2022-10-24 10:12:00,0 days 00:45:00,,2022-10-24,0,2022,True,38.0,70.0,0.5428571428571428,with_trend
-1,133399,133435,12714.0,12733.0,,,-19.0,0.0,-0.0014944156048450896,2022-10-26 09:41:00,2022-10-26 10:17:00,0 days 00:36:00,,2022-10-26,2,2022,False,29.0,19.0,1.5263157894736843,with_trend
1,133723,133739,12951.0,12936.0,,,-15.0,0.0,-0.0011582117211026421,2022-10-27 10:04:00,2022-10-27 10:20:00,0 days 00:16:00,,2022-10-27,3,2022,True,15.0,21.0,0.7142857142857143,with_trend
1,133981,133996,12879.0,12840.0,,,-39.0,0.0,-0.003028185418122553,2022-10-28 09:21:00,2022-10-28 09:36:00,0 days 00:15:00,,2022-10-28,4,2022,True,47.0,17.0,2.764705882352941,with_trend
-1,134313,134322,12931.0,12974.0,,,-43.0,0.0,-0.0033253422009125178,2022-10-31 09:52:00,2022-10-31 10:01:00,0 days 00:09:00,,2022-10-31,0,2022,False,47.0,5.0,9.4,against_trend
-1,135204,135243,12956.0,12958.0,,,-2.0,0.0,-0.00015436863229401077,2022-11-03 09:40:00,2022-11-03 10:19:00,0 days 00:39:00,,2022-11-03,3,2022,False,13.0,41.0,0.3170731707317073,with_trend
-1,135526,135555,12931.0,12965.0,,,-34.0,0.0,-0.0026293403449075825,2022-11-04 10:01:00,2022-11-04 10:30:00,0 days 00:29:00,,2022-11-04,4,2022,False,36.0,13.0,2.769230769230769,with_trend
1,136116,136135,13364.0,13364.0,,,0.0,0.0,0.0,2022-11-08 09:49:00,2022-11-08 10:08:00,0 days 00:19:00,,2022-11-08,1,2022,True,7.0,24.0,0.2916666666666667,with_trend
1,136718,136742,13514.0,13485.0,,,-29.0,0.0,-0.0021459227467811592,2022-11-10 09:49:00,2022-11-10 10:13:00,0 days 00:24:00,,2022-11-10,3,2022,True,34.0,17.0,2.0,with_trend
1,136999,137124,13940.0,13995.0,,,55.0,0.0,0.003945480631276865,2022-11-11 09:29:00,2022-11-11 11:34:00,0 days 02:05:00,,2022-11-11,4,2022,True,44.0,77.0,0.5714285714285714,with_trend
1,137287,137325,14125.0,14081.0,,,-44.0,0.0,-0.003115044247787635,2022-11-14 09:16:00,2022-11-14 09:54:00,0 days 00:38:00,,2022-11-14,0,2022,True,44.0,24.0,1.8333333333333333,with_trend
1,137897,137981,14498.0,14600.0,,,102.0,0.0,0.007035453165953998,2022-11-16 09:24:00,2022-11-16 10:48:00,0 days 01:24:00,,2022-11-16,2,2022,True,18.0,154.0,0.11688311688311688,with_trend
1,138204,138244,14429.0,14394.0,,,-35.0,0.0,-0.002425670524637935,2022-11-17 09:30:00,2022-11-17 10:10:00,0 days 00:40:00,,2022-11-17,3,2022,True,35.0,12.0,2.9166666666666665,with_trend
-1,139111,139152,14450.0,14431.0,,,19.0,0.0,0.0013148788927335175,2022-11-22 09:34:00,2022-11-22 10:15:00,0 days 00:41:00,,2022-11-22,1,2022,False,9.0,71.0,0.1267605633802817,with_trend
1,139390,139444,14597.0,14557.0,,,-40.0,0.0,-0.0027402891005000596,2022-11-23 09:12:00,2022-11-23 10:06:00,0 days 00:54:00,,2022-11-23,2,2022,True,41.0,8.0,5.125,with_trend
1,140020,140046,14739.0,14767.0,,,28.0,0.0,0.0018997218264469318,2022-11-25 09:40:00,2022-11-25 10:06:00,0 days 00:26:00,,2022-11-25,4,2022,True,9.0,59.0,0.15254237288135594,with_trend
-1,140616,140623,14500.0,14543.0,,,-43.0,0.0,-0.0029655172413793895,2022-11-29 09:34:00,2022-11-29 09:41:00,0 days 00:07:00,,2022-11-29,1,2022,False,43.0,3.0,14.333333333333334,with_trend
1,141244,141276,15018.0,15017.0,,,-1.0,0.0,-6.658676255155704e-05,2022-12-01 10:00:00,2022-12-01 10:32:00,0 days 00:32:00,,2022-12-01,3,2022,True,18.0,24.0,0.75,with_trend
-1,142406,142415,14678.0,14720.0,,,-42.0,0.0,-0.002861425262297379,2022-12-07 09:18:00,2022-12-07 09:27:00,0 days 00:09:00,,2022-12-07,2,2022,False,44.0,5.0,8.8,with_trend
-1,143023,143065,14643.0,14660.0,,,-17.0,0.0,-0.0011609642832752787,2022-12-09 09:33:00,2022-12-09 10:15:00,0 days 00:42:00,,2022-12-09,4,2022,False,24.0,30.0,0.8,against_trend
1,143302,143447,14518.0,14523.0,,,5.0,0.0,0.0003444000551040549,2022-12-12 09:11:00,2022-12-12 11:36:00,0 days 02:25:00,,2022-12-12,0,2022,True,33.0,36.0,0.9166666666666666,against_trend
1,144250,144290,14631.0,14651.0,,,20.0,0.0,0.0013669605631878579,2022-12-15 09:56:00,2022-12-15 10:36:00,0 days 00:40:00,,2022-12-15,3,2022,True,6.0,52.0,0.11538461538461539,with_trend
-1,144538,144559,14475.0,14451.0,,,24.0,0.0,0.001658031088082934,2022-12-16 09:43:00,2022-12-16 10:04:00,0 days 00:21:00,,2022-12-16,4,2022,False,10.0,64.0,0.15625,with_trend
-1,145111,145212,14424.0,14396.0,,,28.0,0.0,0.0019412090959511907,2022-12-20 09:14:00,2022-12-20 10:55:00,0 days 01:41:00,,2022-12-20,1,2022,False,10.0,73.0,0.136986301369863,with_trend
-1,145433,145499,14263.0,14261.0,,,2.0,0.0,0.00014022295449767075,2022-12-21 09:35:00,2022-12-21 10:41:00,0 days 01:06:00,,2022-12-21,2,2022,False,12.0,36.0,0.3333333333333333,with_trend
-1,146053,146098,14202.0,14213.0,,,-11.0,0.0,-0.0007745387973525641,2022-12-23 09:53:00,2022-12-23 10:38:00,0 days 00:45:00,,2022-12-23,4,2022,False,15.0,31.0,0.4838709677419355,with_trend
1,146646,146726,14364.0,14367.0,,,3.0,0.0,0.00020885547201343613,2022-12-27 09:44:00,2022-12-27 11:04:00,0 days 01:20:00,,2022-12-27,1,2022,True,7.0,24.0,0.2916666666666667,with_trend
-1,146927,146993,14170.0,14150.0,,,20.0,0.0,0.0014114326040931546,2022-12-28 09:24:00,2022-12-28 10:30:00,0 days 01:06:00,,2022-12-28,2,2022,False,25.0,53.0,0.4716981132075472,with_trend
1,147551,147586,14177.0,14142.0,,,-35.0,0.0,-0.002468787472666989,2022-12-30 09:46:00,2022-12-30 10:21:00,0 days 00:35:00,,2022-12-30,4,2022,True,36.0,7.0,5.142857142857143,with_trend
1,147838,147994,13975.0,14187.0,,,212.0,0.0,0.01516994633273705,2023-01-03 09:32:00,2023-01-03 12:08:00,0 days 02:36:00,,2023-01-03,1,2023,True,23.0,235.0,0.09787234042553192,against_trend
1,148448,148470,14327.0,14291.0,,,-36.0,0.0,-0.0025127381866406617,2023-01-05 09:40:00,2023-01-05 10:02:00,0 days 00:22:00,,2023-01-05,3,2023,True,39.0,8.0,4.875,with_trend
1,149627,149631,14823.0,14793.0,,,-30.0,0.0,-0.002023881805302552,2023-01-11 09:15:00,2023-01-11 09:19:00,0 days 00:04:00,,2023-01-11,2,2023,True,32.0,4.0,8.0,with_trend
1,149929,149979,14805.0,14779.0,,,-26.0,0.0,-0.0017561634582911045,2023-01-12 09:16:00,2023-01-12 10:06:00,0 days 00:50:00,,2023-01-12,3,2023,True,29.0,18.0,1.6111111111111112,against_trend
1,150233,150248,14945.0,14891.0,,,-54.0,0.0,-0.003613248578119732,2023-01-13 09:19:00,2023-01-13 09:34:00,0 days 00:15:00,,2023-01-13,4,2023,True,57.0,3.0,19.0,with_trend
-1,150827,150878,14933.0,14924.0,,,9.0,0.0,0.0006026920243755729,2023-01-17 09:11:00,2023-01-17 10:02:00,0 days 00:51:00,,2023-01-17,1,2023,False,9.0,27.0,0.3333333333333333,against_trend
1,151483,151543,15399.0,15384.0,,,-15.0,0.0,-0.0009740892265731604,2023-01-31 10:05:00,2023-01-31 11:05:00,0 days 01:00:00,,2023-01-31,1,2023,True,18.0,8.0,2.25,with_trend
1,152068,152229,15482.0,15576.0,,,94.0,0.0,0.006071566981010301,2023-02-02 09:48:00,2023-02-02 12:29:00,0 days 02:41:00,,2023-02-02,3,2023,True,11.0,106.0,0.10377358490566038,with_trend
1,152336,152387,15509.0,15518.0,,,9.0,0.0,0.000580308208137259,2023-02-03 09:15:00,2023-02-03 10:06:00,0 days 00:51:00,,2023-02-03,4,2023,True,17.0,50.0,0.34,with_trend
1,153249,153331,15521.0,15582.0,,,61.0,0.0,0.003930159139230671,2023-02-08 09:25:00,2023-02-08 10:47:00,0 days 01:22:00,,2023-02-08,2,2023,True,13.0,74.0,0.17567567567567569,with_trend
1,153584,153659,15567.0,15579.0,,,12.0,0.0,0.0007708614376564782,2023-02-09 09:59:00,2023-02-09 11:14:00,0 days 01:15:00,,2023-02-09,3,2023,True,22.0,38.0,0.5789473684210527,with_trend
-1,154168,154238,15482.0,15483.0,,,-1.0,0.0,-6.45911380958708e-05,2023-02-13 09:41:00,2023-02-13 10:51:00,0 days 01:10:00,,2023-02-13,0,2023,False,11.0,39.0,0.28205128205128205,with_trend
1,154438,154516,15605.0,15672.0,,,67.0,0.0,0.0042934956744633546,2023-02-14 09:10:00,2023-02-14 10:28:00,0 days 01:18:00,,2023-02-14,1,2023,True,17.0,77.0,0.22077922077922077,with_trend
1,154761,154791,15511.0,15465.0,,,-46.0,0.0,-0.002965637289665368,2023-02-15 09:32:00,2023-02-15 10:02:00,0 days 00:30:00,,2023-02-15,2,2023,True,47.0,3.0,15.666666666666666,against_trend
-1,155644,155649,15440.0,15470.0,,,-30.0,0.0,-0.0019430051813471572,2023-02-20 09:12:00,2023-02-20 09:17:00,0 days 00:05:00,,2023-02-20,0,2023,False,38.0,4.0,9.5,with_trend
1,156872,156900,15610.0,15595.0,,,-15.0,0.0,-0.0009609224855862131,2023-02-24 09:36:00,2023-02-24 10:04:00,0 days 00:28:00,,2023-02-24,4,2023,True,15.0,17.0,0.8823529411764706,with_trend
-1,157166,157189,15419.0,15462.0,,,-43.0,0.0,-0.0027887671055191188,2023-03-01 09:29:00,2023-03-01 09:52:00,0 days 00:23:00,,2023-03-01,2,2023,False,45.0,10.0,4.5,with_trend
1,157763,157772,15637.0,15598.0,,,-39.0,0.0,-0.0024940845430708736,2023-03-03 09:24:00,2023-03-03 09:33:00,0 days 00:09:00,,2023-03-03,4,2023,True,40.0,7.0,5.714285714285714,with_trend
1,158953,158993,15823.0,15794.0,,,-29.0,0.0,-0.001832775074258941,2023-03-09 09:10:00,2023-03-09 09:50:00,0 days 00:40:00,,2023-03-09,3,2023,True,29.0,16.0,1.8125,with_trend
-1,159280,159335,15579.0,15533.0,,,46.0,0.0,0.0029526927273894055,2023-03-10 09:36:00,2023-03-10 10:31:00,0 days 00:55:00,,2023-03-10,4,2023,False,8.0,69.0,0.11594202898550725,with_trend
-1,160488,160523,15293.0,15255.0,,,38.0,0.0,0.002484796965932179,2023-03-16 09:40:00,2023-03-16 10:15:00,0 days 00:35:00,,2023-03-16,3,2023,False,5.0,78.0,0.0641025641025641,with_trend
-1,160792,160811,15365.0,15358.0,,,7.0,0.0,0.0004555808656035998,2023-03-17 09:43:00,2023-03-17 10:02:00,0 days 00:19:00,,2023-03-17,4,2023,False,13.0,32.0,0.40625,against_trend
1,161092,161131,15392.0,15382.0,,,-10.0,0.0,-0.0006496881496881324,2023-03-20 09:42:00,2023-03-20 10:21:00,0 days 00:39:00,,2023-03-20,0,2023,True,17.0,13.0,1.3076923076923077,with_trend
1,161374,161437,15445.0,15489.0,,,44.0,0.0,0.0028488183878276896,2023-03-21 09:23:00,2023-03-21 10:26:00,0 days 01:03:00,,2023-03-21,1,2023,True,15.0,72.0,0.20833333333333334,with_trend
1,161998,162045,15714.0,15788.0,,,74.0,0.0,0.004709176530482306,2023-03-23 09:45:00,2023-03-23 10:32:00,0 days 00:47:00,,2023-03-23,3,2023,True,8.0,82.0,0.0975609756097561,with_trend
1,162572,162579,15837.0,15807.0,,,-30.0,0.0,-0.0018942981625307276,2023-03-27 09:17:00,2023-03-27 09:24:00,0 days 00:07:00,,2023-03-27,0,2023,True,30.0,10.0,3.0,with_trend
-1,162867,162940,15801.0,15689.0,,,112.0,0.0,0.007088158977279879,2023-03-28 09:11:00,2023-03-28 10:24:00,0 days 01:13:00,,2023-03-28,1,2023,False,12.0,140.0,0.08571428571428572,with_trend
1,163812,163828,15938.0,15905.0,,,-33.0,0.0,-0.002070523277701075,2023-03-31 09:53:00,2023-03-31 10:09:00,0 days 00:16:00,,2023-03-31,4,2023,True,34.0,8.0,4.25,with_trend
-1,164112,164185,15780.0,15777.0,,,3.0,0.0,0.0001901140684410496,2023-04-06 09:52:00,2023-04-06 11:05:00,0 days 01:13:00,,2023-04-06,3,2023,False,13.0,25.0,0.52,with_trend
-1,164383,164427,15851.0,15854.0,,,-3.0,0.0,-0.00018926250709738746,2023-04-07 09:22:00,2023-04-07 10:06:00,0 days 00:44:00,,2023-04-07,4,2023,False,19.0,15.0,1.2666666666666666,against_trend
1,164692,164723,15856.0,15840.0,,,-16.0,0.0,-0.0010090817356205317,2023-04-10 09:30:00,2023-04-10 10:01:00,0 days 00:31:00,,2023-04-10,0,2023,True,17.0,6.0,2.8333333333333335,with_trend
1,165277,165290,15919.0,15896.0,,,-23.0,0.0,-0.0014448143727621154,2023-04-12 09:13:00,2023-04-12 09:26:00,0 days 00:13:00,,2023-04-12,2,2023,True,24.0,3.0,8.0,with_trend
-1,165889,165923,15891.0,15875.0,,,16.0,0.0,0.0010068592284940836,2023-04-14 09:23:00,2023-04-14 09:57:00,0 days 00:34:00,,2023-04-14,4,2023,False,24.0,35.0,0.6857142857142857,with_trend
1,166201,166342,15900.0,15925.0,,,25.0,0.0,0.0015723270440251014,2023-04-17 09:34:00,2023-04-17 11:55:00,0 days 02:21:00,,2023-04-17,0,2023,True,10.0,58.0,0.1724137931034483,against_trend
1,166483,166542,15899.0,15920.0,,,21.0,0.0,0.0013208377885400857,2023-04-18 09:15:00,2023-04-18 10:14:00,0 days 00:59:00,,2023-04-18,1,2023,True,11.0,55.0,0.2,against_trend
-1,167107,167127,15754.0,15773.0,,,-19.0,0.0,-0.0012060429097371372,2023-04-20 09:37:00,2023-04-20 09:57:00,0 days 00:20:00,,2023-04-20,3,2023,False,23.0,22.0,1.0454545454545454,with_trend
-1,167387,167455,15761.0,15675.0,,,86.0,0.0,0.005456506566842156,2023-04-21 09:16:00,2023-04-21 10:24:00,0 days 01:08:00,,2023-04-21,4,2023,False,13.0,96.0,0.13541666666666666,with_trend
-1,167694,167709,15608.0,15642.0,,,-34.0,0.0,-0.0021783700666324624,2023-04-24 09:22:00,2023-04-24 09:37:00,0 days 00:15:00,,2023-04-24,0,2023,False,36.0,11.0,3.272727272727273,with_trend
-1,168332,168351,15349.0,15335.0,,,14.0,0.0,0.0009121115382109135,2023-04-26 09:58:00,2023-04-26 10:17:00,0 days 00:19:00,,2023-04-26,2,2023,False,8.0,37.0,0.21621621621621623,with_trend
-1,168615,168632,15369.0,15397.0,,,-28.0,0.0,-0.001821849176914636,2023-04-27 09:40:00,2023-04-27 09:57:00,0 days 00:17:00,,2023-04-27,3,2023,False,28.0,4.0,7.0,with_trend
-1,169815,169840,15537.0,15568.0,,,-31.0,0.0,-0.0019952371757738785,2023-05-04 09:36:00,2023-05-04 10:01:00,0 days 00:25:00,,2023-05-04,3,2023,False,31.0,22.0,1.4090909090909092,with_trend
1,170131,170150,15631.0,15595.0,,,-36.0,0.0,-0.0023031156036081857,2023-05-05 09:51:00,2023-05-05 10:10:00,0 days 00:19:00,,2023-05-05,4,2023,True,41.0,3.0,13.666666666666666,with_trend
1,170435,170463,15728.0,15709.0,,,-19.0,0.0,-0.0012080366225839523,2023-05-08 09:54:00,2023-05-08 10:22:00,0 days 00:28:00,,2023-05-08,0,2023,True,20.0,9.0,2.2222222222222223,with_trend
1,173143,173154,16112.0,16074.0,,,-38.0,0.0,-0.002358490566037763,2023-05-19 09:53:00,2023-05-19 10:04:00,0 days 00:11:00,,2023-05-19,4,2023,True,39.0,12.0,3.25,with_trend
1,173433,173453,16130.0,16110.0,,,-20.0,0.0,-0.001239925604463732,2023-05-22 09:42:00,2023-05-22 10:02:00,0 days 00:20:00,,2023-05-22,0,2023,True,21.0,6.0,3.5,with_trend
-1,174037,174056,16071.0,16070.0,,,1.0,0.0,6.222388152576919e-05,2023-05-24 09:44:00,2023-05-24 10:03:00,0 days 00:19:00,,2023-05-24,2,2023,False,6.0,26.0,0.23076923076923078,with_trend
1,174304,174401,16195.0,16173.0,,,-22.0,0.0,-0.0013584439641864954,2023-05-25 09:10:00,2023-05-25 10:47:00,0 days 01:37:00,,2023-05-25,3,2023,True,70.0,25.0,2.8,with_trend
1,174624,174696,16364.0,16422.0,,,58.0,0.0,0.003544365680762551,2023-05-26 09:29:00,2023-05-26 10:41:00,0 days 01:12:00,,2023-05-26,4,2023,True,10.0,92.0,0.10869565217391304,with_trend
1,174931,174971,16585.0,16586.0,,,1.0,0.0,6.029544769359241e-05,2023-05-29 09:35:00,2023-05-29 10:15:00,0 days 00:40:00,,2023-05-29,0,2023,True,24.0,27.0,0.8888888888888888,with_trend
1,177345,177350,16832.0,16808.0,,,-24.0,0.0,-0.001425855513307983,2023-06-08 09:41:00,2023-06-08 09:46:00,0 days 00:05:00,,2023-06-08,3,2023,True,27.0,2.0,13.5,with_trend
1,178827,178849,17243.0,17292.0,,,49.0,0.0,0.0028417328771095374,2023-06-15 09:18:00,2023-06-15 09:40:00,0 days 00:22:00,,2023-06-15,3,2023,True,13.0,67.0,0.19402985074626866,with_trend
-1,179435,179482,17230.0,17253.0,,,-23.0,0.0,-0.0013348810214741658,2023-06-19 09:24:00,2023-06-19 10:11:00,0 days 00:47:00,,2023-06-19,0,2023,False,24.0,19.0,1.263157894736842,with_trend
-1,180666,180750,16820.0,16751.0,,,69.0,0.0,0.0041022592152200055,2023-06-27 09:51:00,2023-06-27 11:15:00,0 days 01:24:00,,2023-06-27,1,2023,False,35.0,84.0,0.4166666666666667,with_trend
-1,180948,181018,16783.0,16766.0,,,17.0,0.0,0.0010129297503426171,2023-06-28 09:32:00,2023-06-28 10:42:00,0 days 01:10:00,,2023-06-28,2,2023,False,12.0,71.0,0.16901408450704225,with_trend
-1,181561,181609,16748.0,16735.0,,,13.0,0.0,0.0007762120850250964,2023-06-30 09:43:00,2023-06-30 10:31:00,0 days 00:48:00,,2023-06-30,4,2023,False,20.0,30.0,0.6666666666666666,with_trend
1,182148,182207,17009.0,17063.0,,,54.0,0.0,0.0031747898171556876,2023-07-04 09:28:00,2023-07-04 10:27:00,0 days 00:59:00,,2023-07-04,1,2023,True,26.0,63.0,0.4126984126984127,with_trend
1,182485,182494,17045.0,17011.0,,,-34.0,0.0,-0.0019947198591961923,2023-07-05 10:04:00,2023-07-05 10:13:00,0 days 00:09:00,,2023-07-05,2,2023,True,34.0,5.0,6.8,with_trend
-1,182736,182850,16855.0,16772.0,,,83.0,0.0,0.004924354790863283,2023-07-06 09:14:00,2023-07-06 11:08:00,0 days 01:54:00,,2023-07-06,3,2023,False,43.0,96.0,0.4479166666666667,with_trend
1,183675,183765,16808.0,16858.0,,,50.0,0.0,0.0029747739171823717,2023-07-11 09:50:00,2023-07-11 11:20:00,0 days 01:30:00,,2023-07-11,1,2023,True,30.0,68.0,0.4411764705882353,with_trend
1,183988,184050,16862.0,16882.0,,,20.0,0.0,0.001186098920650025,2023-07-12 10:02:00,2023-07-12 11:04:00,0 days 01:02:00,,2023-07-12,2,2023,True,14.0,63.0,0.2222222222222222,with_trend
1,184290,184320,17219.0,17222.0,,,3.0,0.0,0.0001742261455368599,2023-07-13 10:03:00,2023-07-13 10:33:00,0 days 00:30:00,,2023-07-13,3,2023,True,7.0,26.0,0.2692307692307692,with_trend
1,184584,184694,17171.0,17274.0,,,103.0,0.0,0.005998485819113553,2023-07-14 09:56:00,2023-07-14 11:46:00,0 days 01:50:00,,2023-07-14,4,2023,True,11.0,124.0,0.08870967741935484,with_trend
1,186965,186977,17137.0,17090.0,,,-47.0,0.0,-0.0027426037229386635,2023-07-26 09:29:00,2023-07-26 09:41:00,0 days 00:12:00,,2023-07-26,2,2023,True,49.0,17.0,2.8823529411764706,with_trend
1,187259,187323,17227.0,17241.0,,,14.0,0.0,0.000812677773262882,2023-07-27 09:22:00,2023-07-27 10:26:00,0 days 01:04:00,,2023-07-27,3,2023,True,49.0,35.0,1.4,with_trend
1,187601,187628,17201.0,17215.0,,,14.0,0.0,0.0008139061682459481,2023-07-28 10:03:00,2023-07-28 10:30:00,0 days 00:27:00,,2023-07-28,4,2023,True,7.0,31.0,0.22580645161290322,with_trend
1,187862,187915,17371.0,17328.0,,,-43.0,0.0,-0.002475390017845802,2023-07-31 09:23:00,2023-07-31 10:16:00,0 days 00:53:00,,2023-07-31,0,2023,True,43.0,32.0,1.34375,with_trend
-1,188463,188504,17145.0,17065.0,,,80.0,0.0,0.004666083406240862,2023-08-02 09:22:00,2023-08-02 10:03:00,0 days 00:41:00,,2023-08-02,2,2023,False,15.0,105.0,0.14285714285714285,with_trend
-1,188805,188851,16815.0,16835.0,,,-20.0,0.0,-0.0011894142134998287,2023-08-04 10:03:00,2023-08-04 10:49:00,0 days 00:46:00,,2023-08-04,4,2023,False,22.0,40.0,0.55,with_trend
-1,189106,189128,16931.0,16931.0,,,-0.0,0.0,-0.0,2023-08-07 10:03:00,2023-08-07 10:25:00,0 days 00:22:00,,2023-08-07,0,2023,False,14.0,21.0,0.6666666666666666,against_trend
-1,190900,190940,16528.0,16485.0,,,43.0,0.0,0.002601645692158816,2023-08-15 09:51:00,2023-08-15 10:31:00,0 days 00:40:00,,2023-08-15,1,2023,False,10.0,66.0,0.15151515151515152,with_trend
-1,191197,191237,16379.0,16407.0,,,-28.0,0.0,-0.0017095060748519852,2023-08-16 09:47:00,2023-08-16 10:27:00,0 days 00:40:00,,2023-08-16,2,2023,False,30.0,23.0,1.3043478260869565,with_trend
1,192072,192105,16398.0,16339.0,,,-59.0,0.0,-0.0035979997560677823,2023-08-21 09:19:00,2023-08-21 09:52:00,0 days 00:33:00,,2023-08-21,0,2023,True,60.0,19.0,3.1578947368421053,with_trend
1,193267,193341,16552.0,16537.0,,,-15.0,0.0,-0.0009062348960851008,2023-08-25 09:10:00,2023-08-25 10:24:00,0 days 01:14:00,,2023-08-25,4,2023,True,50.0,33.0,1.5151515151515151,against_trend
1,194171,194221,16751.0,16758.0,,,7.0,0.0,0.0004178854993732717,2023-08-30 09:11:00,2023-08-30 10:01:00,0 days 00:50:00,,2023-08-30,2,2023,True,16.0,27.0,0.5925925925925926,with_trend
-1,194806,194815,16675.0,16711.0,,,-36.0,0.0,-0.0021589205397301026,2023-09-01 09:44:00,2023-09-01 09:53:00,0 days 00:09:00,,2023-09-01,4,2023,False,37.0,1.0,37.0,against_trend
1,195723,195786,16730.0,16740.0,,,10.0,0.0,0.000597728631201333,2023-09-06 09:58:00,2023-09-06 11:01:00,0 days 01:03:00,,2023-09-06,2,2023,True,19.0,42.0,0.4523809523809524,with_trend
-1,195985,196041,16641.0,16641.0,,,-0.0,0.0,-0.0,2023-09-07 09:19:00,2023-09-07 10:15:00,0 days 00:56:00,,2023-09-07,3,2023,False,12.0,40.0,0.3,with_trend
-1,198430,198451,16694.0,16722.0,,,-28.0,0.0,-0.0016772493111296694,2023-09-19 09:56:00,2023-09-19 10:17:00,0 days 00:21:00,,2023-09-19,1,2023,False,29.0,21.0,1.380952380952381,with_trend
1,199926,199964,16329.0,16296.0,,,-33.0,0.0,-0.002020944332169705,2023-09-26 09:47:00,2023-09-26 10:25:00,0 days 00:38:00,,2023-09-26,1,2023,True,34.0,19.0,1.7894736842105263,against_trend
1,200529,200567,16376.0,16340.0,,,-36.0,0.0,-0.0021983390327308117,2023-09-28 09:48:00,2023-09-28 10:26:00,0 days 00:38:00,,2023-09-28,3,2023,True,38.0,24.0,1.5833333333333333,with_trend
-1,201443,201528,16247.0,16235.0,,,12.0,0.0,0.0007385978949959737,2023-10-04 09:59:00,2023-10-04 11:24:00,0 days 01:25:00,,2023-10-04,2,2023,False,8.0,43.0,0.18604651162790697,with_trend
1,202006,202059,16509.0,16499.0,,,-10.0,0.0,-0.0006057302077654425,2023-10-06 09:20:00,2023-10-06 10:13:00,0 days 00:53:00,,2023-10-06,4,2023,True,27.0,14.0,1.9285714285714286,with_trend
1,202339,202366,16712.0,16675.0,,,-37.0,0.0,-0.0022139779798946435,2023-10-11 09:52:00,2023-10-11 10:19:00,0 days 00:27:00,,2023-10-11,2,2023,True,37.0,7.0,5.285714285714286,with_trend
1,202954,202983,16795.0,16782.0,,,-13.0,0.0,-0.0007740398928252068,2023-10-13 10:05:00,2023-10-13 10:34:00,0 days 00:29:00,,2023-10-13,4,2023,True,13.0,12.0,1.0833333333333333,with_trend
-1,203204,203273,16669.0,16655.0,,,14.0,0.0,0.0008398824164617125,2023-10-16 09:14:00,2023-10-16 10:23:00,0 days 01:09:00,,2023-10-16,0,2023,False,13.0,54.0,0.24074074074074073,with_trend
-1,204451,204495,16301.0,16322.0,,,-21.0,0.0,-0.001288264523648941,2023-10-20 09:57:00,2023-10-20 10:41:00,0 days 00:44:00,,2023-10-20,4,2023,False,23.0,20.0,1.15,with_trend
-1,204743,204827,16325.0,16287.0,,,38.0,0.0,0.0023277182235834637,2023-10-23 09:48:00,2023-10-23 11:12:00,0 days 01:24:00,,2023-10-23,0,2023,False,20.0,72.0,0.2777777777777778,with_trend
-1,205942,205970,16188.0,16209.0,,,-21.0,0.0,-0.0012972572275760097,2023-10-27 09:43:00,2023-10-27 10:11:00,0 days 00:28:00,,2023-10-27,4,2023,False,21.0,43.0,0.4883720930232558,with_trend
1,206252,206267,16200.0,16192.0,,,-8.0,0.0,-0.0004938271604938427,2023-10-30 09:52:00,2023-10-30 10:07:00,0 days 00:15:00,,2023-10-30,0,2023,True,14.0,24.0,0.5833333333333334,with_trend
-1,208936,208984,16692.0,16691.0,,,1.0,0.0,5.990893841356648e-05,2023-11-10 09:27:00,2023-11-10 10:15:00,0 days 00:48:00,,2023-11-10,4,2023,False,6.0,37.0,0.16216216216216217,with_trend
1,209239,209297,16901.0,16890.0,,,-11.0,0.0,-0.0006508490621857099,2023-11-13 09:29:00,2023-11-13 10:27:00,0 days 00:58:00,,2023-11-13,0,2023,True,16.0,14.0,1.1428571428571428,with_trend
1,209542,209591,16931.0,16935.0,,,4.0,0.0,0.0002362530269919283,2023-11-14 09:31:00,2023-11-14 10:20:00,0 days 00:49:00,,2023-11-14,1,2023,True,18.0,30.0,0.6,with_trend
1,210159,210169,17174.0,17148.0,,,-26.0,0.0,-0.0015139163852334603,2023-11-16 09:46:00,2023-11-16 09:56:00,0 days 00:10:00,,2023-11-16,3,2023,True,26.0,9.0,2.888888888888889,with_trend
1,211351,211377,17316.0,17318.0,,,2.0,0.0,0.00011550011550021111,2023-11-22 09:34:00,2023-11-22 10:00:00,0 days 00:26:00,,2023-11-22,2,2023,True,10.0,18.0,0.5555555555555556,with_trend
-1,211653,211702,17313.0,17227.0,,,86.0,0.0,0.004967365563449455,2023-11-23 09:35:00,2023-11-23 10:24:00,0 days 00:49:00,,2023-11-23,3,2023,False,10.0,99.0,0.10101010101010101,against_trend
-1,212555,212578,17249.0,17277.0,,,-28.0,0.0,-0.0016232825091309078,2023-11-28 09:34:00,2023-11-28 09:57:00,0 days 00:23:00,,2023-11-28,1,2023,False,29.0,8.0,3.625,with_trend
-1,213445,213464,17337.0,17377.0,,,-40.0,0.0,-0.0023072042452558783,2023-12-01 09:21:00,2023-12-01 09:40:00,0 days 00:19:00,,2023-12-01,4,2023,False,42.0,25.0,1.68,with_trend
1,213764,213791,17423.0,17408.0,,,-15.0,0.0,-0.000860930953337502,2023-12-04 09:39:00,2023-12-04 10:06:00,0 days 00:27:00,,2023-12-04,0,2023,True,16.0,14.0,1.1428571428571428,with_trend
-1,214369,214387,17410.0,17436.0,,,-26.0,0.0,-0.001493394600804221,2023-12-06 09:42:00,2023-12-06 10:00:00,0 days 00:18:00,,2023-12-06,2,2023,False,29.0,5.0,5.8,against_trend
1,214956,214986,17432.0,17392.0,,,-40.0,0.0,-0.0022946305644790943,2023-12-08 09:27:00,2023-12-08 09:57:00,0 days 00:30:00,,2023-12-08,4,2023,True,42.0,17.0,2.4705882352941178,with_trend
1,215251,215294,17368.0,17371.0,,,3.0,0.0,0.00017273146015650553,2023-12-11 09:21:00,2023-12-11 10:04:00,0 days 00:43:00,,2023-12-11,0,2023,True,9.0,32.0,0.28125,with_trend
1,215577,215594,17497.0,17484.0,,,-13.0,0.0,-0.0007429845116305733,2023-12-12 09:46:00,2023-12-12 10:03:00,0 days 00:17:00,,2023-12-12,1,2023,True,14.0,10.0,1.4,with_trend
1,215870,215921,17503.0,17487.0,,,-16.0,0.0,-0.0009141290064560437,2023-12-13 09:38:00,2023-12-13 10:29:00,0 days 00:51:00,,2023-12-13,2,2023,True,23.0,9.0,2.5555555555555554,with_trend
-1,217672,217705,17471.0,17503.0,,,-32.0,0.0,-0.0018316066624692873,2023-12-21 09:34:00,2023-12-21 10:07:00,0 days 00:33:00,,2023-12-21,3,2023,False,32.0,16.0,2.0,with_trend
1,218283,218343,17617.0,17634.0,,,17.0,0.0,0.0009649770108417499,2023-12-25 09:43:00,2023-12-25 10:43:00,0 days 01:00:00,,2023-12-25,0,2023,True,6.0,28.0,0.21428571428571427,with_trend
1,219472,219514,17835.0,17868.0,,,33.0,0.0,0.0018502943650127168,2023-12-29 09:28:00,2023-12-29 10:10:00,0 days 00:42:00,,2023-12-29,4,2023,True,4.0,65.0,0.06153846153846154,with_trend
-1,219785,219826,17838.0,17787.0,,,51.0,0.0,0.0028590649175916916,2024-01-02 09:40:00,2024-01-02 10:21:00,0 days 00:41:00,,2024-01-02,1,2024,False,8.0,66.0,0.12121212121212122,with_trend
-1,220099,220142,17609.0,17540.0,,,69.0,0.0,0.003918450792208539,2024-01-03 09:53:00,2024-01-03 10:36:00,0 days 00:43:00,,2024-01-03,2,2024,False,9.0,80.0,0.1125,with_trend
-1,220395,220460,17552.0,17550.0,,,2.0,0.0,0.00011394712853241007,2024-01-04 09:48:00,2024-01-04 10:53:00,0 days 01:05:00,,2024-01-04,3,2024,False,16.0,25.0,0.64,with_trend
1,220992,221010,17671.0,17622.0,,,-49.0,0.0,-0.002772904759209993,2024-01-08 09:43:00,2024-01-08 10:01:00,0 days 00:18:00,,2024-01-08,0,2024,True,51.0,8.0,6.375,with_trend
1,221269,221306,17669.0,17621.0,,,-48.0,0.0,-0.0027166223328993766,2024-01-09 09:19:00,2024-01-09 09:56:00,0 days 00:37:00,,2024-01-09,1,2024,True,48.0,21.0,2.2857142857142856,with_trend
-1,221573,221612,17484.0,17490.0,,,-6.0,0.0,-0.00034317089910773646,2024-01-10 09:22:00,2024-01-10 10:01:00,0 days 00:39:00,,2024-01-10,2,2024,False,16.0,20.0,0.8,with_trend
1,222470,222635,17570.0,17615.0,,,45.0,0.0,0.0025611838360841688,2024-01-15 09:16:00,2024-01-15 12:01:00,0 days 02:45:00,,2024-01-15,0,2024,True,43.0,76.0,0.5657894736842105,with_trend
-1,223094,223168,17323.0,17277.0,,,46.0,0.0,0.0026554291981758515,2024-01-17 09:38:00,2024-01-17 10:52:00,0 days 01:14:00,,2024-01-17,2,2024,False,18.0,81.0,0.2222222222222222,with_trend
-1,223368,223481,17309.0,17252.0,,,57.0,0.0,0.003293084522502765,2024-01-18 09:11:00,2024-01-18 11:04:00,0 days 01:53:00,,2024-01-18,3,2024,False,12.0,94.0,0.1276595744680851,with_trend
1,223669,223783,17516.0,17587.0,,,71.0,0.0,0.004053436857730075,2024-01-19 09:11:00,2024-01-19 11:05:00,0 days 01:54:00,,2024-01-19,4,2024,True,12.0,98.0,0.12244897959183673,with_trend
1,224003,224042,17810.0,17795.0,,,-15.0,0.0,-0.0008422234699606568,2024-01-22 09:44:00,2024-01-22 10:23:00,0 days 00:39:00,,2024-01-22,0,2024,True,15.0,20.0,0.75,with_trend
1,224305,224383,17831.0,17840.0,,,9.0,0.0,0.0005047389378050049,2024-01-23 09:45:00,2024-01-23 11:03:00,0 days 01:18:00,,2024-01-23,1,2024,True,14.0,44.0,0.3181818181818182,with_trend
1,224879,224903,17969.0,17945.0,,,-24.0,0.0,-0.001335633591184826,2024-01-25 09:17:00,2024-01-25 09:41:00,0 days 00:24:00,,2024-01-25,3,2024,True,25.0,11.0,2.272727272727273,with_trend
1,225219,225251,17991.0,17984.0,,,-7.0,0.0,-0.0003890834306041757,2024-01-26 09:56:00,2024-01-26 10:28:00,0 days 00:32:00,,2024-01-26,4,2024,True,17.0,16.0,1.0625,with_trend
1,225814,225835,18107.0,18095.0,,,-12.0,0.0,-0.0006627271221074649,2024-01-30 09:49:00,2024-01-30 10:10:00,0 days 00:21:00,,2024-01-30,1,2024,True,12.0,22.0,0.5454545454545454,with_trend
1,226701,226805,18043.0,18065.0,,,22.0,0.0,0.0012193094274788319,2024-02-02 09:33:00,2024-02-02 11:17:00,0 days 01:44:00,,2024-02-02,4,2024,True,11.0,46.0,0.2391304347826087,with_trend
1,227911,227946,18659.0,18650.0,,,-9.0,0.0,-0.0004823409614662655,2024-02-19 09:39:00,2024-02-19 10:14:00,0 days 00:35:00,,2024-02-19,0,2024,True,20.0,13.0,1.5384615384615385,with_trend
1,228503,228545,18695.0,18707.0,,,12.0,0.0,0.0006418828563787837,2024-02-21 09:29:00,2024-02-21 10:11:00,0 days 00:42:00,,2024-02-21,2,2024,True,14.0,37.0,0.3783783783783784,against_trend
1,228820,228841,18816.0,18794.0,,,-22.0,0.0,-0.0011692176870747861,2024-02-22 09:45:00,2024-02-22 10:06:00,0 days 00:21:00,,2024-02-22,3,2024,True,24.0,5.0,4.8,with_trend
1,229116,229140,18939.0,18936.0,,,-3.0,0.0,-0.00015840329478855608,2024-02-23 09:40:00,2024-02-23 10:04:00,0 days 00:24:00,,2024-02-23,4,2024,True,9.0,24.0,0.375,with_trend
1,229709,229724,19006.0,18978.0,,,-28.0,0.0,-0.0014732189834788523,2024-02-27 09:31:00,2024-02-27 09:46:00,0 days 00:15:00,,2024-02-27,1,2024,True,32.0,4.0,8.0,with_trend
-1,230002,230055,18857.0,18882.0,,,-25.0,0.0,-0.0013257676194515788,2024-02-29 09:23:00,2024-02-29 10:16:00,0 days 00:53:00,,2024-02-29,3,2024,False,30.0,21.0,1.4285714285714286,with_trend
1,231524,231552,19678.0,19644.0,,,-34.0,0.0,-0.0017278178676695122,2024-03-07 09:40:00,2024-03-07 10:08:00,0 days 00:28:00,,2024-03-07,3,2024,True,36.0,43.0,0.8372093023255814,with_trend
1,231816,231841,19980.0,19926.0,,,-54.0,0.0,-0.002702702702702675,2024-03-08 09:31:00,2024-03-08 09:56:00,0 days 00:25:00,,2024-03-08,4,2024,True,54.0,29.0,1.8620689655172413,with_trend
1,232148,232159,19759.0,19708.0,,,-51.0,0.0,-0.0025811022825041885,2024-03-11 10:02:00,2024-03-11 10:13:00,0 days 00:11:00,,2024-03-11,0,2024,True,51.0,17.0,3.0,against_trend
1,232703,232720,20004.0,19944.0,,,-60.0,0.0,-0.0029994001199760145,2024-03-13 09:15:00,2024-03-13 09:32:00,0 days 00:17:00,,2024-03-13,2,2024,True,62.0,4.0,15.5,with_trend
1,234229,234284,19881.0,19850.0,,,-31.0,0.0,-0.0015592777023288873,2024-03-20 09:36:00,2024-03-20 10:31:00,0 days 00:55:00,,2024-03-20,2,2024,True,55.0,10.0,5.5,with_trend
1,234547,234676,20085.0,20204.0,,,119.0,0.0,0.005924819517052482,2024-03-21 09:53:00,2024-03-21 12:02:00,0 days 02:09:00,,2024-03-21,3,2024,True,9.0,132.0,0.06818181818181818,with_trend
1,234855,234891,20198.0,20165.0,,,-33.0,0.0,-0.0016338251312011387,2024-03-22 10:00:00,2024-03-22 10:36:00,0 days 00:36:00,,2024-03-22,4,2024,True,42.0,6.0,7.0,with_trend
1,235134,235191,20213.0,20246.0,,,33.0,0.0,0.0016326126750110248,2024-03-25 09:38:00,2024-03-25 10:35:00,0 days 00:57:00,,2024-03-25,0,2024,True,17.0,55.0,0.3090909090909091,with_trend
1,236316,236319,20248.0,20212.0,,,-36.0,0.0,-0.0017779533781113743,2024-03-29 09:16:00,2024-03-29 09:19:00,0 days 00:03:00,,2024-03-29,4,2024,True,42.0,2.0,21.0,with_trend
1,236641,236664,20345.0,20288.0,,,-57.0,0.0,-0.002801671172278253,2024-04-01 09:40:00,2024-04-01 10:03:00,0 days 00:23:00,,2024-04-01,0,2024,True,64.0,9.0,7.111111111111111,with_trend
1,237247,237403,20326.0,20383.0,,,57.0,0.0,0.002804290071829252,2024-04-03 09:44:00,2024-04-03 12:20:00,0 days 02:36:00,,2024-04-03,2,2024,True,51.0,93.0,0.5483870967741935,against_trend
1,238122,238234,20820.0,20868.0,,,48.0,0.0,0.002305475504322807,2024-04-10 09:16:00,2024-04-10 11:08:00,0 days 01:52:00,,2024-04-10,2,2024,True,14.0,72.0,0.19444444444444445,with_trend
-1,240566,240632,19628.0,19576.0,,,52.0,0.0,0.0026492765437130528,2024-04-22 09:52:00,2024-04-22 10:58:00,0 days 01:06:00,,2024-04-22,0,2024,False,45.0,138.0,0.32608695652173914,with_trend
1,241149,241175,20066.0,20128.0,,,62.0,0.0,0.003089803647961631,2024-04-24 09:33:00,2024-04-24 09:59:00,0 days 00:26:00,,2024-04-24,2,2024,True,31.0,83.0,0.37349397590361444,with_trend
1,242373,242432,20533.0,20540.0,,,7.0,0.0,0.00034091462523733185,2024-04-30 09:53:00,2024-04-30 10:52:00,0 days 00:59:00,,2024-04-30,1,2024,True,23.0,42.0,0.5476190476190477,with_trend
-1,242642,242723,20365.0,20304.0,,,61.0,0.0,0.002995335133808008,2024-05-02 09:21:00,2024-05-02 10:42:00,0 days 01:21:00,,2024-05-02,3,2024,False,15.0,110.0,0.13636363636363635,with_trend
1,243233,243303,20604.0,20682.0,,,78.0,0.0,0.0037856726849154754,2024-05-06 09:10:00,2024-05-06 10:20:00,0 days 01:10:00,,2024-05-06,0,2024,True,24.0,110.0,0.21818181818181817,with_trend
1,244748,244808,20906.0,20889.0,,,-17.0,0.0,-0.0008131636850664536,2024-05-13 09:20:00,2024-05-13 10:20:00,0 days 01:00:00,,2024-05-13,0,2024,True,31.0,27.0,1.1481481481481481,with_trend
1,245683,245694,21516.0,21461.0,,,-55.0,0.0,-0.002556237218813928,2024-05-16 09:52:00,2024-05-16 10:03:00,0 days 00:11:00,,2024-05-16,3,2024,True,56.0,7.0,8.0,with_trend
1,245948,246011,21339.0,21370.0,,,31.0,0.0,0.0014527391161722747,2024-05-17 09:16:00,2024-05-17 10:19:00,0 days 01:03:00,,2024-05-17,4,2024,True,21.0,68.0,0.3088235294117647,with_trend
1,248084,248112,21899.0,21915.0,,,16.0,0.0,0.0007306269692679557,2024-05-28 09:45:00,2024-05-28 10:13:00,0 days 00:28:00,,2024-05-28,1,2024,True,17.0,49.0,0.3469387755102041,with_trend
-1,248658,248755,21488.0,21496.0,,,-8.0,0.0,-0.00037230081906169943,2024-05-30 09:17:00,2024-05-30 10:54:00,0 days 01:37:00,,2024-05-30,3,2024,False,65.0,50.0,1.3,with_trend
-1,249004,249065,21559.0,21410.0,,,149.0,0.0,0.006911266756343015,2024-05-31 10:02:00,2024-05-31 11:03:00,0 days 01:01:00,,2024-05-31,4,2024,False,14.0,167.0,0.08383233532934131,with_trend
-1,249894,249914,21358.0,21404.0,,,-46.0,0.0,-0.002153759715329162,2024-06-05 09:49:00,2024-06-05 10:09:00,0 days 00:20:00,,2024-06-05,2,2024,False,50.0,13.0,3.8461538461538463,with_trend
1,250474,250541,21850.0,21815.0,,,-35.0,0.0,-0.0016018306636155222,2024-06-07 09:27:00,2024-06-07 10:34:00,0 days 01:07:00,,2024-06-07,4,2024,True,40.0,36.0,1.1111111111111112,with_trend
1,252299,252350,22695.0,22746.0,,,51.0,0.0,0.0022471910112360494,2024-06-18 09:46:00,2024-06-18 10:37:00,0 days 00:51:00,,2024-06-18,1,2024,True,29.0,82.0,0.35365853658536583,with_trend
-1,255313,255382,22918.0,22859.0,,,59.0,0.0,0.002574395671524621,2024-07-02 09:50:00,2024-07-02 10:59:00,0 days 01:09:00,,2024-07-02,1,2024,False,75.0,105.0,0.7142857142857143,with_trend
1,257433,257453,24315.0,24368.0,,,53.0,0.0,0.0021797244499279778,2024-07-11 10:03:00,2024-07-11 10:23:00,0 days 00:20:00,,2024-07-11,3,2024,True,18.0,68.0,0.2647058823529412,with_trend
1,257694,257719,23976.0,23858.0,,,-118.0,0.0,-0.004921588254921616,2024-07-12 09:23:00,2024-07-12 09:48:00,0 days 00:25:00,,2024-07-12,4,2024,True,125.0,9.0,13.88888888888889,against_trend
-1,260416,260480,22417.0,22278.0,,,139.0,0.0,0.006200651291430659,2024-07-29 09:36:00,2024-07-29 10:40:00,0 days 01:04:00,,2024-07-29,0,2024,False,31.0,170.0,0.18235294117647058,with_trend
1,261331,261335,22598.0,22514.0,,,-84.0,0.0,-0.003717143110009702,2024-08-01 09:48:00,2024-08-01 09:52:00,0 days 00:04:00,,2024-08-01,3,2024,True,92.0,5.0,18.4,with_trend
1,262817,262828,20800.0,20664.0,,,-136.0,0.0,-0.006538461538461493,2024-08-08 09:29:00,2024-08-08 09:40:00,0 days 00:11:00,,2024-08-08,3,2024,True,144.0,50.0,2.88,with_trend
1,264053,264062,22090.0,21997.0,,,-93.0,0.0,-0.004210049796287918,2024-08-14 10:01:00,2024-08-14 10:10:00,0 days 00:09:00,,2024-08-14,2,2024,True,99.0,7.0,14.142857142857142,with_trend
1,264648,264739,22326.0,22345.0,,,19.0,0.0,0.0008510257099345608,2024-08-16 09:54:00,2024-08-16 11:25:00,0 days 01:31:00,,2024-08-16,4,2024,True,41.0,70.0,0.5857142857142857,with_trend
1,264926,264940,22387.0,22325.0,,,-62.0,0.0,-0.0027694644213159814,2024-08-19 09:31:00,2024-08-19 09:45:00,0 days 00:14:00,,2024-08-19,0,2024,True,67.0,16.0,4.1875,with_trend
1,265232,265277,22511.0,22482.0,,,-29.0,0.0,-0.0012882590733419574,2024-08-20 09:36:00,2024-08-20 10:21:00,0 days 00:45:00,,2024-08-20,1,2024,True,36.0,33.0,1.0909090909090908,with_trend
-1,265540,265654,22321.0,22241.0,,,80.0,0.0,0.0035840688141212107,2024-08-21 09:43:00,2024-08-21 11:37:00,0 days 01:54:00,,2024-08-21,2,2024,False,12.0,131.0,0.0916030534351145,with_trend
1,267620,267735,22260.0,22276.0,,,16.0,0.0,0.0007187780772686114,2024-08-30 09:16:00,2024-08-30 11:11:00,0 days 01:55:00,,2024-08-30,4,2024,True,47.0,67.0,0.7014925373134329,against_trend
1,267923,267958,22369.0,22287.0,,,-82.0,0.0,-0.0036657874737360263,2024-09-02 09:18:00,2024-09-02 09:53:00,0 days 00:35:00,,2024-09-02,0,2024,True,84.0,35.0,2.4,with_trend
-1,268544,268597,21293.0,21318.0,,,-25.0,0.0,-0.0011740947729301787,2024-09-04 09:37:00,2024-09-04 10:30:00,0 days 00:53:00,,2024-09-04,2,2024,False,54.0,121.0,0.4462809917355372,with_trend
1,269171,269178,21330.0,21392.0,,,62.0,0.0,0.0029067041725270304,2024-09-06 10:02:00,2024-09-06 10:09:00,0 days 00:07:00,,2024-09-06,4,2024,True,19.0,90.0,0.2111111111111111,against_trend
-1,269466,269530,20986.0,20967.0,,,19.0,0.0,0.000905365481749687,2024-09-09 09:56:00,2024-09-09 11:00:00,0 days 01:04:00,,2024-09-09,0,2024,False,16.0,98.0,0.16326530612244897,with_trend
1,270026,270071,21025.0,21063.0,,,38.0,0.0,0.0018073721759810368,2024-09-11 09:14:00,2024-09-11 09:59:00,0 days 00:45:00,,2024-09-11,2,2024,True,40.0,105.0,0.38095238095238093,against_trend
1,270678,270702,21706.0,21690.0,,,-16.0,0.0,-0.0007371233760250506,2024-09-13 10:04:00,2024-09-13 10:28:00,0 days 00:24:00,,2024-09-13,4,2024,True,20.0,24.0,0.8333333333333334,with_trend
-1,271559,271577,21723.0,21797.0,,,-74.0,0.0,-0.00340652764351157,2024-09-19 09:42:00,2024-09-19 10:00:00,0 days 00:18:00,,2024-09-19,3,2024,False,74.0,13.0,5.6923076923076925,with_trend
1,271838,271874,22371.0,22300.0,,,-71.0,0.0,-0.003173751732153285,2024-09-20 09:20:00,2024-09-20 09:56:00,0 days 00:36:00,,2024-09-20,4,2024,True,81.0,5.0,16.2,with_trend
1,272176,272267,22322.0,22317.0,,,-5.0,0.0,-0.00022399426574681858,2024-09-23 09:57:00,2024-09-23 11:28:00,0 days 01:31:00,,2024-09-23,0,2024,True,64.0,31.0,2.064516129032258,with_trend
1,272774,272806,22792.0,22755.0,,,-37.0,0.0,-0.0016233766233766378,2024-09-25 09:53:00,2024-09-25 10:25:00,0 days 00:32:00,,2024-09-25,2,2024,True,37.0,35.0,1.0571428571428572,with_trend
1,273055,273117,22970.0,23020.0,,,50.0,0.0,0.00217675228559,2024-09-26 09:33:00,2024-09-26 10:35:00,0 days 01:02:00,,2024-09-26,3,2024,True,30.0,108.0,0.2777777777777778,with_trend
1,273352,273380,23146.0,23091.0,,,-55.0,0.0,-0.0023762205132635827,2024-09-27 09:29:00,2024-09-27 09:57:00,0 days 00:28:00,,2024-09-27,4,2024,True,57.0,32.0,1.78125,with_trend
-1,273955,274025,22403.0,22381.0,,,22.0,0.0,0.000982011337767208,2024-10-01 09:30:00,2024-10-01 10:40:00,0 days 01:10:00,,2024-10-01,1,2024,False,60.0,80.0,0.75,with_trend
-1,274240,274308,22462.0,22389.0,,,73.0,0.0,0.0032499332205502274,2024-10-04 09:14:00,2024-10-04 10:22:00,0 days 01:08:00,,2024-10-04,4,2024,False,45.0,172.0,0.2616279069767442,against_trend
1,274848,274889,22540.0,22476.0,,,-64.0,0.0,-0.0028393966282165284,2024-10-08 09:20:00,2024-10-08 10:01:00,0 days 00:41:00,,2024-10-08,1,2024,True,68.0,47.0,1.446808510638298,with_trend
1,277269,277311,23731.0,23677.0,,,-54.0,0.0,-0.0022755046142176605,2024-10-21 09:33:00,2024-10-21 10:15:00,0 days 00:42:00,,2024-10-21,0,2024,True,58.0,26.0,2.230769230769231,with_trend
-1,277867,277960,23441.0,23430.0,,,11.0,0.0,0.000469263256686947,2024-10-23 09:29:00,2024-10-23 11:02:00,0 days 01:33:00,,2024-10-23,2,2024,False,64.0,49.0,1.3061224489795917,with_trend
-1,278177,278233,23415.0,23393.0,,,22.0,0.0,0.0009395686525731639,2024-10-24 09:38:00,2024-10-24 10:34:00,0 days 00:56:00,,2024-10-24,3,2024,False,31.0,149.0,0.2080536912751678,with_trend
1,278764,278782,23529.0,23464.0,,,-65.0,0.0,-0.002762548344595994,2024-10-28 09:23:00,2024-10-28 09:41:00,0 days 00:18:00,,2024-10-28,0,2024,True,69.0,12.0,5.75,with_trend
-1,279389,279499,23112.0,22973.0,,,139.0,0.0,0.006014191761855359,2024-10-30 09:46:00,2024-10-30 11:36:00,0 days 01:50:00,,2024-10-30,2,2024,False,22.0,157.0,0.14012738853503184,with_trend
-1,279668,279723,22462.0,22616.0,,,-154.0,0.0,-0.006856023506366382,2024-11-01 09:24:00,2024-11-01 10:19:00,0 days 00:55:00,,2024-11-01,4,2024,False,156.0,50.0,3.12,with_trend
-1,279967,280062,22894.0,22879.0,,,15.0,0.0,0.0006551935004804887,2024-11-04 09:22:00,2024-11-04 10:57:00,0 days 01:35:00,,2024-11-04,0,2024,False,61.0,110.0,0.5545454545454546,against_trend
1,280599,280654,23118.0,23356.0,,,238.0,0.0,0.010295008218704105,2024-11-06 09:52:00,2024-11-06 10:47:00,0 days 00:55:00,,2024-11-06,2,2024,True,37.0,279.0,0.13261648745519714,with_trend
1,281186,281214,23659.0,23697.0,,,38.0,0.0,0.0016061541062597495,2024-11-08 09:37:00,2024-11-08 10:05:00,0 days 00:28:00,,2024-11-08,4,2024,True,19.0,98.0,0.19387755102040816,with_trend
1,281472,281514,23418.0,23321.0,,,-97.0,0.0,-0.004142112904603312,2024-11-11 09:22:00,2024-11-11 10:04:00,0 days 00:42:00,,2024-11-11,0,2024,True,109.0,29.0,3.7586206896551726,against_trend
-1,281798,281838,23198.0,23135.0,,,63.0,0.0,0.0027157513578757175,2024-11-12 09:47:00,2024-11-12 10:27:00,0 days 00:40:00,,2024-11-12,1,2024,False,21.0,114.0,0.18421052631578946,with_trend
-1,282075,282250,22937.0,22943.0,,,-6.0,0.0,-0.0002615860836203687,2024-11-13 09:23:00,2024-11-13 12:18:00,0 days 02:55:00,,2024-11-13,2,2024,False,78.0,80.0,0.975,with_trend
-1,283314,283355,22743.0,22765.0,,,-22.0,0.0,-0.0009673306072197629,2024-11-19 09:58:00,2024-11-19 10:39:00,0 days 00:41:00,,2024-11-19,1,2024,False,33.0,28.0,1.1785714285714286,against_trend
-1,283907,283941,22618.0,22608.0,,,10.0,0.0,0.00044212574056057274,2024-11-21 09:49:00,2024-11-21 10:23:00,0 days 00:34:00,,2024-11-21,3,2024,False,13.0,58.0,0.22413793103448276,with_trend
1,284524,284559,23146.0,23097.0,,,-49.0,0.0,-0.0021169964572712585,2024-11-25 10:04:00,2024-11-25 10:39:00,0 days 00:35:00,,2024-11-25,0,2024,True,49.0,16.0,3.0625,with_trend
-1,285413,285425,22247.0,22157.0,,,90.0,0.0,0.0040454892794533626,2024-11-28 09:50:00,2024-11-28 10:02:00,0 days 00:12:00,,2024-11-28,3,2024,False,23.0,130.0,0.17692307692307693,with_trend
-1,285683,285723,22148.0,22275.0,,,-127.0,0.0,-0.005734152067906839,2024-11-29 09:19:00,2024-11-29 09:59:00,0 days 00:40:00,,2024-11-29,4,2024,False,127.0,18.0,7.055555555555555,with_trend
1,286587,286662,23118.0,23120.0,,,2.0,0.0,8.651267410675345e-05,2024-12-04 09:20:00,2024-12-04 10:35:00,0 days 01:15:00,,2024-12-04,2,2024,True,47.0,58.0,0.8103448275862069,with_trend
1,286891,287003,23251.0,23262.0,,,11.0,0.0,0.0004730979312717043,2024-12-05 09:23:00,2024-12-05 11:15:00,0 days 01:52:00,,2024-12-05,3,2024,True,40.0,59.0,0.6779661016949152,with_trend
1,287222,287252,23246.0,23260.0,,,14.0,0.0,0.0006022541512518131,2024-12-06 09:53:00,2024-12-06 10:23:00,0 days 00:30:00,,2024-12-06,4,2024,True,42.0,48.0,0.875,with_trend
1,289335,289360,23176.0,23146.0,,,-30.0,0.0,-0.0012944425267518156,2024-12-17 09:59:00,2024-12-17 10:24:00,0 days 00:25:00,,2024-12-17,1,2024,True,37.0,14.0,2.642857142857143,with_trend
1,291103,291155,23299.0,23292.0,,,-7.0,0.0,-0.0003004420790592155,2024-12-25 09:21:00,2024-12-25 10:13:00,0 days 00:52:00,,2024-12-25,2,2024,True,21.0,31.0,0.6774193548387096,with_trend
-1,291696,291730,23261.0,23305.0,,,-44.0,0.0,-0.0018915781780663998,2024-12-30 09:12:00,2024-12-30 09:46:00,0 days 00:34:00,,2024-12-30,0,2024,False,55.0,21.0,2.619047619047619,with_trend
-1,292009,292054,22996.0,23049.0,,,-53.0,0.0,-0.0023047486519394145,2024-12-31 09:24:00,2024-12-31 10:09:00,0 days 00:45:00,,2024-12-31,1,2024,False,66.0,41.0,1.6097560975609757,with_trend
-1,292333,292393,22913.0,22867.0,,,46.0,0.0,0.0020075939423035427,2025-01-02 09:47:00,2025-01-02 10:47:00,0 days 01:00:00,,2025-01-02,3,2025,False,17.0,87.0,0.19540229885057472,with_trend
1,293209,293278,23851.0,23904.0,,,53.0,0.0,0.0022221290511927894,2025-01-07 09:20:00,2025-01-07 10:29:00,0 days 01:09:00,,2025-01-07,1,2025,True,19.0,87.0,0.21839080459770116,with_trend
-1,294736,294800,22662.0,22662.0,,,-0.0,0.0,-0.0,2025-01-14 09:42:00,2025-01-14 10:46:00,0 days 01:04:00,,2025-01-14,1,2025,False,14.0,50.0,0.28,with_trend
1,295957,296040,23337.0,23401.0,,,64.0,0.0,0.0027424261901700664,2025-01-20 09:59:00,2025-01-20 11:22:00,0 days 01:23:00,,2025-01-20,0,2025,True,27.0,80.0,0.3375,with_trend
1,296238,296319,23269.0,23304.0,,,35.0,0.0,0.0015041471485668367,2025-01-21 09:39:00,2025-01-21 11:00:00,0 days 01:21:00,,2025-01-21,1,2025,True,66.0,76.0,0.868421052631579,against_trend
-1,297157,297170,22843.0,22898.0,,,-55.0,0.0,-0.002407739788994334,2025-02-04 09:55:00,2025-02-04 10:08:00,0 days 00:13:00,,2025-02-04,1,2025,False,58.0,11.0,5.2727272727272725,with_trend
1,297746,297768,23309.0,23305.0,,,-4.0,0.0,-0.00017160753357070568,2025-02-06 09:42:00,2025-02-06 10:04:00,0 days 00:22:00,,2025-02-06,3,2025,True,16.0,23.0,0.6956521739130435,with_trend
1,298935,298985,23480.0,23446.0,,,-34.0,0.0,-0.0014480408858602578,2025-02-12 09:27:00,2025-02-12 10:17:00,0 days 00:50:00,,2025-02-12,2,2025,True,36.0,17.0,2.1176470588235294,with_trend
-1,299567,299598,23220.0,23229.0,,,-9.0,0.0,-0.0003875968992248513,2025-02-14 09:57:00,2025-02-14 10:28:00,0 days 00:31:00,,2025-02-14,4,2025,False,13.0,32.0,0.40625,with_trend
-1,301964,302010,23239.0,23280.0,,,-41.0,0.0,-0.0017642755712379277,2025-02-26 09:46:00,2025-02-26 10:32:00,0 days 00:46:00,,2025-02-26,2,2025,False,50.0,15.0,3.3333333333333335,with_trend
-1,302571,302587,22689.0,22714.0,,,-25.0,0.0,-0.0011018555247035433,2025-03-03 09:51:00,2025-03-03 10:07:00,0 days 00:16:00,,2025-03-03,0,2025,False,25.0,21.0,1.1904761904761905,with_trend
-1,302855,302889,22373.0,22460.0,,,-87.0,0.0,-0.0038886157421893497,2025-03-04 09:34:00,2025-03-04 10:08:00,0 days 00:34:00,,2025-03-04,1,2025,False,91.0,11.0,8.272727272727273,with_trend
1,303458,303465,22827.0,22772.0,,,-55.0,0.0,-0.0024094274324265585,2025-03-06 09:35:00,2025-03-06 09:42:00,0 days 00:07:00,,2025-03-06,3,2025,True,55.0,8.0,6.875,with_trend
-1,303740,303823,22662.0,22541.0,,,121.0,0.0,0.005339334568881804,2025-03-07 09:16:00,2025-03-07 10:39:00,0 days 01:23:00,,2025-03-07,4,2025,False,13.0,182.0,0.07142857142857142,with_trend
-1,304351,304367,21766.0,21888.0,,,-122.0,0.0,-0.005605072130846267,2025-03-11 09:25:00,2025-03-11 09:41:00,0 days 00:16:00,,2025-03-11,1,2025,False,124.0,35.0,3.5428571428571427,with_trend
-1,304667,304677,22151.0,22212.0,,,-61.0,0.0,-0.00275382601236962,2025-03-12 09:40:00,2025-03-12 09:50:00,0 days 00:10:00,,2025-03-12,2,2025,False,62.0,7.0,8.857142857142858,with_trend
1,304941,304960,22383.0,22317.0,,,-66.0,0.0,-0.0029486663986061368,2025-03-13 09:13:00,2025-03-13 09:32:00,0 days 00:19:00,,2025-03-13,3,2025,True,66.0,17.0,3.8823529411764706,with_trend
-1,305552,305574,22185.0,22256.0,,,-71.0,0.0,-0.0032003606040116317,2025-03-17 09:22:00,2025-03-17 09:44:00,0 days 00:22:00,,2025-03-17,0,2025,False,73.0,24.0,3.0416666666666665,against_trend
1,305891,305913,22235.0,22232.0,,,-3.0,0.0,-0.00013492241960877394,2025-03-18 10:00:00,2025-03-18 10:22:00,0 days 00:22:00,,2025-03-18,1,2025,True,14.0,40.0,0.35,with_trend
1,307350,307402,22355.0,22290.0,,,-65.0,0.0,-0.002907626929098628,2025-03-25 09:14:00,2025-03-25 10:06:00,0 days 00:52:00,,2025-03-25,1,2025,True,72.0,88.0,0.8181818181818182,with_trend
-1,307961,308038,21990.0,21969.0,,,21.0,0.0,0.0009549795361527558,2025-03-27 09:23:00,2025-03-27 10:40:00,0 days 01:17:00,,2025-03-27,3,2025,False,10.0,85.0,0.11764705882352941,with_trend
-1,308863,308884,21009.0,21101.0,,,-92.0,0.0,-0.004379075634251883,2025-04-01 09:22:00,2025-04-01 09:43:00,0 days 00:21:00,,2025-04-01,1,2025,False,92.0,26.0,3.5384615384615383,with_trend
-1,309772,309849,18639.0,18222.0,,,417.0,0.0,0.022372444873651975,2025-04-08 09:28:00,2025-04-08 10:45:00,0 days 01:17:00,,2025-04-08,1,2025,False,92.0,446.0,0.2062780269058296,with_trend
-1,312190,312219,19375.0,19386.0,,,-11.0,0.0,-0.000567741935483923,2025-04-18 09:38:00,2025-04-18 10:07:00,0 days 00:29:00,,2025-04-18,4,2025,False,27.0,46.0,0.5869565217391305,with_trend
-1,312780,312831,18995.0,19010.0,,,-15.0,0.0,-0.0007896814951302566,2025-04-22 09:26:00,2025-04-22 10:17:00,0 days 00:51:00,,2025-04-22,1,2025,False,40.0,33.0,1.2121212121212122,with_trend
1,313383,313450,19558.0,19529.0,,,-29.0,0.0,-0.0014827691993046788,2025-04-24 09:27:00,2025-04-24 10:34:00,0 days 01:07:00,,2025-04-24,3,2025,True,43.0,57.0,0.7543859649122807,with_trend
1,313969,314057,20010.0,19981.0,,,-29.0,0.0,-0.0014492753623188692,2025-04-28 09:11:00,2025-04-28 10:39:00,0 days 01:28:00,,2025-04-28,0,2025,True,40.0,43.0,0.9302325581395349,with_trend
1,314904,314997,20511.0,20619.0,,,108.0,0.0,0.005265467310223704,2025-05-02 09:43:00,2025-05-02 11:16:00,0 days 01:33:00,,2025-05-02,4,2025,True,22.0,136.0,0.16176470588235295,with_trend
-1,315480,315484,20275.0,20379.0,,,-104.0,0.0,-0.005129469790382313,2025-05-06 09:17:00,2025-05-06 09:21:00,0 days 00:04:00,,2025-05-06,1,2025,False,113.0,10.0,11.3,with_trend
1,316096,316205,20550.0,20685.0,,,135.0,0.0,0.006569343065693456,2025-05-08 09:31:00,2025-05-08 11:20:00,0 days 01:49:00,,2025-05-08,3,2025,True,52.0,145.0,0.3586206896551724,with_trend
1,316706,316756,21091.0,21089.0,,,-2.0,0.0,-9.482717746911451e-05,2025-05-12 09:39:00,2025-05-12 10:29:00,0 days 00:50:00,,2025-05-12,0,2025,True,52.0,43.0,1.2093023255813953,with_trend
1,317011,317037,21456.0,21423.0,,,-33.0,0.0,-0.0015380313199104823,2025-05-13 09:43:00,2025-05-13 10:09:00,0 days 00:26:00,,2025-05-13,1,2025,True,33.0,29.0,1.1379310344827587,with_trend
1,317598,317717,21706.0,21772.0,,,66.0,0.0,0.00304063392610332,2025-05-15 09:28:00,2025-05-15 11:27:00,0 days 01:59:00,,2025-05-15,3,2025,True,30.0,104.0,0.28846153846153844,with_trend
-1,318531,318570,21657.0,21608.0,,,49.0,0.0,0.0022625479059887876,2025-05-20 09:58:00,2025-05-20 10:37:00,0 days 00:39:00,,2025-05-20,1,2025,False,20.0,92.0,0.21739130434782608,with_trend
-1,319720,319746,21402.0,21478.0,,,-76.0,0.0,-0.0035510699934584444,2025-05-26 09:43:00,2025-05-26 10:09:00,0 days 00:26:00,,2025-05-26,0,2025,False,82.0,27.0,3.037037037037037,with_trend
1,320609,320644,21376.0,21357.0,,,-19.0,0.0,-0.0008888473053891843,2025-05-29 09:29:00,2025-05-29 10:04:00,0 days 00:35:00,,2025-05-29,3,2025,True,33.0,51.0,0.6470588235294118,with_trend
-1,321192,321215,21105.0,21167.0,,,-62.0,0.0,-0.002937692489931365,2025-06-03 09:10:00,2025-06-03 09:33:00,0 days 00:23:00,,2025-06-03,1,2025,False,68.0,19.0,3.5789473684210527,with_trend
1,322148,322209,21537.0,21545.0,,,8.0,0.0,0.00037145377722058726,2025-06-06 10:03:00,2025-06-06 11:04:00,0 days 01:01:00,,2025-06-06,4,2025,True,24.0,47.0,0.5106382978723404,with_trend
1,323032,323068,22250.0,22222.0,,,-28.0,0.0,-0.001258426966292081,2025-06-11 09:44:00,2025-06-11 10:20:00,0 days 00:36:00,,2025-06-11,2,2025,True,28.0,19.0,1.4736842105263157,with_trend
-1,323928,324016,21952.0,21934.0,,,18.0,0.0,0.0008199708454810217,2025-06-16 09:37:00,2025-06-16 11:05:00,0 days 01:28:00,,2025-06-16,0,2025,False,22.0,75.0,0.29333333333333333,with_trend
-1,325409,325456,21365.0,21349.0,,,16.0,0.0,0.0007488883688274717,2025-06-23 09:13:00,2025-06-23 10:00:00,0 days 00:47:00,,2025-06-23,0,2025,False,25.0,160.0,0.15625,with_trend
1,326020,326081,22053.0,22032.0,,,-21.0,0.0,-0.0009522513943681643,2025-06-25 09:22:00,2025-06-25 10:23:00,0 days 01:01:00,,2025-06-25,2,2025,True,36.0,32.0,1.125,with_trend
1,326354,326397,22156.0,22177.0,,,21.0,0.0,0.0009478245170608801,2025-06-26 09:55:00,2025-06-26 10:38:00,0 days 00:43:00,,2025-06-26,3,2025,True,11.0,107.0,0.102803738317757,with_trend
1,326626,326635,22096.0,22044.0,,,-52.0,0.0,-0.002353367125271566,2025-06-27 09:26:00,2025-06-27 09:35:00,0 days 00:09:00,,2025-06-27,4,2025,True,65.0,11.0,5.909090909090909,against_trend
1,328124,328133,22688.0,22642.0,,,-46.0,0.0,-0.002027503526093044,2025-07-04 09:19:00,2025-07-04 09:28:00,0 days 00:09:00,,2025-07-04,4,2025,True,48.0,5.0,9.6,with_trend
-1,328731,328762,22261.0,22155.0,,,106.0,0.0,0.004761690849467648,2025-07-08 09:24:00,2025-07-08 09:55:00,0 days 00:31:00,,2025-07-08,1,2025,False,35.0,116.0,0.3017241379310345,with_trend
-1,329050,329062,22278.0,22340.0,,,-62.0,0.0,-0.002783014633270575,2025-07-09 09:42:00,2025-07-09 09:54:00,0 days 00:12:00,,2025-07-09,2,2025,False,62.0,6.0,10.333333333333334,with_trend
1,329357,329429,22525.0,22550.0,,,25.0,0.0,0.0011098779134295356,2025-07-10 09:48:00,2025-07-10 11:00:00,0 days 01:12:00,,2025-07-10,3,2025,True,15.0,80.0,0.1875,with_trend
1,329927,329976,22570.0,22582.0,,,12.0,0.0,0.0005316792202039178,2025-07-14 09:16:00,2025-07-14 10:05:00,0 days 00:49:00,,2025-07-14,0,2025,True,21.0,50.0,0.42,against_trend
-1,330230,330237,22569.0,22620.0,,,-51.0,0.0,-0.002259736807124879,2025-07-15 09:18:00,2025-07-15 09:25:00,0 days 00:07:00,,2025-07-15,1,2025,False,52.0,6.0,8.666666666666666,with_trend
1,330853,330930,22886.0,22935.0,,,49.0,0.0,0.00214104692825301,2025-07-17 09:39:00,2025-07-17 10:56:00,0 days 01:17:00,,2025-07-17,3,2025,True,15.0,89.0,0.16853932584269662,with_trend
1,331142,331234,23294.0,23281.0,,,-13.0,0.0,-0.0005580836266849687,2025-07-18 09:27:00,2025-07-18 10:59:00,0 days 01:32:00,,2025-07-18,4,2025,True,33.0,26.0,1.2692307692307692,with_trend
-1,332034,332139,23170.0,23225.0,,,-55.0,0.0,-0.0023737591713421935,2025-07-23 09:16:00,2025-07-23 11:01:00,0 days 01:45:00,,2025-07-23,2,2025,False,83.0,95.0,0.8736842105263158,with_trend
1,332639,332725,23242.0,23287.0,,,45.0,0.0,0.0019361500731434056,2025-07-25 09:19:00,2025-07-25 10:45:00,0 days 01:26:00,,2025-07-25,4,2025,True,27.0,74.0,0.36486486486486486,with_trend
1,332936,332993,23298.0,23355.0,,,57.0,0.0,0.0024465619366469404,2025-07-28 09:15:00,2025-07-28 10:12:00,0 days 00:57:00,,2025-07-28,0,2025,True,33.0,97.0,0.3402061855670103,with_trend
-1,333567,333594,23358.0,23347.0,,,11.0,0.0,0.0004709307303707444,2025-07-30 09:44:00,2025-07-30 10:11:00,0 days 00:27:00,,2025-07-30,2,2025,False,7.0,78.0,0.08974358974358974,against_trend
1,334747,334867,23455.0,23546.0,,,91.0,0.0,0.0038797697719037405,2025-08-05 09:20:00,2025-08-05 11:20:00,0 days 02:00:00,,2025-08-05,1,2025,True,34.0,123.0,0.2764227642276423,with_trend
1,335642,335739,23992.0,23972.0,,,-20.0,0.0,-0.0008336112037345966,2025-08-08 09:12:00,2025-08-08 10:49:00,0 days 01:37:00,,2025-08-08,4,2025,True,43.0,4.0,10.75,with_trend
1,336294,336310,24150.0,24138.0,,,-12.0,0.0,-0.0004968944099379424,2025-08-12 10:02:00,2025-08-12 10:18:00,0 days 00:16:00,,2025-08-12,1,2025,True,20.0,25.0,0.8,with_trend
1,336556,336632,24267.0,24380.0,,,113.0,0.0,0.004656529443276769,2025-08-13 09:23:00,2025-08-13 10:39:00,0 days 01:16:00,,2025-08-13,2,2025,True,19.0,139.0,0.1366906474820144,with_trend
1,336872,336894,24306.0,24268.0,,,-38.0,0.0,-0.0015633999835431567,2025-08-14 09:38:00,2025-08-14 10:00:00,0 days 00:22:00,,2025-08-14,3,2025,True,50.0,12.0,4.166666666666667,with_trend
-1,338373,338447,23875.0,23871.0,,,4.0,0.0,0.00016753926701573718,2025-08-21 09:34:00,2025-08-21 10:48:00,0 days 01:14:00,,2025-08-21,3,2025,False,68.0,50.0,1.36,with_trend
1,338951,339045,24140.0,24269.0,,,129.0,0.0,0.00534382767191377,2025-08-25 09:10:00,2025-08-25 10:44:00,0 days 01:34:00,,2025-08-25,0,2025,True,59.0,174.0,0.3390804597701149,with_trend
1,339870,339917,24369.0,24333.0,,,-36.0,0.0,-0.0014772867167303083,2025-08-28 09:26:00,2025-08-28 10:13:00,0 days 00:47:00,,2025-08-28,3,2025,True,42.0,41.0,1.024390243902439,with_trend
-1,340483,340577,24223.0,23910.0,,,313.0,0.0,0.012921603434752127,2025-09-01 09:37:00,2025-09-01 11:11:00,0 days 01:34:00,,2025-09-01,0,2025,False,18.0,376.0,0.047872340425531915,with_trend
-1,341104,341163,24043.0,24010.0,,,33.0,0.0,0.0013725408642848436,2025-09-03 09:56:00,2025-09-03 10:55:00,0 days 00:59:00,,2025-09-03,2,2025,False,40.0,85.0,0.47058823529411764,against_trend
1,341366,341439,24240.0,24321.0,,,81.0,0.0,0.0033415841584159,2025-09-04 09:17:00,2025-09-04 10:30:00,0 days 01:13:00,,2025-09-04,3,2025,True,45.0,122.0,0.36885245901639346,with_trend
1,341702,341781,24310.0,24388.0,,,78.0,0.0,0.0032085561497325887,2025-09-05 09:52:00,2025-09-05 11:11:00,0 days 01:19:00,,2025-09-05,4,2025,True,11.0,114.0,0.09649122807017543,with_trend
1,343189,343230,25391.0,25421.0,,,30.0,0.0,0.0011815210113819141,2025-09-12 09:34:00,2025-09-12 10:15:00,0 days 00:41:00,,2025-09-12,4,2025,True,25.0,68.0,0.36764705882352944,with_trend
1,344673,344682,25763.0,25711.0,,,-52.0,0.0,-0.0020183984784380993,2025-09-19 09:13:00,2025-09-19 09:22:00,0 days 00:09:00,,2025-09-19,4,2025,True,60.0,21.0,2.857142857142857,with_trend
1,345002,345081,25742.0,25870.0,,,128.0,0.0,0.004972418615492247,2025-09-22 09:41:00,2025-09-22 11:00:00,0 days 01:19:00,,2025-09-22,0,2025,True,27.0,176.0,0.1534090909090909,with_trend
1,345289,345393,26044.0,26260.0,,,216.0,0.0,0.008293656888342715,2025-09-23 09:27:00,2025-09-23 11:11:00,0 days 01:44:00,,2025-09-23,1,2025,True,16.0,230.0,0.06956521739130435,with_trend
-1,346496,346541,26005.0,25954.0,,,51.0,0.0,0.0019611613151316876,2025-09-30 09:30:00,2025-09-30 10:15:00,0 days 00:45:00,,2025-09-30,1,2025,False,27.0,118.0,0.2288135593220339,against_trend
1,347100,347136,26439.0,26462.0,,,23.0,0.0,0.0008699270017775707,2025-10-02 09:32:00,2025-10-02 10:08:00,0 days 00:36:00,,2025-10-02,3,2025,True,25.0,70.0,0.35714285714285715,with_trend
1,349812,349911,27480.0,27425.0,,,-55.0,0.0,-0.002001455604075719,2025-10-17 09:35:00,2025-10-17 11:14:00,0 days 01:39:00,,2025-10-17,4,2025,True,99.0,63.0,1.5714285714285714,with_trend
1,350406,350483,27939.0,27963.0,,,24.0,0.0,0.0008590142811124579,2025-10-21 09:27:00,2025-10-21 10:44:00,0 days 01:17:00,,2025-10-21,1,2025,True,19.0,97.0,0.1958762886597938,with_trend
-1,351005,351067,27499.0,27540.0,,,-41.0,0.0,-0.0014909633077566653,2025-10-23 09:24:00,2025-10-23 10:26:00,0 days 01:02:00,,2025-10-23,3,2025,False,50.0,35.0,1.4285714285714286,with_trend
1,351333,351351,28161.0,28122.0,,,-39.0,0.0,-0.0013848940023436507,2025-10-27 09:51:00,2025-10-27 10:09:00,0 days 00:18:00,,2025-10-27,0,2025,True,39.0,9.0,4.333333333333333,with_trend
1,351597,351679,28085.0,28095.0,,,10.0,0.0,0.00035606195478021796,2025-10-28 09:14:00,2025-10-28 10:36:00,0 days 01:22:00,,2025-10-28,1,2025,True,43.0,75.0,0.5733333333333334,with_trend
1,351901,351990,28305.0,28428.0,,,123.0,0.0,0.004345521992580759,2025-10-29 09:17:00,2025-10-29 10:46:00,0 days 01:29:00,,2025-10-29,2,2025,True,68.0,141.0,0.48226950354609927,with_trend
-1,353404,353454,27670.0,27526.0,,,144.0,0.0,0.005204192265992003,2025-11-05 09:15:00,2025-11-05 10:05:00,0 days 00:50:00,,2025-11-05,2,2025,False,25.0,255.0,0.09803921568627451,with_trend
-1,353709,353767,28005.0,27988.0,,,17.0,0.0,0.0006070344581324827,2025-11-06 09:19:00,2025-11-06 10:17:00,0 days 00:58:00,,2025-11-06,3,2025,False,36.0,102.0,0.35294117647058826,with_trend
1,354028,354051,27719.0,27700.0,,,-19.0,0.0,-0.0006854504130741068,2025-11-07 09:37:00,2025-11-07 10:00:00,0 days 00:23:00,,2025-11-07,4,2025,True,44.0,59.0,0.7457627118644068,against_trend
-1,354357,354382,27856.0,27859.0,,,-3.0,0.0,-0.00010769672601962377,2025-11-10 10:05:00,2025-11-10 10:30:00,0 days 00:25:00,,2025-11-10,0,2025,False,15.0,53.0,0.2830188679245283,against_trend
1,354618,354630,28130.0,28065.0,,,-65.0,0.0,-0.002310700319943071,2025-11-11 09:25:00,2025-11-11 09:37:00,0 days 00:12:00,,2025-11-11,1,2025,True,67.0,14.0,4.785714285714286,with_trend
-1,355555,355573,27486.0,27498.0,,,-12.0,0.0,-0.0004365858982755544,2025-11-14 09:59:00,2025-11-14 10:17:00,0 days 00:18:00,,2025-11-14,4,2025,False,19.0,42.0,0.4523809523809524,with_trend
-1,355830,355906,27604.0,27601.0,,,3.0,0.0,0.00010867990146357087,2025-11-17 09:33:00,2025-11-17 10:49:00,0 days 01:16:00,,2025-11-17,0,2025,False,62.0,117.0,0.5299145299145299,with_trend
1,356753,356759,27410.0,27317.0,,,-93.0,0.0,-0.003392922291134637,2025-11-20 09:53:00,2025-11-20 09:59:00,0 days 00:06:00,,2025-11-20,3,2025,True,100.0,2.0,50.0,with_trend
1,357615,357634,27023.0,26941.0,,,-82.0,0.0,-0.0030344521333678376,2025-11-25 09:12:00,2025-11-25 09:31:00,0 days 00:19:00,,2025-11-25,1,2025,True,90.0,3.0,30.0,with_trend
1,358233,358316,27552.0,27620.0,,,68.0,0.0,0.0024680603948896707,2025-11-27 09:28:00,2025-11-27 10:51:00,0 days 01:23:00,,2025-11-27,3,2025,True,25.0,97.0,0.25773195876288657,with_trend
1,359468,359499,27797.0,27818.0,,,21.0,0.0,0.0007554772097708717,2025-12-03 09:59:00,2025-12-03 10:30:00,0 days 00:31:00,,2025-12-03,2,2025,True,35.0,91.0,0.38461538461538464,with_trend
1,359766,359782,27777.0,27743.0,,,-34.0,0.0,-0.0012240342729596954,2025-12-04 09:56:00,2025-12-04 10:12:00,0 days 00:16:00,,2025-12-04,3,2025,True,37.0,10.0,3.7,with_trend
1,360947,360960,28327.0,28267.0,,,-60.0,0.0,-0.0021181205210576426,2025-12-10 09:33:00,2025-12-10 09:46:00,0 days 00:13:00,,2025-12-10,2,2025,True,72.0,15.0,4.8,with_trend
1,361246,361264,28467.0,28408.0,,,-59.0,0.0,-0.0020725752625847527,2025-12-11 09:31:00,2025-12-11 09:49:00,0 days 00:18:00,,2025-12-11,3,2025,True,63.0,18.0,3.5,with_trend
-1,361849,361878,27873.0,27940.0,,,-67.0,0.0,-0.0024037599110249275,2025-12-15 09:32:00,2025-12-15 10:01:00,0 days 00:29:00,,2025-12-15,0,2025,False,72.0,13.0,5.538461538461538,with_trend
1,363061,363081,27860.0,27881.0,,,21.0,0.0,0.000753768844221181,2025-12-19 09:40:00,2025-12-19 10:00:00,0 days 00:20:00,,2025-12-19,4,2025,True,14.0,53.0,0.2641509433962264,with_trend
1,363969,363986,28499.0,28462.0,,,-37.0,0.0,-0.0012982911681111986,2025-12-24 09:45:00,2025-12-24 10:02:00,0 days 00:17:00,,2025-12-24,2,2025,True,39.0,2.0,19.5,with_trend
1,364265,364379,28554.0,28688.0,,,134.0,0.0,0.004692862646214158,2025-12-26 09:40:00,2025-12-26 11:34:00,0 days 01:54:00,,2025-12-26,4,2025,True,13.0,160.0,0.08125,with_trend
1,365155,365192,28849.0,28873.0,,,24.0,0.0,0.0008319179174320901,2025-12-31 09:27:00,2025-12-31 10:04:00,0 days 00:37:00,,2025-12-31,2,2025,True,15.0,104.0,0.14423076923076922,with_trend
1,366072,366088,30323.0,30362.0,,,39.0,0.0,0.0012861524255516343,2026-01-06 09:41:00,2026-01-06 09:57:00,0 days 00:16:00,,2026-01-06,1,2026,True,28.0,65.0,0.4307692307692308,with_trend
1,367252,367291,30709.0,30619.0,,,-90.0,0.0,-0.002930736917515997,2026-01-12 09:17:00,2026-01-12 09:56:00,0 days 00:39:00,,2026-01-12,0,2026,True,101.0,8.0,12.625,with_trend
1,368489,368597,31208.0,31404.0,,,196.0,0.0,0.006280440912586505,2026-01-16 09:50:00,2026-01-16 11:38:00,0 days 01:48:00,,2026-01-16,4,2026,True,28.0,238.0,0.11764705882352941,with_trend
1,368798,368832,31378.0,31457.0,,,79.0,0.0,0.0025176875517878283,2026-01-19 09:58:00,2026-01-19 10:32:00,0 days 00:34:00,,2026-01-19,0,2026,True,32.0,117.0,0.27350427350427353,with_trend
1,370265,370349,32176.0,32140.0,,,-36.0,0.0,-0.0011188463451019537,2026-01-26 09:20:00,2026-01-26 10:44:00,0 days 01:24:00,,2026-01-26,0,2026,True,78.0,55.0,1.4181818181818182,with_trend
1,372109,372119,32228.0,32131.0,,,-97.0,0.0,-0.003009805138388999,2026-02-03 09:58:00,2026-02-03 10:08:00,0 days 00:10:00,,2026-02-03,1,2026,True,112.0,10.0,11.2,with_trend
-1,375677,375717,35230.0,34853.0,,,377.0,0.0,0.010701107011070077,2026-03-03 09:14:00,2026-03-03 09:54:00,0 days 00:40:00,,2026-03-03,1,2026,False,90.0,483.0,0.18633540372670807,with_trend
-1,376008,376070,33508.0,33241.0,,,267.0,0.0,0.007968246388922018,2026-03-04 09:44:00,2026-03-04 10:46:00,0 days 01:02:00,,2026-03-04,2,2026,False,37.0,477.0,0.07756813417190776,with_trend
-1,376280,376323,34201.0,33775.0,,,426.0,0.0,0.012455776146896302,2026-03-05 09:15:00,2026-03-05 09:58:00,0 days 00:43:00,,2026-03-05,3,2026,False,69.0,546.0,0.12637362637362637,against_trend
1,376595,376623,33420.0,33620.0,,,200.0,0.0,0.005984440454817497,2026-03-06 09:29:00,2026-03-06 09:57:00,0 days 00:28:00,,2026-03-06,4,2026,True,56.0,325.0,0.1723076923076923,against_trend
-1,377223,377285,33201.0,32830.0,,,371.0,0.0,0.011174362218005496,2026-03-10 09:55:00,2026-03-10 10:57:00,0 days 01:02:00,,2026-03-10,1,2026,False,68.0,418.0,0.16267942583732056,against_trend
1,379006,379144,34384.0,34516.0,,,132.0,0.0,0.0038389948813402075,2026-03-18 09:32:00,2026-03-18 11:50:00,0 days 02:18:00,,2026-03-18,2,2026,True,137.0,179.0,0.7653631284916201,with_trend
-1,379918,379944,32711.0,32874.0,,,-163.0,0.0,-0.004983033230411715,2026-03-23 09:41:00,2026-03-23 10:07:00,0 days 00:26:00,,2026-03-23,0,2026,False,169.0,43.0,3.9302325581395348,with_trend
-1,381121,381203,32980.0,32943.0,,,37.0,0.0,0.0011218920557913847,2026-03-27 09:40:00,2026-03-27 11:02:00,0 days 01:22:00,,2026-03-27,4,2026,False,30.0,276.0,0.10869565217391304,with_trend
-1,381404,381415,33058.0,33223.0,,,-165.0,0.0,-0.004991227539476117,2026-04-01 09:22:00,2026-04-01 09:33:00,0 days 00:11:00,,2026-04-01,2,2026,False,169.0,15.0,11.266666666666667,with_trend
1,382631,382717,34841.0,34867.0,,,26.0,0.0,0.0007462472374502038,2026-04-09 09:45:00,2026-04-09 11:11:00,0 days 01:26:00,,2026-04-09,3,2026,True,85.0,104.0,0.8173076923076923,with_trend
1,383198,383219,35482.0,35565.0,,,83.0,0.0,0.002339214249478694,2026-04-13 09:10:00,2026-04-13 09:31:00,0 days 00:21:00,,2026-04-13,0,2026,True,80.0,106.0,0.7547169811320755,with_trend
