date,session_open,vwap_t1,vwap_t2,or_high,or_low,brk_time,day_low,max_decline,EmaHL,reach_ratio,L2,L3,L4,L5
2021-02-03,15864.0,15700.045486449933,15246.362657791919,15875.0,15833.0,09:00:00,15716.0,159.0,279.8851549461434,0.5680901512286187,1.0,0.0,0.0,0.0
2021-02-05,15809.0,15670.755098455089,15782.158069304469,15839.0,15803.0,09:00:00,15751.0,220.0,265.1939703754145,0.8295814557494015,1.0,1.0,0.0,0.0
2021-02-18,16374.0,16305.01993273978,15841.042397817417,16382.0,16341.0,08:59:00,16287.0,235.0,261.3537943435932,0.899164294094974,1.0,1.0,0.0,0.0
2021-02-22,16480.0,16241.650104482598,16381.245307863137,16509.0,16468.0,08:59:00,16336.0,228.0,253.30775455337226,0.9000908811576083,1.0,1.0,0.0,0.0
2021-02-25,16388.0,16285.650343085761,16328.600792864221,16400.0,16375.0,09:02:00,16243.0,179.0,257.32425099682325,0.695620406186317,1.0,0.0,0.0,0.0
2021-03-08,15950.0,15767.646633184966,15912.805075180393,15984.0,15942.0,09:15:00,15767.0,328.0,281.03251652025483,1.1671247301248149,1.0,1.0,1.0,0.0
2021-03-10,15977.0,15749.085387504469,15918.279673543931,15986.0,15934.0,09:00:00,15808.0,178.0,281.1717425483265,0.6330650384236466,1.0,0.0,0.0,0.0
2021-03-12,16276.0,16123.117253980683,15876.581929284655,16288.0,16243.0,09:02:00,16155.0,133.0,271.40816113366407,0.4900368487243082,0.0,0.0,0.0,0.0
2021-03-17,16304.0,16269.559460129003,16197.8421516417,16315.0,16295.0,09:04:00,16161.0,175.0,233.45973190970759,0.7495939388283143,1.0,1.0,0.0,0.0
2021-03-23,16223.0,16067.221175438335,16024.510667584309,16235.0,16206.0,08:58:00,16103.0,174.0,221.47135052886915,0.7856546663236192,1.0,1.0,0.0,0.0
2021-03-26,16095.0,15983.624107385309,15997.057448473384,16116.0,16090.0,09:13:00,16081.0,48.0,209.14523197036107,0.22950559067395954,0.0,0.0,0.0,0.0
2021-03-30,16469.0,16418.324843777897,16193.611286280217,16494.0,16465.0,09:06:00,16418.0,113.0,202.32977038843615,0.5584941839407057,1.0,0.0,0.0,0.0
2021-03-31,16540.0,16476.81215946646,16418.324843777897,16544.0,16493.0,09:03:00,16403.0,146.0,193.82217320858507,0.7532677896603687,1.0,1.0,0.0,0.0
2021-04-07,16777.0,16753.606815481653,16526.7155300061,16785.0,16751.0,09:05:00,16673.0,112.0,180.18510809174873,0.6215829997613929,1.0,0.0,0.0,0.0
2021-04-09,16952.0,16811.89042032532,16739.309134899726,16965.0,16949.0,09:02:00,16810.0,161.0,180.55062136308683,0.891716676378695,1.0,1.0,0.0,0.0
2021-04-13,16910.0,16872.71767365575,16880.215237501096,16918.0,16902.0,08:59:00,16780.0,266.0,181.19449957386473,1.4680357330138707,1.0,1.0,1.0,1.0
2021-04-16,17062.0,16941.584453727162,16768.457149040933,17072.0,17016.0,09:05:00,16990.0,88.0,204.08369210421534,0.4311956486707561,0.0,0.0,0.0,0.0
2021-04-20,17238.0,17208.519282883128,17065.73966978883,17254.0,17225.0,09:07:00,17206.0,72.0,199.32928083814454,0.36121135689273887,0.0,0.0,0.0,0.0
2021-04-27,17532.0,17430.78049028027,17162.970154972405,17535.0,17513.0,09:05:00,17460.0,116.0,200.63610791066355,0.5781611356399061,1.0,0.0,0.0,0.0
2021-05-07,17120.0,16926.68932004398,16922.128526805634,17151.0,17112.0,09:03:00,17060.0,115.0,252.3614227038139,0.455695639879835,0.0,0.0,0.0,0.0
2021-05-10,17369.0,17169.152039094362,16926.68932004398,17373.0,17323.0,08:59:00,17178.0,195.0,250.0412872082126,0.7798712051806908,1.0,1.0,0.0,0.0
2021-05-26,16616.0,16534.636824476605,16238.351453965592,16645.0,16608.0,09:08:00,16504.0,160.0,383.7409556887338,0.4169479374773377,0.0,0.0,0.0,0.0
2021-05-28,16731.0,16463.572115865158,16586.31711167022,16770.0,16728.0,09:01:00,16673.0,97.0,363.7244557905508,0.26668539455003554,0.0,0.0,0.0,0.0
2021-06-03,17253.0,17122.327477792194,17084.901958058967,17271.0,17225.0,09:00:00,17147.0,166.0,303.66776601868753,0.5466500517206178,1.0,0.0,0.0,0.0
2021-06-08,17190.0,17016.169914103724,17107.542415003696,17198.0,17161.0,08:58:00,17030.0,168.0,297.96579280014873,0.5638231101000267,1.0,0.0,0.0,0.0
2021-06-15,17322.0,17236.86075526564,17094.9802663525,17353.0,17311.0,09:01:00,17276.0,97.0,252.01044875081982,0.38490467550379476,0.0,0.0,0.0,0.0
2021-06-23,17100.0,17062.16062435047,16995.96356683053,17114.0,17088.0,09:03:00,17059.0,76.0,236.94749178043932,0.32074616797557515,0.0,0.0,0.0,0.0
2021-06-24,17298.0,17203.82820288691,17062.16062435047,17301.0,17284.0,09:02:00,17261.0,82.0,239.14296875373083,0.34289111834370306,0.0,0.0,0.0,0.0
2021-06-29,17595.0,17487.87428810411,17489.792020888464,17611.0,17575.0,09:01:00,17451.0,172.0,219.1674357717136,0.7847881205269767,1.0,1.0,0.0,0.0
2021-06-30,17610.0,17536.75265390008,17487.87428810411,17620.0,17591.0,09:03:00,17583.0,62.0,214.6752990315504,0.288808261964447,0.0,0.0,0.0,0.0
2021-07-06,17956.0,17864.213995095306,17657.95452932479,17958.0,17930.0,09:01:00,17858.0,116.0,202.50603218355872,0.5728224426166894,1.0,0.0,0.0,0.0
2021-07-26,17473.0,17465.64225663335,17441.139865316072,17479.0,17435.0,09:11:00,17197.0,282.0,196.6667419167702,1.433897756435824,1.0,1.0,1.0,1.0
2021-08-02,17313.0,17236.521569704564,17183.683954671826,17358.0,17308.0,09:00:00,17160.0,198.0,221.6290343929724,0.8933847523286342,1.0,1.0,0.0,0.0
2021-08-05,17570.0,17538.69840895566,17422.01321595159,17580.0,17556.0,09:00:00,17520.0,60.0,211.56544076248758,0.2836001937923244,0.0,0.0,0.0,0.0
2021-08-06,17555.0,17551.753704439216,17538.69840895566,17560.0,17483.0,09:00:00,17353.0,207.0,197.5115892612983,1.0480397670546258,1.0,1.0,1.0,0.0
2021-08-24,16822.0,16629.3174544569,16274.736874122336,16842.0,16800.0,09:05:00,16717.0,125.0,253.78330862148042,0.4925461831157634,0.0,0.0,0.0,0.0
2021-08-26,17103.0,16894.555067851787,16770.661978216398,17125.0,17091.0,09:00:00,16882.0,243.0,237.27840002801457,1.0241134463622052,1.0,1.0,1.0,0.0
2021-09-03,17442.0,17377.995812284942,17440.451091774157,17455.0,17413.0,09:01:00,17370.0,85.0,234.3564502303698,0.3626953724399134,0.0,0.0,0.0,0.0
2021-09-07,17522.0,17512.978599369086,17469.07024442362,17529.0,17481.0,09:10:00,17337.0,192.0,223.89723023393083,0.8575362893028906,1.0,1.0,0.0,0.0
2021-09-10,17300.0,17197.68012207855,17290.720894152753,17332.0,17299.0,08:59:00,17284.0,59.0,223.1706189584852,0.2643717182635737,0.0,0.0,0.0,0.0
2021-09-13,17434.0,17395.854857058297,17197.68012207855,17492.0,17427.0,09:07:00,17356.0,136.0,220.48770286720088,0.6168144446672947,1.0,0.0,0.0,0.0
2021-09-14,17541.0,17427.998075740445,17395.854857058297,17569.0,17503.0,09:07:00,17426.0,143.0,212.44125497508654,0.6731272606009127,1.0,0.0,0.0,0.0
2021-09-24,17191.0,17062.713668732362,16859.147712408587,17205.0,17183.0,08:59:00,17170.0,91.0,194.6411293458005,0.46752708590345726,0.0,0.0,0.0,0.0
2021-09-27,17247.0,17224.518021604406,17062.713668732362,17310.0,17246.0,09:14:00,17222.0,122.0,186.10387893191472,0.6555478623023927,1.0,0.0,0.0,0.0
2021-10-06,16470.0,16279.880604903445,16441.172956957926,16482.0,16452.0,09:07:00,16265.0,228.0,224.47827983239392,1.0156884673663553,1.0,1.0,1.0,0.0
2021-10-08,16740.0,16667.092053934186,16354.96049180811,16746.0,16714.0,09:00:00,16591.0,168.0,226.35523587186896,0.7421962180503674,1.0,1.0,0.0,0.0
2021-10-14,16496.0,16422.786578330943,16385.565946149283,16519.0,16480.0,09:15:00,16354.0,192.0,223.75041170987464,0.8580989797192252,1.0,1.0,0.0,0.0
2021-10-15,16654.0,16437.6961450158,16422.786578330943,16672.0,16631.0,09:01:00,16570.0,102.0,220.72656297560087,0.46211021738817676,0.0,0.0,0.0,0.0
2021-10-18,16800.0,16699.172971123706,16437.6961450158,16843.0,16790.0,09:15:00,16705.0,165.0,220.65736650173415,0.7477656541264996,1.0,1.0,0.0,0.0
2021-10-20,16973.0,16886.734998934982,16787.576630422547,16976.0,16953.0,09:00:00,16863.0,124.0,210.75126827012704,0.5883713109667507,1.0,0.0,0.0,0.0
2021-10-26,16975.0,16832.676789186185,16850.521996538846,16990.0,16962.0,09:01:00,16948.0,89.0,199.5654590023253,0.4459689589818396,0.0,0.0,0.0,0.0
2021-10-29,17061.0,17040.81848347345,17001.014252969853,17074.0,17030.0,08:59:00,16858.0,216.0,182.67006622362047,1.1824597454055652,1.0,1.0,1.0,0.0
2021-11-04,17269.0,17087.064640102115,17133.34445628606,17280.0,17242.0,09:00:00,17050.0,230.0,175.50830004128136,1.3104793331477864,1.0,1.0,1.0,1.0
2021-11-12,17570.0,17468.74720041801,17541.79045355516,17577.0,17553.0,08:59:00,17491.0,147.0,162.5248248810788,0.9044772089898359,1.0,1.0,0.0,0.0
2021-11-17,17711.0,17687.636698185535,17656.752370943123,17728.0,17711.0,09:11:00,17678.0,60.0,146.88821659208722,0.40847388164989246,0.0,0.0,0.0,0.0
2021-11-19,17919.0,17811.590887268238,17722.37149449397,17944.0,17905.0,09:10:00,17813.0,136.0,137.39375553229814,0.9898557578042875,1.0,1.0,1.0,0.0
2021-12-13,17912.0,17830.50103725832,17882.189321558628,17944.0,17892.0,08:59:00,17743.0,201.0,163.4336304673504,1.2298570338627723,1.0,1.0,1.0,0.0
2021-12-16,17765.0,17609.92322807569,17633.3097591001,17777.0,17738.0,09:09:00,17671.0,106.0,161.67598222390203,0.6556323242446895,1.0,0.0,0.0,0.0
2021-12-22,17847.0,17738.90812391213,17648.683404912415,17852.0,17817.0,09:00:00,17783.0,69.0,160.85752170855318,0.4289510323615231,0.0,0.0,0.0,0.0
2021-12-23,17935.0,17813.97107606679,17738.90812391213,17948.0,17928.0,09:00:00,17903.0,80.0,152.1091863077386,0.5259379919247518,1.0,0.0,0.0,0.0
2021-12-24,18014.0,17937.517828213244,17813.97107606679,18020.0,17994.0,09:13:00,17946.0,89.0,145.24164475462064,0.6127719095329827,1.0,0.0,0.0,0.0
2022-01-12,18403.0,18205.195481269948,18165.743553261535,18411.0,18369.0,09:01:00,18271.0,140.0,169.96628789193474,0.823692755406958,1.0,1.0,0.0,0.0
2022-01-13,18433.0,18331.934622089473,18205.195481269948,18449.0,18404.0,08:58:00,18364.0,121.0,167.1123557117505,0.7240637562952618,1.0,1.0,0.0,0.0
2022-01-14,18549.0,18414.455861923805,18331.934622089473,18560.0,18483.0,08:59:00,18220.0,340.0,162.72070278682187,2.089469834981166,1.0,1.0,1.0,1.0
2022-01-18,18531.0,18478.989549327176,18343.797778865726,18555.0,18518.0,08:59:00,18347.0,236.0,176.7849743901195,1.3349550820942961,1.0,1.0,1.0,1.0
2022-02-07,17797.0,17683.839878680123,17667.433817918074,17806.0,17733.0,09:05:00,17693.0,153.0,189.39646094676175,0.8078292447238886,1.0,1.0,0.0,0.0
2022-02-10,18230.0,18100.978636092666,18002.48073460166,18240.0,18196.0,09:01:00,18133.0,107.0,178.51553024876785,0.5993876266725457,1.0,0.0,0.0,0.0
2022-02-17,18269.0,18192.849520012063,18009.700018428273,18281.0,18251.0,09:00:00,18168.0,162.0,172.87567470379497,0.9370896181754353,1.0,1.0,0.0,0.0
2022-03-01,17756.0,17602.3431104995,17703.2943844504,17788.0,17724.0,08:59:00,17692.0,96.0,202.1506464985496,0.4748933612769266,0.0,0.0,0.0,0.0
2022-03-03,17942.0,17818.323795100976,17858.609502361458,17960.0,17927.0,08:59:00,17865.0,99.0,200.0688965668399,0.49482953971771243,0.0,0.0,0.0,0.0
2022-03-17,17339.0,16929.01640732797,16958.63419709462,17374.0,17315.0,09:08:00,17262.0,138.0,232.606099789226,0.593277648888174,1.0,0.0,0.0,0.0
2022-03-18,17441.0,17363.430492959935,16929.01640732797,17444.0,17406.0,09:00:00,17295.0,149.0,230.2626617140616,0.6470871086560576,1.0,0.0,0.0,0.0
2022-03-22,17536.0,17515.986128408847,17370.86846973471,17538.0,17503.0,08:58:00,17453.0,85.0,214.4735167319189,0.3963193278834781,0.0,0.0,0.0,0.0
2022-03-25,17720.0,17621.66270594109,17678.952667988644,17726.0,17673.0,09:02:00,17591.0,135.0,189.87170405617448,0.7110064170491649,1.0,1.0,0.0,0.0
2022-03-31,17747.0,17712.263633024257,17529.68664004713,17774.0,17722.0,09:04:00,17623.0,151.0,170.92406119006338,0.8834332565506484,1.0,1.0,0.0,0.0
2022-04-14,17349.0,17225.8407844174,16997.18972409359,17352.0,17320.0,09:01:00,17251.0,101.0,192.5614341301514,0.5245079340847376,1.0,0.0,0.0,0.0
2022-04-19,17065.0,16897.914838400768,17030.310367274942,17075.0,17024.0,08:58:00,16988.0,134.0,181.35308030436332,0.7388901240337851,1.0,1.0,0.0,0.0
2022-04-21,17180.0,17028.593390243448,17056.94365411754,17196.0,17173.0,09:02:00,17090.0,132.0,172.47723807227928,0.7653183775164775,1.0,1.0,0.0,0.0
2022-05-05,16753.0,16533.661035029552,16490.385366881426,16767.0,16731.0,09:12:00,16645.0,131.0,161.0730517763112,0.8132955733770111,1.0,1.0,0.0,0.0
2022-05-23,16220.0,16094.053768221063,15895.231805559375,16263.0,16220.0,09:00:00,16076.0,187.0,162.0454719310569,1.153997071140378,1.0,1.0,1.0,0.0
2022-05-26,16153.0,16054.133900864745,16045.233082706767,16180.0,16152.0,09:01:00,15928.0,256.0,172.3999451436259,1.4849192659935426,1.0,1.0,1.0,1.0
2022-06-22,15316.0,15246.887645720044,15091.093823733518,15319.0,15286.0,08:59:00,14984.0,335.0,194.26430097624385,1.7244547676362134,1.0,1.0,1.0,1.0
2022-07-11,14467.0,14380.927085504049,14111.552399837814,14496.0,14416.0,09:04:00,14229.0,267.0,294.3215795318787,0.9071709944770822,1.0,1.0,0.0,0.0
2022-07-15,14422.0,14304.751827325545,14286.424625935162,14457.0,14402.0,09:00:00,14333.0,124.0,285.04591485118834,0.4350176358946793,0.0,0.0,0.0,0.0
2022-07-28,14922.0,14704.854820976147,14708.375446133152,14946.0,14911.0,09:06:00,14786.0,163.0,214.7468326629106,0.7590333136873878,1.0,1.0,0.0,0.0
2022-08-15,15369.0,15254.792516265605,15150.3758857229,15373.0,15341.0,09:01:00,15310.0,63.0,170.1831570133526,0.37018939538803486,0.0,0.0,0.0,0.0
2022-09-12,14775.0,14461.262845068195,14375.804551633855,14803.0,14755.0,09:09:00,14731.0,72.0,155.25894616844477,0.46374139318120317,0.0,0.0,0.0,0.0
2022-09-20,14548.0,14471.539001468811,14491.083192797301,14550.0,14505.0,09:01:00,14464.0,86.0,144.69373208129656,0.5943588486036193,1.0,0.0,0.0,0.0
2022-10-06,13932.0,13803.447374071371,13561.485931882997,13957.0,13888.0,09:00:00,13814.0,143.0,170.96771863401847,0.8364152083359814,1.0,1.0,0.0,0.0
2022-10-14,13150.0,12927.247272814648,13061.952942875974,13157.0,13128.0,09:01:00,13074.0,107.0,180.02639874527452,0.5943572761870216,1.0,0.0,0.0,0.0
2022-10-19,13125.0,13088.931916367415,12923.85907246328,13139.0,13084.0,08:59:00,12967.0,201.0,181.2714684152724,1.108834179792331,1.0,1.0,1.0,0.0
2022-10-24,13100.0,12877.046820418262,12769.67222638272,13126.0,13065.0,08:58:00,12864.0,262.0,186.4791061289659,1.4049831396060268,1.0,1.0,1.0,1.0
2022-11-01,12960.0,12923.609037105773,12835.24946464605,12986.0,12943.0,09:00:00,12934.0,90.0,186.34785728422654,0.4829677212908746,0.0,0.0,0.0,0.0
2022-11-02,13033.0,13026.756508254237,12923.609037105773,13047.0,13024.0,09:02:00,13015.0,61.0,183.93377563810972,0.33164110174097494,0.0,0.0,0.0,0.0
2022-11-07,13156.0,12943.489311336902,12939.06595526536,13175.0,13133.0,09:01:00,13096.0,79.0,172.2036245655755,0.45875921717267126,0.0,0.0,0.0,0.0
2022-11-14,14159.0,13983.48858639305,13507.63645711549,14177.0,14116.0,08:58:00,14080.0,97.0,160.09212568033865,0.6059011309131042,1.0,0.0,0.0,0.0
2022-11-16,14620.0,14422.826740182505,14139.887192899712,14646.0,14586.0,09:12:00,14451.0,195.0,175.53119585170577,1.1109136416112728,1.0,1.0,1.0,0.0
2022-11-23,14615.0,14451.348055036522,14459.540368722186,14635.0,14596.0,09:09:00,14543.0,94.0,176.37968564372252,0.5329411925014707,1.0,0.0,0.0,0.0
2022-11-24,14690.0,14596.136233126763,14451.348055036522,14710.0,14677.0,09:13:00,14656.0,59.0,169.0101917728918,0.34909137360947745,0.0,0.0,0.0,0.0
2022-12-13,14660.0,14543.95851846749,14657.211049030786,14687.0,14625.0,09:01:00,14496.0,191.0,170.11861851421818,1.1227460090386086,1.0,1.0,1.0,0.0
2022-12-14,14609.0,14568.521366625924,14543.95851846749,14635.0,14598.0,09:02:00,14576.0,64.0,172.10732151286408,0.37186099601937245,0.0,0.0,0.0,0.0
2022-12-22,14311.0,14234.46623737485,14281.382499058744,14329.0,14292.0,09:05:00,14285.0,51.0,169.4040409396963,0.30105539228639033,0.0,0.0,0.0,0.0
2022-12-30,14193.0,14001.137835184312,14131.167839112803,14199.0,14177.0,09:13:00,14127.0,86.0,143.2750126937428,0.6002442322851446,1.0,0.0,0.0,0.0
2023-01-04,14205.0,14106.361427910751,14170.851136641408,14215.0,14191.0,09:14:00,14181.0,84.0,152.78974962004798,0.5497751008093682,1.0,0.0,0.0,0.0
2023-01-05,14324.0,14220.91,14106.361427910751,14345.0,14318.0,08:59:00,14239.0,136.0,146.8097734657577,0.9263688430915058,1.0,1.0,0.0,0.0
2023-01-09,14618.0,14344.438701126574,14299.330129609112,14638.0,14608.0,08:59:00,14582.0,56.0,144.0869120660738,0.38865431424000624,0.0,0.0,0.0,0.0
2023-01-11,14855.0,14781.863198654175,14663.826918985218,14884.0,14851.0,09:03:00,14746.0,138.0,143.10062416293118,0.9643563807441977,1.0,1.0,0.0,0.0
2023-01-12,14825.0,14799.249706860273,14781.863198654175,14840.0,14822.0,09:03:00,14709.0,131.0,142.6148504331282,0.9185579173707834,1.0,1.0,0.0,0.0
2023-01-13,15000.0,14771.661392265842,14799.249706860273,15016.0,14991.0,08:59:00,14822.0,194.0,141.5086742014017,1.3709406938820599,1.0,1.0,1.0,1.0
2023-01-16,14935.0,14895.126469527138,14771.661392265842,14958.0,14929.0,09:07:00,14916.0,88.0,146.5078480869825,0.6006504166777054,1.0,0.0,0.0,0.0
2023-01-30,15450.0,14933.317813525156,14949.842483275865,15532.0,15450.0,09:05:00,15349.0,183.0,133.51322711882239,1.3706507134093615,1.0,1.0,1.0,1.0
2023-01-31,15449.0,15428.96473241747,14933.317813525156,15456.0,15435.0,09:00:00,15265.0,191.0,138.22625310750595,1.3817925011064944,1.0,1.0,1.0,1.0
2023-02-02,15549.0,15355.225966787804,15366.348310755224,15555.0,15515.0,09:02:00,15468.0,102.0,139.60924574106497,0.7306106372724103,1.0,1.0,0.0,0.0
2023-02-03,15581.0,15539.325453918029,15355.225966787804,15588.0,15531.0,09:09:00,15488.0,100.0,138.88455567048734,0.7200224641050551,1.0,1.0,0.0,0.0
2023-02-10,15596.0,15575.34117542928,15565.618825891177,15598.0,15537.0,09:14:00,15520.0,78.0,127.91079882969058,0.6097999599224978,1.0,0.0,0.0,0.0
2023-02-14,15633.0,15488.806311291859,15561.169306704776,15648.0,15622.0,08:58:00,15588.0,60.0,122.47573328235441,0.48989296403456967,0.0,0.0,0.0,0.0
2023-03-02,15596.0,15457.864220561336,15594.302955600771,15618.0,15552.0,08:58:00,15435.0,183.0,143.34012481853833,1.2766836936389525,1.0,1.0,1.0,0.0
2023-03-06,15730.0,15618.534781220842,15529.249726930204,15773.0,15716.0,09:02:00,15692.0,81.0,142.82037428456312,0.5671459720348525,1.0,0.0,0.0,0.0
2023-03-09,15855.0,15771.785952910173,15828.595712793496,15862.0,15841.0,09:00:00,15751.0,111.0,137.63707452951283,0.8064687539998449,1.0,1.0,0.0,0.0
2023-03-20,15454.0,15367.097246886815,15232.96979205492,15470.0,15438.0,09:02:00,15352.0,125.0,141.9872347300489,0.8803608312934214,1.0,1.0,0.0,0.0
2023-03-21,15464.0,15401.527904378068,15367.097246886815,15474.0,15452.0,08:59:00,15425.0,77.0,140.3694028509966,0.5485525936285146,1.0,0.0,0.0,0.0
2023-03-24,15878.0,15777.018050747085,15668.893528551987,15884.0,15866.0,09:02:00,15806.0,78.0,142.0915380795795,0.5489419078306794,1.0,0.0,0.0,0.0
2023-03-30,15822.0,15728.359304947262,15719.163136499787,15845.0,15811.0,09:05:00,15761.0,101.0,139.01901642869424,0.7265193107721706,1.0,1.0,0.0,0.0
2023-04-12,15957.0,15908.345170367276,15868.704940553092,15960.0,15943.0,09:01:00,15866.0,94.0,122.72179726586204,0.7659600991367514,1.0,1.0,0.0,0.0
2023-04-17,15920.0,15919.517830189767,15856.416127690154,15924.0,15896.0,08:58:00,15877.0,53.0,119.73942419247896,0.44262781750815383,0.0,0.0,0.0,0.0
2023-04-18,15931.0,15922.289078603542,15919.517830189767,15952.0,15928.0,09:01:00,15862.0,101.0,117.57376474557621,0.8590351786264477,1.0,1.0,0.0,0.0
2023-05-02,15628.0,15542.334512834472,15391.586163478018,15641.0,15608.0,08:59:00,15551.0,90.0,133.09411792237577,0.6762132046473348,1.0,0.0,0.0,0.0
2023-05-08,15758.0,15635.85205792683,15558.240803007731,15763.0,15735.0,09:01:00,15704.0,72.0,125.87822225184945,0.5719813857550896,1.0,0.0,0.0,0.0
2023-05-18,16026.0,15800.641620011584,15658.513895039116,16040.0,15994.0,09:07:00,15960.0,80.0,134.1196334470672,0.5964823936949804,1.0,0.0,0.0,0.0
2023-05-19,16153.0,16029.205398938333,15800.641620011584,16161.0,16125.0,09:00:00,16068.0,93.0,133.2510969282989,0.6979304646928527,1.0,0.0,0.0,0.0
2023-05-23,16149.0,16124.482290672451,16115.062542197726,16179.0,16140.0,08:58:00,16072.0,107.0,123.47312016126055,0.8665853738874822,1.0,1.0,0.0,0.0
2023-05-29,16607.0,16410.549223662976,16184.046825429106,16633.0,16605.0,09:01:00,16543.0,90.0,117.8156863268681,0.7639050690610399,1.0,1.0,0.0,0.0
2023-06-05,16750.0,16660.649181770408,16463.561581210623,16754.0,16691.0,08:59:00,16657.0,107.0,119.46358258482631,0.8956704435347365,1.0,1.0,0.0,0.0
2023-06-08,16852.0,16846.14529576797,16728.037756329777,16856.0,16835.0,08:59:00,16667.0,200.0,119.11529132375809,1.6790455513926874,1.0,1.0,1.0,1.0
2023-06-12,16954.0,16847.866641370656,16769.947132990314,16956.0,16934.0,09:01:00,16907.0,68.0,124.55015911083146,0.545964778250423,1.0,0.0,0.0,0.0
2023-06-15,17250.0,17194.737155824943,17184.605923317595,17263.0,17238.0,09:05:00,17230.0,69.0,124.11743238755997,0.5559251321324926,1.0,0.0,0.0,0.0
2023-07-05,17086.0,17053.93233540041,16991.512650011922,17098.0,17073.0,09:05:00,16975.0,123.0,132.87817734961817,0.9256598973085888,1.0,1.0,0.0,0.0
2023-07-14,17219.0,17172.055935241722,16879.591114573224,17224.0,17187.0,09:01:00,17143.0,81.0,148.79859577467246,0.5443599758337726,1.0,0.0,0.0,0.0
2023-07-25,17091.0,16956.259706990728,16905.84162941586,17110.0,17077.0,08:58:00,17054.0,78.0,159.41647950658108,0.4892844217951757,0.0,0.0,0.0,0.0
2023-07-26,17206.0,17150.59218763492,16956.259706990728,17208.0,17163.0,09:00:00,17078.0,130.0,160.51967193452575,0.8098695844147102,1.0,1.0,0.0,0.0
2023-08-08,17020.0,16943.594323873123,16795.475263517572,17026.0,16968.0,09:00:00,16757.0,269.0,183.80271383572233,1.4635257248727274,1.0,1.0,1.0,1.0
2023-08-18,16422.0,16363.585062606784,16358.307066972939,16430.0,16404.0,09:07:00,16320.0,221.0,192.9792345188493,1.1452009360023332,1.0,1.0,1.0,0.0
2023-08-21,16424.0,16414.112300280263,16363.585062606784,16474.0,16422.0,09:10:00,16325.0,149.0,195.64787885038746,0.7615722740032401,1.0,1.0,0.0,0.0
2023-08-22,16495.0,16386.57886705253,16414.112300280263,16506.0,16480.0,09:04:00,16380.0,127.0,191.20522372177913,0.664207794787011,1.0,0.0,0.0,0.0
2023-08-24,16788.0,16501.45672929487,16432.801324426506,16792.0,16728.0,09:04:00,16670.0,128.0,182.31992236635438,0.702062606974987,1.0,0.0,0.0,0.0
2023-08-29,16578.0,16504.896417558062,16512.50436053788,16581.0,16559.0,09:00:00,16453.0,128.0,168.03156759646095,0.761761625097735,1.0,1.0,0.0,0.0
2023-10-11,16829.0,16520.76978820751,16420.745079566866,16829.0,16766.0,08:59:00,16662.0,167.0,136.27858418672966,1.2254309875363518,1.0,1.0,1.0,0.0
2023-10-12,16768.0,16724.544052385318,16520.76978820751,16797.0,16765.0,09:00:00,16725.0,72.0,139.20443331180303,0.5172249064706704,1.0,0.0,0.0,0.0
2023-11-06,16680.0,16489.230599450246,16340.987479100873,16683.0,16644.0,09:04:00,16626.0,96.0,141.79525407205432,0.6770325327758634,1.0,0.0,0.0,0.0
2023-11-08,16725.0,16666.701155624036,16686.605236145828,16737.0,16713.0,08:59:00,16687.0,71.0,136.18613768710114,0.5213452793787893,1.0,0.0,0.0,0.0
2023-11-13,16969.0,16679.0709147639,16740.45747935368,16985.0,16955.0,09:00:00,16836.0,149.0,128.2832003450844,1.1614926942825483,1.0,1.0,1.0,0.0
2023-11-14,16956.0,16898.503080208888,16679.0709147639,16967.0,16937.0,09:13:00,16912.0,55.0,130.2562288836478,0.42224468243379826,0.0,0.0,0.0,0.0
2023-11-15,17190.0,16948.18941788154,16898.503080208888,17214.0,17181.0,09:00:00,17094.0,120.0,123.9461118471099,0.9681626814403221,1.0,1.0,0.0,0.0
2023-11-20,17227.0,17213.626347256122,17162.15817716503,17288.0,17215.0,09:00:00,17154.0,134.0,120.16525009818884,1.1151310373881516,1.0,1.0,1.0,0.0
2023-11-24,17330.0,17273.691174875243,17298.671755608535,17350.0,17326.0,09:14:00,17265.0,85.0,118.38061074370282,0.7180229892885691,1.0,1.0,0.0,0.0
2023-11-30,17400.0,17381.932324830686,17319.98918461609,17416.0,17383.0,09:00:00,17291.0,125.0,132.95077448558007,0.9401976068485226,1.0,1.0,0.0,0.0
2023-12-04,17465.0,17372.956138699596,17364.785169200353,17487.0,17462.0,09:06:00,17376.0,115.0,136.74655235667666,0.8409718418351416,1.0,1.0,0.0,0.0
2023-12-11,17436.0,17414.67417782496,17313.094631671585,17457.0,17416.0,09:01:00,17350.0,107.0,125.2394300591035,0.8543635175399962,1.0,1.0,0.0,0.0
2023-12-12,17518.0,17394.830057109433,17414.67417782496,17545.0,17513.0,09:05:00,17427.0,118.0,123.50234148204602,0.9554474723635429,1.0,1.0,0.0,0.0
2023-12-13,17491.0,17481.619978559305,17394.830057109433,17511.0,17474.0,08:59:00,17426.0,93.0,122.9783089599464,0.7562309222375937,1.0,1.0,0.0,0.0
2023-12-15,17771.0,17642.22427715831,17473.381372202683,17775.0,17745.0,09:00:00,17672.0,103.0,117.8257812574618,0.8741720097313346,1.0,1.0,0.0,0.0
2023-12-26,17651.0,17629.106928118737,17566.739580366466,17655.0,17638.0,09:06:00,17634.0,30.0,102.94574835543358,0.29141562890408157,0.0,0.0,0.0,0.0
2024-01-09,17770.0,17633.139683350357,17548.52294199669,17782.0,17721.0,09:00:00,17526.0,256.0,111.80545718613983,2.2896914555234744,1.0,1.0,1.0,1.0
2024-01-15,17580.0,17507.023622047243,17541.5043236746,17655.0,17574.0,09:10:00,17527.0,128.0,121.85584702852682,1.0504214867099058,1.0,1.0,1.0,0.0
2024-01-19,17541.0,17265.85869013743,17254.108657072793,17573.0,17533.0,09:05:00,17504.0,75.0,131.0734099506103,0.5721984346654344,1.0,0.0,0.0,0.0
2024-01-25,18016.0,17909.640007922964,17847.52899817426,18030.0,18007.0,08:59:00,17935.0,95.0,121.69973343500644,0.7806097623930672,1.0,1.0,0.0,0.0
2024-01-30,18129.0,18073.677123130663,17989.726947819872,18139.0,18097.0,08:58:00,18064.0,75.0,120.75202155606405,0.6211076140466782,1.0,0.0,0.0,0.0
2024-02-02,18100.0,17933.88287494265,17941.72636834835,18105.0,18048.0,08:59:00,18023.0,82.0,114.47728278296547,0.7162993216345088,1.0,1.0,0.0,0.0
2024-02-19,18680.0,18675.56646301876,18613.49594169893,18692.0,18655.0,08:59:00,18619.0,73.0,116.79605704186447,0.6250210995892936,1.0,0.0,0.0,0.0
2024-02-21,18755.0,18691.347880337198,18660.097018448578,18755.0,18724.0,08:58:00,18679.0,76.0,116.9464321816623,0.6498701891302087,1.0,0.0,0.0,0.0
2024-02-23,18990.0,18832.711694454298,18705.772588441836,18999.0,18961.0,09:01:00,18898.0,102.0,115.51850797637209,0.8829753931799644,1.0,1.0,0.0,0.0
2024-03-08,19930.0,19687.91666252382,19414.286344804612,19993.0,19929.0,09:09:00,19638.0,371.0,153.1391212655124,2.422633726340644,1.0,1.0,1.0,1.0
2024-03-13,19994.0,19840.287635584325,19739.92840874115,20035.0,19988.0,09:14:00,19886.0,178.0,179.49543599612883,0.9916686684102592,1.0,1.0,1.0,0.0
2024-03-19,19816.0,19815.259123139178,19803.60703361027,19821.0,19765.0,09:00:00,19739.0,86.0,176.19115859364928,0.48810621762436057,0.0,0.0,0.0,0.0
2024-03-25,20256.0,20203.41935722984,20138.16730695162,20271.0,20225.0,08:58:00,20188.0,83.0,183.51185966281005,0.45228684485300613,0.0,0.0,0.0,0.0
2024-04-01,20393.0,20260.380679721446,20193.420280218932,20400.0,20363.0,08:59:00,20259.0,141.0,184.21682622423504,0.7654023950470733,1.0,1.0,0.0,0.0
2024-04-10,20822.0,20724.38705653155,20452.837949879722,20840.0,20813.0,09:14:00,20804.0,83.0,190.86955714293111,0.4348519546144602,0.0,0.0,0.0,0.0
2024-04-30,20518.0,20477.665155737956,20169.50526965104,20534.0,20487.0,09:08:00,20404.0,172.0,243.38678791617076,0.7066940710817944,1.0,0.0,0.0,0.0
2024-05-03,20548.0,20316.388794926002,20517.75670894309,20597.0,20533.0,09:00:00,20306.0,291.0,229.77013704702415,1.26648311978177,1.0,1.0,1.0,0.0
2024-05-06,20685.0,20454.74648725887,20316.388794926002,20691.0,20626.0,09:02:00,20562.0,129.0,235.6015525663552,0.5475345921740827,1.0,0.0,0.0,0.0
2024-05-07,20733.0,20633.934337457413,20454.74648725887,20754.0,20716.0,09:08:00,20536.0,220.0,227.63949994098803,0.9664403587999075,1.0,1.0,0.0,0.0
2024-05-10,20738.0,20692.933077762827,20665.473865350337,20751.0,20708.0,09:12:00,20616.0,135.0,214.92790520410722,0.628117600047312,1.0,0.0,0.0,0.0
2024-05-13,20942.0,20723.556874574293,20692.933077762827,20965.0,20922.0,09:07:00,20833.0,132.0,214.64905708943036,0.6149572785917441,1.0,0.0,0.0,0.0
2024-05-23,21630.0,21481.30905156489,21270.0716068497,21650.0,21557.0,09:14:00,21492.0,158.0,220.7737178203857,0.7156648968902342,1.0,1.0,0.0,0.0
2024-06-03,21469.0,21420.25313417319,21460.46474336531,21563.0,21468.0,09:13:00,21424.0,158.0,219.2979683254803,0.7204809110018642,1.0,1.0,0.0,0.0
2024-06-11,21920.0,21847.922530063493,21877.096670677896,21940.0,21839.0,09:07:00,21783.0,187.0,218.5429532895375,0.8556670310584313,1.0,1.0,0.0,0.0
2024-06-18,22726.0,22482.58412952347,22380.074741260858,22760.0,22710.0,09:00:00,22666.0,122.0,218.21281307618753,0.5590872427706824,1.0,0.0,0.0,0.0
2024-06-20,23153.0,23133.231064635824,22747.317342342343,23171.0,23130.0,08:58:00,23106.0,69.0,224.63679256350045,0.3071625053607149,0.0,0.0,0.0,0.0
2024-06-28,22908.0,22724.007716289016,22888.640340175745,22945.0,22840.0,08:59:00,22793.0,163.0,258.2163230766158,0.6312536638190607,1.0,0.0,0.0,0.0
2024-07-03,23073.0,22845.701099592177,23052.734808414905,23117.0,23046.0,09:11:00,22981.0,136.0,262.43491631384387,0.5182237253725746,1.0,0.0,0.0,0.0
2024-08-01,22721.0,22185.543733912997,22030.26657245836,22728.0,22680.0,09:00:00,22460.0,268.0,346.87695054342475,0.7726082680908765,1.0,1.0,0.0,0.0
2024-08-12,21650.0,21417.208014816562,20842.336121327327,21779.0,21625.0,09:02:00,21600.0,267.0,557.563338813818,0.4788693614039012,0.0,0.0,0.0,0.0
2024-08-13,21848.0,21744.364580283338,21417.208014816562,21898.0,21810.0,09:05:00,21662.0,236.0,532.5573065458353,0.4431447979386389,0.0,0.0,0.0,0.0
2024-08-16,22324.0,21982.00165089305,22021.386083333335,22385.0,22294.0,09:05:00,22277.0,162.0,460.846405960251,0.35152709862724385,0.0,0.0,0.0,0.0
2024-08-19,22400.0,22358.533437622213,21982.00165089305,22458.0,22390.0,09:01:00,22320.0,190.0,433.1467482497509,0.43865041297839014,0.0,0.0,0.0,0.0
2024-08-20,22555.0,22402.667538927897,22358.533437622213,22565.0,22528.0,09:01:00,22389.0,185.0,411.037534130727,0.450080551381379,0.0,0.0,0.0,0.0
2024-08-30,22320.0,22087.326059082025,22216.26013009101,22335.0,22280.0,08:59:00,22213.0,122.0,340.7757941824104,0.3580066486022064,0.0,0.0,0.0,0.0
2024-09-11,21100.0,21094.614032704667,20934.821307144135,21110.0,21048.0,09:01:00,20950.0,180.0,366.5632705082519,0.4910475611766126,0.0,0.0,0.0,0.0
2024-09-12,21597.0,21044.376693583352,21094.614032704667,21650.0,21561.0,09:00:00,21461.0,189.0,348.7953399836565,0.5418650375571415,1.0,0.0,0.0,0.0
2024-09-16,21807.0,21738.562535175468,21634.009409611415,21852.0,21802.0,09:09:00,21735.0,117.0,329.77124202743767,0.35479139806334403,0.0,0.0,0.0,0.0
2024-09-25,22835.0,22316.520564835366,22321.899605028295,22838.0,22790.0,08:58:00,22739.0,113.0,302.43571726468815,0.37363311788039816,0.0,0.0,0.0,0.0
2024-09-26,23034.0,22797.582342767295,22316.520564835366,23056.0,23010.0,09:12:00,22892.0,186.0,285.1561251442417,0.6522742582012393,1.0,0.0,0.0,0.0
2024-09-27,23190.0,22981.56404415896,22797.582342767295,23195.0,23130.0,08:58:00,22878.0,317.0,275.71268465431393,1.1497476091731207,1.0,1.0,1.0,0.0
2024-10-14,22987.0,22943.148288737742,22763.449569728225,23017.0,22963.0,08:58:00,22818.0,199.0,272.7563808981452,0.7295887976835714,1.0,1.0,0.0,0.0
2024-10-18,23820.0,23140.900300998048,23093.80933917381,23840.0,23771.0,08:59:00,23527.0,313.0,276.401593549124,1.1324102584971945,1.0,1.0,1.0,0.0
2024-10-21,23810.0,23695.133612384558,23140.900300998048,23836.0,23765.0,08:59:00,23566.0,270.0,279.8871560682551,0.9646744916517572,1.0,1.0,0.0,0.0
2024-10-28,23650.0,23367.15160782943,23328.646421419362,23657.0,23612.0,08:59:00,23216.0,441.0,265.6554490825399,1.6600450001045528,1.0,1.0,1.0,1.0
2024-11-08,23772.0,23408.970633221168,23255.346656403162,23794.0,23722.0,09:00:00,23528.0,266.0,359.8810668262655,0.7391330762293559,1.0,1.0,0.0,0.0
2024-11-20,22947.0,22795.851492754777,22627.802257808962,22987.0,22940.0,09:09:00,22755.0,244.0,331.22960973992804,0.7366491183912627,1.0,1.0,0.0,0.0
2024-11-25,23254.0,22964.669269154216,22614.18070384085,23287.0,23200.0,08:59:00,23014.0,273.0,310.4509116948673,0.8793660759750751,1.0,1.0,0.0,0.0
2024-12-03,23152.0,22715.25406392399,22249.95062925814,23191.0,23087.0,09:01:00,22999.0,192.0,315.07155362591527,0.6093853849718269,1.0,0.0,0.0,0.0
2024-12-04,23200.0,23085.86498638662,22715.25406392399,23220.0,23160.0,09:02:00,23071.0,149.0,303.35045328059,0.4911810692505526,0.0,0.0,0.0,0.0
2024-12-06,23321.0,23272.14911135212,23176.046871094877,23360.0,23292.0,09:05:00,23134.0,226.0,278.8515048396667,0.8104672059415454,1.0,1.0,0.0,0.0
2024-12-16,23220.0,23001.436027162403,23119.755144904215,23237.0,23185.0,09:15:00,22946.0,324.0,250.77390881835362,1.2920004378712588,1.0,1.0,1.0,0.0
2024-12-17,23105.0,23102.118785694565,23001.436027162403,23144.0,23086.0,08:58:00,23024.0,191.0,257.7478222642247,0.7410343890479137,1.0,1.0,0.0,0.0
2024-12-24,23430.0,23091.737586446903,22698.927923393774,23459.0,23381.0,08:59:00,23187.0,272.0,254.57714511972762,1.0684384093948356,1.0,1.0,1.0,0.0
2024-12-25,23340.0,23290.25331595653,23091.737586446903,23345.0,23310.0,09:00:00,23240.0,109.0,256.2364646321345,0.4253883230729306,0.0,0.0,0.0,0.0
2025-01-07,23965.0,23464.587261539324,23001.911299906853,23990.0,23901.0,09:03:00,23723.0,267.0,239.7649291489985,1.1135907196589065,1.0,1.0,1.0,0.0
2025-01-15,22814.0,22663.218560158803,22624.697029193394,22821.0,22765.0,09:01:00,22512.0,309.0,270.19508704045523,1.1436181293471657,1.0,1.0,1.0,0.0
2025-01-17,23277.0,23081.358835954,22640.470868558506,23318.0,23236.0,08:59:00,22956.0,362.0,269.4250032235926,1.3436020995407782,1.0,1.0,1.0,1.0
2025-01-21,23426.0,23335.28148148148,23106.47029953528,23432.0,23306.0,08:58:00,23203.0,229.0,270.3138915277028,0.8471632689899371,1.0,1.0,0.0,0.0
2025-01-22,23600.0,23328.76458245136,23335.28148148148,23646.0,23590.0,09:03:00,23573.0,115.0,266.37923519173114,0.431715332155026,0.0,0.0,0.0,0.0
2025-02-06,23355.0,23194.124580910026,22836.67648927584,23371.0,23323.0,08:59:00,23234.0,145.0,251.9407053101413,0.5755322460556886,1.0,0.0,0.0,0.0
2025-02-13,23435.0,23408.147212210297,23395.516487857618,23460.0,23352.0,08:58:00,23250.0,210.0,231.26216723771904,0.9080603304393354,1.0,1.0,0.0,0.0
2025-02-18,23570.0,23447.024205434413,23202.36872872322,23583.0,23525.0,09:02:00,23466.0,117.0,232.20550751360705,0.503864017924484,1.0,0.0,0.0,0.0
2025-03-06,22991.0,22832.204069921427,22470.076301798937,23017.0,22888.0,09:03:00,22704.0,313.0,253.92271910500855,1.2326585076877674,1.0,1.0,1.0,0.0
2025-03-13,22445.0,22191.419547931742,21904.600258954557,22465.0,22415.0,09:05:00,21917.0,558.0,271.6717301685714,2.053949447201455,1.0,1.0,1.0,1.0
2025-03-18,22373.0,22200.63103988799,21976.688917720527,22385.0,22316.0,08:58:00,22191.0,194.0,285.9993950141704,0.6783231132023475,1.0,0.0,0.0,0.0
2025-03-21,22323.0,22319.2551326748,22093.76800418868,22377.0,22293.0,09:05:00,22173.0,204.0,271.9790357847095,0.7500578101963724,1.0,1.0,0.0,0.0
2025-03-25,22330.0,22242.936901166908,22256.532205267664,22404.0,22328.0,09:10:00,22202.0,241.0,266.409142671837,0.9046236085706112,1.0,1.0,0.0,0.0
2025-03-26,22409.0,22318.462157181235,22242.936901166908,22425.0,22382.0,09:00:00,22250.0,179.0,263.9892243221382,0.678057979296805,1.0,0.0,0.0,0.0
2025-04-02,21273.0,21105.921863455,20876.302428127427,21327.0,21261.0,09:01:00,21188.0,172.0,272.8580988459448,0.6303642835872388,1.0,0.0,0.0,0.0
2025-04-14,19800.0,19073.713596460806,18902.0,19850.0,19695.0,08:58:00,19450.0,532.0,409.0709946902293,1.3005077527016042,1.0,1.0,1.0,1.0
2025-05-05,20757.0,20592.1454280392,20152.07924762085,20796.0,20738.0,09:03:00,20206.0,590.0,292.38607467433167,2.0178799577139905,1.0,1.0,1.0,1.0
2025-05-14,21677.0,21398.540593338188,21065.140105714087,21718.0,21658.0,09:00:00,21579.0,151.0,288.18165782252265,0.5239750549738099,1.0,0.0,0.0,0.0
2025-05-16,21775.0,21745.543043943777,21685.550600731323,21785.0,21709.0,09:00:00,21679.0,106.0,266.5886133195707,0.39761638233563057,0.0,0.0,0.0,0.0
2025-05-29,21513.0,21318.24360403666,21253.83564553601,21608.0,21506.0,09:02:00,21275.0,341.0,264.4291497984188,1.2895703830684067,1.0,1.0,1.0,0.0
2025-06-04,21280.0,21059.229933084585,20896.818789093337,21316.0,21267.0,09:02:00,21261.0,73.0,270.08050301990653,0.2702897809495692,0.0,0.0,0.0,0.0
2025-06-06,21599.0,21577.90613429184,21436.34101127256,21606.0,21550.0,09:01:00,21513.0,117.0,260.2382348983815,0.4495880478350403,0.0,0.0,0.0,0.0
2025-06-11,22296.0,22087.7457717081,21702.874848879383,22310.0,22265.0,09:03:00,22190.0,143.0,252.58352803887254,0.5661493491293397,1.0,0.0,0.0,0.0
2025-06-12,22315.0,22285.96471219643,22087.7457717081,22329.0,22266.0,09:00:00,22214.0,115.0,244.24223965421803,0.47084402830079425,0.0,0.0,0.0,0.0
2025-06-27,22197.0,22170.811050847456,22091.27341389728,22221.0,22178.0,09:00:00,21989.0,232.0,220.42043720667138,1.0525339797891398,1.0,1.0,1.0,0.0
2025-06-30,22239.0,22087.53466012237,22170.811050847456,22254.0,22180.0,09:01:00,22083.0,171.0,221.52325271079792,0.7719279935964247,1.0,1.0,0.0,0.0
2025-07-04,22739.0,22655.760031251742,22313.685096964586,22762.0,22711.0,09:00:00,22431.0,331.0,224.5697308041603,1.4739297180199853,1.0,1.0,1.0,1.0
2025-07-10,22470.0,22334.27354603147,22248.91108327122,22516.0,22428.0,09:01:00,22410.0,106.0,247.45859949367275,0.4283544811814483,0.0,0.0,0.0,0.0
2025-07-14,22670.0,22662.93973321905,22544.016238207132,22695.0,22650.0,09:04:00,22520.0,175.0,250.22801455150992,0.6993621410202889,1.0,0.0,0.0,0.0
2025-07-18,23350.0,23001.772340814936,22897.426118929216,23399.0,23335.0,09:02:00,23230.0,169.0,261.50590075311896,0.6462569277147922,1.0,0.0,0.0,0.0
2025-07-24,23400.0,23176.015592630665,23171.65119177442,23408.0,23304.0,09:01:00,23229.0,179.0,258.7492273900649,0.691789505250028,1.0,0.0,0.0,0.0
2025-07-28,23368.0,23264.745288499522,23298.867028199566,23446.0,23352.0,09:04:00,23265.0,218.0,238.75843784084677,0.9130567362202123,1.0,1.0,0.0,0.0
2025-08-08,24091.0,23931.793572853727,23425.315641343852,24095.0,23981.0,09:11:00,23947.0,148.0,252.7586714973104,0.5855387636090454,1.0,0.0,0.0,0.0
2025-08-12,24155.0,24051.000501593775,23985.428973076007,24171.0,24113.0,09:03:00,24088.0,115.0,256.80244991049676,0.44781504241910813,0.0,0.0,0.0,0.0
2025-08-13,24298.0,24152.183477315637,24051.000501593775,24344.0,24294.0,09:13:00,24154.0,258.0,246.91650229997327,1.0448876344707072,1.0,1.0,1.0,0.0
2025-08-14,24337.0,24302.87552218584,24152.183477315637,24340.0,24292.0,08:59:00,24207.0,155.0,247.97207350949964,0.6250703871864106,1.0,0.0,0.0,0.0
2025-08-19,24380.0,24364.260669456067,24296.199765871228,24418.0,24375.0,09:14:00,24313.0,134.0,239.9534015982786,0.558441760389536,1.0,0.0,0.0,0.0
2025-08-22,23877.0,23838.988586731277,23789.195403440797,23911.0,23853.0,09:04:00,23732.0,250.0,257.5746011837375,0.9705925927908774,1.0,1.0,0.0,0.0
2025-08-25,24120.0,23823.979911073016,23838.988586731277,24173.0,24103.0,09:08:00,24070.0,121.0,256.85321059481015,0.4710861885658083,0.0,0.0,0.0,0.0
2025-09-05,24363.0,24237.202498020484,23995.955611680045,24383.0,24341.0,09:06:00,24286.0,97.0,255.8947394915459,0.3790621104315614,0.0,0.0,0.0,0.0
2025-09-09,24725.0,24591.632410932245,24370.663162812427,24737.0,24700.0,08:59:00,24660.0,138.0,236.65306339330627,0.5831321091781114,1.0,0.0,0.0,0.0
2025-09-11,25386.0,25120.135647408086,24757.333800916225,25395.0,25353.0,09:09:00,25176.0,288.0,236.01305189338677,1.220271496383586,1.0,1.0,1.0,0.0
2025-09-18,25623.0,25505.546194690265,25583.06700253812,25647.0,25585.0,08:59:00,25490.0,157.0,220.32480386262804,0.7125843175509604,1.0,1.0,0.0,0.0
2025-09-19,25850.0,25628.16614647841,25505.546194690265,25853.0,25790.0,08:58:00,25636.0,217.0,223.8176796852349,0.9695391369670934,1.0,1.0,0.0,0.0
2025-09-22,25756.0,25727.08746877321,25628.16614647841,25800.0,25726.0,08:59:00,25689.0,111.0,223.16837685806968,0.4973822974506537,1.0,0.0,0.0,0.0
2025-09-24,26376.0,26177.613383963173,25823.54847471793,26393.0,26340.0,09:01:00,26072.0,321.0,233.44622232599352,1.375049023289582,1.0,1.0,1.0,1.0
2025-10-02,26459.0,26165.90605695637,25944.23396020528,26496.0,26436.0,09:05:00,26381.0,146.0,271.2932519678554,0.5381630355380127,1.0,0.0,0.0,0.0
2025-10-09,27440.0,27022.912499785285,27202.637293045183,27455.0,27374.0,09:04:00,27273.0,182.0,272.987160132367,0.6666980231295536,1.0,0.0,0.0,0.0
2025-10-16,27545.0,27113.608310865045,27132.12276500334,27546.0,27482.0,08:58:00,27450.0,282.0,347.9000812192975,0.8105775629935608,1.0,1.0,0.0,0.0
2025-10-27,28284.0,27515.556844145955,27666.618817259932,28291.0,28217.0,09:01:00,28079.0,212.0,334.3525459305009,0.6340612702978091,1.0,0.0,0.0,0.0
2025-10-28,28233.0,28190.36604752755,27515.556844145955,28250.0,28124.0,09:03:00,27984.0,266.0,322.69992250854847,0.8242952087878284,1.0,1.0,0.0,0.0
2025-11-11,28149.0,27874.409461031406,27725.814749488753,28173.0,28120.0,09:10:00,27762.0,418.0,319.6051843941574,1.3078636405487587,1.0,1.0,1.0,1.0
2025-11-13,28038.0,27989.837001131586,28012.83937192751,28044.0,27884.0,08:58:00,27802.0,242.0,318.5974411934032,0.7595792329452355,1.0,1.0,0.0,0.0
2025-11-25,27055.0,26625.192205102456,26584.359903687746,27080.0,27040.0,09:06:00,26773.0,332.0,311.7704557739096,1.064886020632951,1.0,1.0,1.0,0.0
2025-12-03,27808.0,27645.166628296174,27545.1773176339,27848.0,27805.0,09:07:00,27690.0,198.0,290.92437177676624,0.6805892500196942,1.0,0.0,0.0,0.0
2025-12-09,28350.0,28187.91761376007,27880.634810926917,28360.0,28301.0,09:06:00,28204.0,156.0,273.9158326742455,0.5695180102477795,1.0,0.0,0.0,0.0
2025-12-11,28600.0,28346.251393953426,28264.66444694707,28602.0,28516.0,09:01:00,28059.0,543.0,255.00139590794248,2.129400108052849,1.0,1.0,1.0,1.0
2025-12-22,28256.0,27884.46173834568,27565.854049105536,28304.0,28243.0,09:09:00,28170.0,134.0,257.6785238742242,0.520027815998383,1.0,0.0,0.0,0.0
2025-12-23,28392.0,28278.365969004026,27884.46173834568,28397.0,28364.0,08:58:00,28359.0,87.0,251.9948549338219,0.34524514408378565,0.0,0.0,0.0,0.0
2025-12-24,28565.0,28400.13957910425,28278.365969004026,28577.0,28525.0,09:03:00,28400.0,177.0,237.1382020829817,0.7464001938332249,1.0,1.0,0.0,0.0
2025-12-26,28595.0,28468.18194384215,28400.13957910425,28629.0,28582.0,09:12:00,28536.0,145.0,231.41075426555489,0.6265914497370575,1.0,0.0,0.0,0.0
2025-12-29,28749.0,28629.287656359564,28468.18194384215,28764.0,28735.0,09:00:00,28713.0,90.0,226.3240157640735,0.3976599641719796,0.0,0.0,0.0,0.0
2026-01-06,30271.0,30207.363634442685,29306.25993428903,30275.0,30201.0,08:58:00,30183.0,106.0,294.7583796554998,0.3596165785817115,0.0,0.0,0.0,0.0
2026-01-07,30609.0,30450.59517670256,30207.363634442685,30634.0,30587.0,08:59:00,30448.0,194.0,313.2575815930713,0.6192986583546137,1.0,0.0,0.0,0.0
2026-01-12,30717.0,30351.95321094278,30515.28469345812,30739.0,30675.0,09:13:00,30555.0,198.0,331.06746054927936,0.5980654204780349,1.0,0.0,0.0,0.0
2026-01-13,31067.0,30679.88549179471,30351.95321094278,31252.0,31042.0,09:01:00,30626.0,626.0,319.34675002077654,1.9602516698831998,1.0,1.0,1.0,1.0
2026-01-14,31000.0,30871.811938071743,30679.88549179471,31066.0,30964.0,09:04:00,30937.0,217.0,348.5518214473692,0.6225760034731784,1.0,0.0,0.0,0.0
2026-01-16,31382.0,30880.428968969318,31019.735723966154,31424.0,31341.0,09:02:00,31157.0,267.0,334.5197449943317,0.7981591639815587,1.0,1.0,0.0,0.0
2026-01-26,32128.0,32048.904922060072,31929.903863569867,32198.0,32106.0,09:01:00,32086.0,144.0,355.35193796573446,0.40523206605921336,0.0,0.0,0.0,0.0
2026-01-27,32313.0,32155.763862567557,32048.904922060072,32353.0,32295.0,08:58:00,32206.0,147.0,335.3184200642359,0.4383892777850965,0.0,0.0,0.0,0.0
2026-02-03,32386.0,31633.721059343567,32294.386235135877,32446.0,32326.0,08:58:00,32004.0,442.0,368.30829761620356,1.200081569871627,1.0,1.0,1.0,0.0
2026-02-09,32824.0,31584.38215154657,31976.068499193385,32836.0,32687.0,09:01:00,32515.0,321.0,407.2127028020283,0.7882858216141119,1.0,1.0,0.0,0.0
2026-02-23,34183.0,33621.037420565925,33105.07745309994,34507.0,34132.0,09:01:00,33836.0,671.0,418.05376617202376,1.6050567039357615,1.0,1.0,1.0,1.0
2026-02-25,35243.0,34632.7143042609,34170.697934267184,35283.0,35123.0,09:10:00,35065.0,411.0,481.5587519004548,0.8534784143741607,1.0,1.0,0.0,0.0
2026-02-26,35522.0,35420.200788494,34632.7143042609,35595.0,35480.0,08:58:00,35348.0,247.0,503.5055374337448,0.4905606426076341,0.0,0.0,0.0,0.0
2026-03-25,33786.0,32820.29411637465,32592.047652483267,33880.0,33736.0,09:00:00,33444.0,436.0,673.0578425915847,0.647789792213397,1.0,0.0,0.0,0.0
2026-03-26,33855.0,33647.880015232295,32820.29411637465,33865.0,33762.0,08:58:00,33347.0,677.0,650.48090520191,1.040768444678416,1.0,1.0,1.0,0.0
2026-04-01,33049.0,32111.391624215776,32434.492843348857,33169.0,33040.0,09:04:00,32906.0,281.0,650.1667003296884,0.432196850219351,0.0,0.0,0.0,0.0
2026-04-02,33676.0,33207.496311550996,32111.391624215776,33676.0,33558.0,09:00:00,32486.0,1201.0,636.3413002982895,1.8873519594548125,1.0,1.0,1.0,1.0
2026-04-08,34651.0,33175.080917944266,32960.87370297357,34684.0,34542.0,09:00:00,34473.0,211.0,664.5832412872619,0.31749220698268643,0.0,0.0,0.0,0.0
2026-04-09,35032.0,34814.93190917604,33175.080917944266,35100.0,34905.0,09:05:00,34745.0,355.0,657.1943611646656,0.5401750547142199,1.0,0.0,0.0,0.0
2026-04-15,36997.0,36219.26960608595,35488.90425233458,37005.0,36944.0,09:03:00,36909.0,415.0,572.5782587571042,0.7247917531846924,1.0,1.0,0.0,0.0
2026-04-16,37321.0,37100.3242020361,36219.26960608595,37415.0,37305.0,09:00:00,37086.0,329.0,560.9041388754753,0.5865529904264806,1.0,0.0,0.0,0.0
2026-04-22,38150.0,37933.71902371034,37495.37735704577,38173.0,37945.0,09:00:00,37925.0,248.0,535.8621782199332,0.46280556844639575,0.0,0.0,0.0,0.0
2026-05-04,40440.0,39574.60357524393,39455.32076745245,40447.0,40230.0,09:00:00,40167.0,280.0,667.1334093906602,0.4197061578069425,0.0,0.0,0.0,0.0
2026-05-07,42329.0,41488.10009729847,40945.53791891372,42329.0,42042.0,09:06:00,42005.0,324.0,682.6712077540803,0.4746062179272617,0.0,0.0,0.0,0.0
2026-05-22,42196.0,41435.524624870006,40219.365403856646,42253.0,41900.0,09:00:00,41790.0,463.0,728.8870440717305,0.6352150223628281,1.0,0.0,0.0,0.0
2026-05-26,44274.0,43726.754119642734,42131.63915787278,44280.0,44002.0,09:08:00,43619.0,661.0,757.6331585258383,0.8724538948191471,1.0,1.0,0.0,0.0
2026-06-02,46145.0,45972.04549066349,45110.36613662422,46228.0,45891.0,09:05:00,45333.0,895.0,888.0590294394457,1.0078158887308826,1.0,1.0,1.0,0.0
2026-06-12,44929.0,42924.97297817975,43804.704248720394,44931.0,44694.0,09:01:00,44045.0,886.0,1012.162649485365,0.8753533836192112,1.0,1.0,0.0,0.0
2026-06-15,45750.0,44354.46565952528,42924.97297817975,45880.0,45658.0,09:05:00,45340.0,565.0,1000.1471590581874,0.5649168673658442,1.0,0.0,0.0,0.0
