trade_date,n_weight,thrust,breadth,confirm,up_full,dn_full,ema20,active,up_L3_full,dn_L3_full,up_L3_pre,dn_L3_pre,up_L3_fwd,dn_L3_fwd,up_L4_full,dn_L4_full,up_L4_pre,dn_L4_pre,up_L4_fwd,dn_L4_fwd,yr
2025-06-02,0,0.0,-0.7109144542772862,-0.0,103.0,259.0,271.72161172237895,1017,0,1,0,0,0,1,0,0,0,0,0,0,2025
2025-06-03,21,0.2672679478342443,0.38923395445134573,0.38923395445134573,209.0,266.0,270.51002965358094,966,1,1,0,0,1,1,0,1,0,0,0,1,2025
2025-06-04,21,0.11969976663371241,0.6598150051387461,0.6598150051387461,272.0,73.0,270.0805030199066,973,1,0,0,0,1,0,1,0,0,0,1,0,2025
2025-06-05,21,0.014244157856664219,0.3154639175257732,0.3154639175257732,126.0,165.0,270.26331225610596,970,0,0,0,0,0,0,0,0,0,0,0,0,2025
2025-06-06,21,0.12253548618754252,0.2553846153846154,0.2553846153846154,103.0,117.0,260.23823489838156,975,0,0,0,0,0,0,0,0,0,0,0,0,2025
2025-06-09,21,0.06058782074084137,-0.23795180722891565,-0.23795180722891565,130.0,162.0,246.59649824139285,996,0,0,0,0,0,0,0,0,0,0,0,0,2025
2025-06-10,21,0.1763161001041543,0.5040160642570282,0.5040160642570282,386.0,195.0,238.53968888506972,996,1,1,1,0,0,1,1,0,0,0,1,0,2025
2025-06-11,21,-0.3181914100554918,0.06402439024390244,-0.06402439024390244,165.0,143.0,252.5835280388726,984,0,0,0,0,0,0,0,0,0,0,0,0,2025
2025-06-12,21,-0.12633770887237877,0.11351909184726522,-0.11351909184726522,102.0,115.0,244.24223965421805,969,0,0,0,0,0,0,0,0,0,0,0,0,2025
2025-06-13,21,-0.11447465952061389,-0.6832174776564052,0.6832174776564052,246.0,205.0,231.93345492524492,1007,1,1,0,0,1,1,1,0,0,0,1,0,2025
2025-06-16,21,0.019792671873999922,-0.3384301732925586,-0.3384301732925586,174.0,193.0,233.2731258847454,981,1,1,0,1,1,0,0,0,0,0,0,0,2025
2025-06-17,21,0.016261248693291427,0.4377551020408163,0.4377551020408163,130.0,199.0,229.43759008619824,980,0,1,0,0,0,1,0,0,0,0,0,0,2025
2025-06-18,21,0.2113642569355598,0.12159329140461216,0.12159329140461216,268.0,115.0,226.5387719827508,954,1,0,1,0,0,0,1,0,0,0,1,0,2025
2025-06-19,21,-0.2704119002146332,-0.6090819348469891,0.6090819348469891,80.0,182.0,230.48746036534595,1013,0,1,0,0,0,1,0,0,0,0,0,0,2025
2025-06-20,21,-0.059052593131750396,-0.520618556701031,0.520618556701031,194.0,273.0,225.86960699721777,970,1,1,0,1,1,0,0,1,0,0,0,1,2025
2025-06-23,21,-0.2153719962697045,-0.794,0.794,279.0,193.0,230.3582158546256,1000,1,1,1,1,0,0,1,0,0,0,1,0,2025
2025-06-24,21,0.0411694666412372,0.826,0.826,202.0,145.0,234.99076672561364,1000,1,0,1,0,0,0,0,0,0,0,0,0,2025
2025-06-25,21,-0.0669808600904695,0.17087967644084934,-0.17087967644084934,151.0,132.0,231.84878894222186,989,0,0,0,0,0,0,0,0,0,0,0,0,2025
2025-06-26,21,-0.1053754065774907,0.6394891944990176,-0.6394891944990176,124.0,185.0,224.14890428105787,1018,0,1,0,0,0,1,0,0,0,0,0,0,2025
2025-06-27,21,-0.15252731231895605,0.24809885931558937,-0.24809885931558937,139.0,232.0,220.4204372066714,1052,0,1,0,1,0,0,0,1,0,0,0,1,2025
2025-06-30,21,-0.0810280986705049,-0.601593625498008,0.601593625498008,103.0,171.0,221.52325271079795,1004,0,1,0,1,0,0,0,0,0,0,0,0,2025
2025-07-01,21,0.4104143982254772,0.6984282907662083,0.6984282907662083,402.0,307.0,216.7115143573886,1018,1,1,1,0,0,1,1,1,1,0,0,1,2025
2025-07-02,21,0.17978923830012913,0.06806282722513089,0.06806282722513089,193.0,91.0,234.35803679954208,955,1,0,0,0,1,0,0,0,0,0,0,0,2025
2025-07-03,21,-0.20906460712937674,0.5806451612903226,-0.5806451612903226,169.0,79.0,230.41917615196664,992,1,0,0,0,1,0,0,0,0,0,0,0,2025
2025-07-04,21,-0.06785953077881997,-0.5128733264675592,0.5128733264675592,50.0,331.0,224.5697308041603,971,0,1,0,0,0,1,0,1,0,0,0,1,2025
2025-07-07,21,0.023201489776138937,-0.4586312563840654,-0.4586312563840654,180.0,262.0,234.7059469180498,979,1,1,1,1,0,0,0,1,0,1,0,0,2025
2025-07-08,21,-0.12825422746990683,-0.4963579604578564,0.4963579604578564,174.0,256.0,237.3053805449022,961,1,1,0,1,1,0,0,1,0,0,0,1,2025
2025-07-09,21,0.2553204619284875,0.1283138918345705,0.1283138918345705,327.0,109.0,239.08582049300674,943,1,0,0,0,1,0,1,0,0,0,1,0,2025
2025-07-10,21,0.0819458228909024,0.020958083832335328,0.020958083832335328,237.0,106.0,247.45859949367275,1002,1,0,0,0,1,0,0,0,0,0,0,0,2025
2025-07-11,21,0.06395134611238627,0.3558974358974359,0.3558974358974359,286.0,87.0,246.46254239903726,975,1,0,0,0,1,0,1,0,0,0,1,0,2025
2025-07-14,21,-0.2646882486746719,-0.2730125523012552,0.2730125523012552,89.0,175.0,250.22801455150992,956,0,0,0,0,0,0,0,0,0,0,0,0,2025
2025-07-15,21,0.10909310526591486,0.36077235772357724,0.36077235772357724,370.0,169.0,243.0634417370804,984,1,0,0,0,1,0,1,0,0,0,1,0,2025
2025-07-16,21,0.09401861034088241,0.1981891348088531,0.1981891348088531,297.0,126.0,255.15263776212038,994,1,0,0,0,1,0,1,0,0,0,1,0,2025
2025-07-17,21,-0.14501401823172294,0.6036772216547498,-0.6036772216547498,284.0,163.0,259.1381008323946,979,1,0,0,0,1,0,1,0,0,0,1,0,2025
2025-07-18,21,-0.016377642360270474,0.19642857142857142,-0.19642857142857142,80.0,169.0,261.50590075311896,1008,0,0,0,0,0,0,0,0,0,0,0,0,2025
2025-07-21,21,0.016664684686557043,0.05723204994797086,0.05723204994797086,108.0,129.0,252.69581496710762,961,0,0,0,0,0,0,0,0,0,0,0,0,2025
2025-07-22,21,0.236475405050764,-0.12857142857142856,-0.12857142857142856,201.0,429.0,240.91526116071643,980,1,1,1,0,0,1,0,1,0,0,0,1,2025
2025-07-23,21,-0.20043127594383991,0.7285570131180625,-0.7285570131180625,258.0,122.0,258.8280934311244,991,1,0,1,0,0,0,1,0,0,0,1,0,2025
2025-07-24,21,-0.016625970012211538,-0.22401614530776992,0.22401614530776992,103.0,179.0,258.7492273900649,991,0,0,0,0,0,0,0,0,0,0,0,0,2025
2025-07-25,21,-0.2946220170086886,-0.09723643807574207,0.09723643807574207,109.0,121.0,251.1540628767254,977,0,0,0,0,0,0,0,0,0,0,0,0,2025
2025-07-28,21,-0.31340227615807964,-0.017119838872104734,0.017119838872104734,193.0,218.0,238.7584378408468,993,1,1,0,1,1,0,0,0,0,0,0,0,2025
2025-07-29,21,-0.20529194517423283,0.21933471933471935,-0.21933471933471935,188.0,332.0,236.78144376076614,962,1,1,0,0,1,1,0,1,0,0,0,1,2025
2025-07-30,20,-0.07196841464177553,-0.21256544502617802,0.21256544502617802,223.0,148.0,245.8498776883122,955,1,0,0,0,1,0,0,0,0,0,0,0,2025
2025-07-31,21,-0.08281778594049488,-0.40386571719226855,0.40386571719226855,266.0,156.0,243.6736988608539,983,1,0,0,0,1,0,1,0,0,0,1,0,2025
2025-08-01,21,0.26652277539587826,-0.3879728419010669,-0.3879728419010669,394.0,128.0,245.8000132550583,1031,1,0,1,0,0,0,1,0,1,0,0,0,2025
2025-08-04,21,-0.1430330757950623,-0.38147410358565736,0.38147410358565736,268.0,125.0,259.9142977069575,1004,1,0,0,0,1,0,1,0,0,0,1,0,2025
2025-08-05,21,0.06397042970787452,0.27353815659068387,0.27353815659068387,163.0,125.0,260.68436459200916,1009,0,0,0,0,0,0,0,0,0,0,0,0,2025
2025-08-06,21,0.08783677057532316,0.0068694798822374874,0.0068694798822374874,102.0,91.0,251.38109177372257,1019,0,0,0,0,0,0,0,0,0,0,0,0,2025
2025-08-07,21,0.464427861076598,0.21669980119284293,0.21669980119284293,401.0,99.0,237.15432112860614,1006,1,0,1,0,0,0,1,0,1,0,0,0,2025
2025-08-08,21,-0.0894361086969258,-0.0029910269192422734,0.0029910269192422734,86.0,148.0,252.75867149731033,1003,0,0,0,0,0,0,0,0,0,0,0,0,2025
2025-08-11,21,-0.042496369202492786,-0.27663734115347016,0.27663734115347016,390.0,152.0,242.78165516423317,1023,1,0,0,0,1,0,1,0,0,0,1,0,2025
2025-08-12,21,-0.30926495431037665,0.248,-0.248,153.0,115.0,256.80244991049665,1000,0,0,0,0,0,0,0,0,0,0,0,0,2025
2025-08-13,21,-0.09654391022553307,0.5438423645320197,-0.5438423645320197,194.0,258.0,246.91650229997316,1015,1,1,0,0,1,1,0,1,0,0,0,1,2025
2025-08-14,21,0.16123786581550736,0.4534769833496572,0.4534769833496572,122.0,155.0,247.97207350949952,1021,0,0,0,0,0,0,0,0,0,0,0,0,2025
2025-08-15,21,-0.13067794454017842,-0.19578313253012047,0.19578313253012047,197.0,167.0,239.11759031811863,996,1,0,0,0,1,0,0,0,0,0,0,0,2025
2025-08-18,21,0.114733173708922,0.3509803921568627,0.3509803921568627,286.0,86.0,235.10639124020256,1020,1,0,1,0,0,0,1,0,0,0,1,0,2025
2025-08-19,21,0.16645070797078454,-0.2854368932038835,-0.2854368932038835,120.0,134.0,239.9534015982785,1030,0,0,0,0,0,0,0,0,0,0,0,0,2025
2025-08-20,21,-0.17307396141491307,-0.6733067729083665,0.6733067729083665,104.0,527.0,229.8626014460615,1004,0,1,0,1,0,0,0,1,0,1,0,0,2025
2025-08-21,21,0.449419860692861,0.7412236710130391,0.7412236710130391,252.0,130.0,258.16140130834134,997,1,0,1,0,0,0,0,0,0,0,0,0,2025
2025-08-22,21,-0.33286031817319667,-0.2172211350293542,0.2172211350293542,129.0,250.0,257.5746011837374,1022,0,1,0,1,0,0,0,0,0,0,0,0,2025
2025-08-25,21,-0.024834437717848032,0.6245136186770428,-0.6245136186770428,244.0,121.0,256.85321059481004,1028,1,0,0,0,1,0,0,0,0,0,0,0,2025
2025-08-26,21,-0.14679792433380268,-0.2876712328767123,0.2876712328767123,191.0,112.0,255.6290953000662,1022,1,0,0,0,1,0,0,0,0,0,0,0,2025
2025-08-27,21,-0.1616018469621193,0.4344894026974952,-0.4344894026974952,165.0,90.0,249.47394336672656,1038,0,0,0,0,0,0,0,0,0,0,0,0,2025
2025-08-28,21,-0.10582830887902298,0.14356929212362912,-0.14356929212362912,114.0,217.0,241.42880590322878,1003,0,1,0,0,0,1,0,0,0,0,0,0,2025
2025-08-29,21,-0.11996784738191645,0.22233300099700898,-0.22233300099700898,107.0,207.0,239.10225296006413,1003,0,1,0,0,0,1,0,0,0,0,0,0,2025
2025-09-01,21,0.3047770821586195,-0.09145129224652088,-0.09145129224652088,176.0,398.0,236.04489553529612,1006,1,1,0,0,1,1,0,1,0,0,0,1,2025
2025-09-02,21,-0.022696557749946795,0.1385237613751264,-0.1385237613751264,184.0,370.0,251.46919119860127,989,1,1,0,0,1,1,0,1,0,0,0,1,2025
2025-09-03,21,0.017607379506802464,0.47194388777555113,0.47194388777555113,195.0,125.0,262.7578396558773,998,1,0,0,0,1,0,0,0,0,0,0,0,2025
2025-09-04,21,0.19684063102310737,0.48554336989032904,0.48554336989032904,176.0,252.0,256.3047120696033,1003,0,1,0,0,0,1,0,1,0,0,0,1,2025
2025-09-05,21,-0.1176706840901479,-0.014,0.014,143.0,97.0,255.89473949154583,1000,0,0,0,0,0,0,0,0,0,0,0,0,2025
2025-09-08,21,-0.24666216931115567,-0.005825242718446602,0.005825242718446602,115.0,156.0,245.14285953997003,1030,0,0,0,0,0,0,0,0,0,0,0,0,2025
2025-09-09,21,-0.009057857346511648,-0.026892430278884463,0.026892430278884463,178.0,138.0,236.6530633933062,1004,1,0,0,0,1,0,0,0,0,0,0,0,2025
2025-09-10,21,-0.023793627210031733,-0.20865384615384616,0.20865384615384616,283.0,96.0,231.06705735584848,1040,1,0,0,0,1,0,1,0,0,0,1,0,2025
2025-09-11,21,-0.07089125065690632,-0.2894736842105263,0.2894736842105263,152.0,288.0,236.01305189338672,1026,0,1,0,0,0,1,0,1,0,0,0,1,2025
2025-09-12,21,-0.03063834934759737,0.45045045045045046,-0.45045045045045046,116.0,103.0,240.96418980830228,999,0,0,0,0,0,0,0,0,0,0,0,0,2025
2025-09-15,21,-0.22852852840830837,0.06726013847675569,-0.06726013847675569,139.0,181.0,229.06283839798778,1011,0,1,0,0,0,1,0,0,0,0,0,0,2025
2025-09-16,21,0.11816519391113842,0.07142857142857142,0.07142857142857142,253.0,75.0,224.48542521722703,1008,1,0,1,0,0,0,1,0,0,0,1,0,2025
2025-09-17,21,-0.24417166278330593,0.36363636363636365,-0.36363636363636365,81.0,155.0,227.20109900606255,990,0,0,0,0,0,0,0,0,0,0,0,0,2025
2025-09-18,21,-0.23487160370789398,0.6282306163021869,-0.6282306163021869,257.0,157.0,220.32480386262802,1006,1,1,0,0,1,1,1,0,0,0,1,0,2025
2025-09-19,21,-0.17609309958607683,-0.11567877629063097,0.11567877629063097,138.0,217.0,223.81767968523488,1046,0,1,0,1,0,0,0,0,0,0,0,0,2025
2025-09-22,21,0.16081489491728812,0.20079129574678536,0.20079129574678536,252.0,111.0,223.16837685806965,1011,1,0,0,0,1,0,1,0,0,0,1,0,2025
2025-09-23,21,-0.06614572468535931,-0.27263779527559057,0.27263779527559057,305.0,157.0,225.9142457287297,1016,1,0,0,0,1,0,1,0,0,0,1,0,2025
2025-09-24,21,-0.3197257526070933,0.07263681592039802,-0.07263681592039802,188.0,321.0,233.44622232599355,1005,1,1,0,1,1,0,0,1,0,1,0,0,2025
2025-09-25,21,0.2756073873903075,0.5787362086258776,0.5787362086258776,169.0,196.0,241.7846773425656,997,0,1,0,0,0,1,0,0,0,0,0,0,2025
2025-09-26,21,-0.6666413814059643,-0.785929648241206,0.785929648241206,194.0,491.0,237.42423188136888,995,1,1,0,1,1,0,0,1,0,1,0,0,2025
2025-09-30,21,0.23107437564817593,0.342,0.342,249.0,171.0,261.5743050355242,1000,1,0,1,0,0,0,0,0,0,0,0,0,2025
2025-10-01,21,0.37538820026406267,0.08135942327497425,0.08135942327497425,314.0,375.0,260.3767521749981,971,1,1,1,0,0,1,1,1,0,0,1,1,2025
2025-10-02,21,0.1229489879865293,0.03360488798370672,0.03360488798370672,139.0,146.0,271.29325196785544,982,0,0,0,0,0,0,0,0,0,0,0,0,2025
2025-10-03,21,0.14894915008888018,-0.05348133198789102,-0.05348133198789102,376.0,102.0,259.36056130425015,991,1,0,0,0,1,0,1,0,0,0,1,0,2025
2025-10-07,21,0.20727538629145323,0.18611378977820636,0.18611378977820636,361.0,229.0,270.46907927527394,1037,1,1,1,1,0,0,1,0,0,0,1,0,2025
2025-10-08,21,0.023772660219191395,-0.28428428428428426,-0.28428428428428426,215.0,165.0,279.09107172524784,999,1,0,0,0,1,0,0,0,0,0,0,0,2025
2025-10-09,21,-0.11144046634469042,0.3727634194831014,-0.3727634194831014,148.0,182.0,272.9871601323671,1006,0,0,0,0,0,0,0,0,0,0,0,0,2025
2025-10-13,21,0.5604365751762176,-0.7250470809792844,-0.7250470809792844,555.0,240.0,264.32171631023687,1062,1,1,1,1,0,0,1,0,1,0,0,0,2025
2025-10-14,21,-0.2366855947857183,0.5207729468599034,-0.5207729468599034,190.0,734.0,292.0053623759286,1035,0,1,0,0,0,1,0,1,0,0,0,1,2025
2025-10-15,21,-0.12310774409018428,0.15166835187057634,-0.15166835187057634,479.0,182.0,334.1000897686973,989,1,0,0,0,1,0,1,0,0,0,1,0,2025
2025-10-16,21,0.07015965789348448,0.6063618290258449,0.6063618290258449,427.0,282.0,347.90008121929753,1006,1,1,0,0,1,1,1,0,0,0,1,0,2025
2025-10-17,21,0.11989257952001633,0.0752797558494405,0.0752797558494405,301.0,224.0,355.4334068174597,983,1,0,1,0,0,0,0,0,0,0,0,0,2025
2025-10-20,21,0.5267468663259728,-0.03006012024048096,-0.03006012024048096,392.0,152.0,350.2492728348445,998,1,0,1,0,0,0,1,0,0,0,1,0,2025
2025-10-21,21,0.08671567082351786,0.40594059405940597,0.40594059405940597,176.0,238.0,354.2255325648593,1010,0,0,0,0,0,0,0,0,0,0,0,0,2025
2025-10-22,21,0.0376042287162289,0.3622448979591837,0.3622448979591837,271.0,189.0,343.1564342253489,980,1,0,0,0,1,0,0,0,0,0,0,0,2025
2025-10-23,21,0.016442252178441395,-0.2588357588357588,-0.2588357588357588,316.0,112.0,336.28439287055375,962,1,0,0,0,1,0,0,0,0,0,0,0,2025
2025-10-27,21,-0.2905841345897292,0.021863117870722433,-0.021863117870722433,177.0,212.0,334.35254593050104,1052,0,0,0,0,0,0,0,0,0,0,0,0,2025
2025-10-28,21,0.14615189701068998,-0.3949748743718593,-0.3949748743718593,118.0,266.0,322.6999225085486,995,0,1,0,0,0,1,0,0,0,0,0,0,2025
2025-10-29,20,0.1034513585614732,0.24568527918781727,0.24568527918781727,243.0,106.0,317.2999298886868,985,1,0,0,0,1,0,0,0,0,0,0,0,2025
2025-10-30,21,-0.29665035218762237,-0.25,0.25,238.0,371.0,310.22374608976423,1008,1,1,0,1,1,0,0,1,0,0,0,1,2025
2025-10-31,21,-0.04324411629853652,-0.041584158415841586,0.041584158415841586,167.0,210.0,316.0119607478819,1010,0,0,0,0,0,0,0,0,0,0,0,0,2025
2025-11-03,21,0.0423664170263143,0.1424390243902439,0.1424390243902439,219.0,354.0,305.9155835337979,1025,1,1,1,0,0,1,0,1,0,0,0,1,2025
2025-11-04,21,0.11858099859136444,-0.029087261785356068,-0.029087261785356068,212.0,481.0,310.49505176867433,997,0,1,0,0,0,1,0,1,0,0,0,1,2025
2025-11-05,20,-0.16690720036150003,-0.7350096711798839,0.7350096711798839,435.0,413.0,326.7336182668958,1034,1,1,0,1,1,0,1,1,0,1,1,0,2025
2025-11-06,21,-0.09218038655840843,0.32872655478775914,-0.32872655478775914,238.0,146.0,337.0447022414771,1013,0,0,0,0,0,0,0,0,0,0,0,0,2025
2025-11-07,21,0.013691942292158098,-0.39570552147239263,-0.39570552147239263,224.0,242.0,327.61187345657453,978,0,1,0,0,0,1,0,0,0,0,0,0,2025
2025-11-10,21,-0.013768231394599019,-0.2884231536926148,0.2884231536926148,321.0,184.0,319.4583616988055,1002,1,0,0,0,1,0,1,0,0,0,1,0,2025
2025-11-11,21,-0.015272890805348558,0.19760479041916168,-0.19760479041916168,118.0,418.0,319.60518439415733,1002,0,1,0,0,0,1,0,1,0,0,0,1,2025
2025-11-12,21,-0.10997542112413132,0.501004016064257,-0.501004016064257,220.0,136.0,328.9761192137614,996,0,0,0,0,0,0,0,0,0,0,0,0,2025
2025-11-13,21,-0.1916427104731726,-0.17455621301775148,0.17455621301775148,221.0,242.0,318.5974411934032,1014,0,1,0,1,0,0,0,0,0,0,0,0,2025
2025-11-14,21,-0.02754789440657614,-0.38656280428432327,0.38656280428432327,216.0,230.0,311.3024467940315,1027,0,1,0,0,0,1,0,0,0,0,0,0,2025
2025-11-17,21,0.08698586317781899,-0.10951008645533142,-0.10951008645533142,162.0,225.0,303.55935662317137,1041,0,1,0,0,0,1,0,0,0,0,0,0,2025
2025-11-18,21,-0.2589929760586123,-0.684931506849315,0.684931506849315,258.0,526.0,296.0775131352503,1022,1,1,0,0,1,1,0,1,0,0,0,1,2025
2025-11-19,21,0.42679419878739533,-0.14777327935222673,-0.14777327935222673,198.0,360.0,317.97489283665504,988,0,1,0,0,0,1,0,1,0,0,0,1,2025
2025-11-20,21,0.18998273618919825,0.8117529880478087,0.8117529880478087,291.0,280.0,321.97728399506883,1004,1,1,0,0,1,1,0,0,0,0,0,0,2025
2025-11-21,21,0.3388571314927365,-0.48221343873517786,-0.48221343873517786,194.0,373.0,319.0270664717289,1012,0,1,0,0,0,1,0,1,0,0,0,1,2025
2025-11-24,21,-0.306828319067436,0.5861386138613861,-0.5861386138613861,183.0,194.0,324.16734585537375,1010,0,0,0,0,0,0,0,0,0,0,0,0,2025
2025-11-25,21,-0.3178197007947149,0.45658835546475995,-0.45658835546475995,172.0,332.0,311.7704557739096,979,0,1,0,0,0,1,0,1,0,0,0,1,2025
2025-11-26,21,0.28678507437759476,0.6659979939819458,0.6659979939819458,251.0,139.0,313.69707903353725,997,1,0,1,0,0,0,0,0,0,0,0,0,2025
2025-11-27,21,-0.19303900189650486,0.031936127744510975,-0.031936127744510975,173.0,188.0,307.7259286493908,1002,0,0,0,0,0,0,0,0,0,0,0,0,2025
2025-11-28,21,0.07713110339446493,0.03596403596403597,0.03596403596403597,296.0,129.0,296.3234592542108,1001,1,0,0,0,1,0,1,0,0,0,1,0,2025
2025-12-01,21,-0.22622521093224995,-0.056112224448897796,0.056112224448897796,118.0,273.0,296.2926536109526,998,0,1,0,0,0,1,0,0,0,0,0,0,2025
2025-12-02,21,0.22631211115373953,0.3970149253731343,0.3970149253731343,162.0,261.0,294.0743056480047,1005,0,1,0,0,0,1,0,0,0,0,0,0,2025
2025-12-03,21,0.12010474706225373,0.37895812053115424,0.37895812053115424,126.0,198.0,290.9243717767662,979,0,0,0,0,0,0,0,0,0,0,0,0,2025
2025-12-04,21,-0.0022729883035826045,0.3072227873855544,-0.3072227873855544,148.0,210.0,282.07443160755037,983,0,1,0,0,0,1,0,0,0,0,0,0,2025
2025-12-05,21,0.17510076911403633,-0.20756646216768918,-0.20756646216768918,256.0,169.0,275.2102000258789,978,1,0,0,0,1,0,0,0,0,0,0,0,2025
2025-12-08,21,-0.09159430665822886,-0.02620967741935484,0.02620967741935484,279.0,61.0,273.3806571662714,992,1,0,0,0,1,0,1,0,0,0,1,0,2025
2025-12-09,21,-0.26673545360203926,-0.23029682702149437,0.23029682702149437,80.0,156.0,273.91583267424556,977,0,0,0,0,0,0,0,0,0,0,0,0,2025
2025-12-10,21,-0.10055728663147913,0.09081735620585267,-0.09081735620585267,182.0,114.0,262.68575337193647,991,0,0,0,0,0,0,0,0,0,0,0,0,2025
2025-12-11,21,-0.2789631455698705,0.2213359920239282,-0.2213359920239282,116.0,543.0,255.0013959079425,1003,0,1,0,0,0,1,0,1,0,0,0,1,2025
2025-12-12,21,0.1281020497203859,0.5649157581764123,0.5649157581764123,145.0,185.0,282.4298343929004,1009,0,0,0,0,0,0,0,0,0,0,0,0,2025
2025-12-15,21,0.11055112199183163,-0.3159478435305918,-0.3159478435305918,229.0,111.0,273.1508025459575,997,1,0,0,0,1,0,0,0,0,0,0,0,2025
2025-12-16,21,0.18627886813180614,-0.49363369245837413,-0.49363369245837413,278.0,272.0,268.9459642082473,1021,1,1,0,0,1,1,1,1,0,0,1,1,2025
2025-12-17,21,0.10601195960219435,0.5,0.5,163.0,267.0,269.8082533312714,998,0,1,0,0,0,1,0,1,0,0,0,1,2025
2025-12-18,20,-0.07505141397484652,-0.30832476875642345,0.30832476875642345,215.0,222.0,269.540800633055,973,1,1,0,0,1,1,0,0,0,0,0,0,2025
2025-12-19,21,0.024282407229592094,0.5612968591691996,0.5612968591691996,188.0,145.0,265.0131053346688,987,0,0,0,0,0,0,0,0,0,0,0,0,2025
2025-12-22,21,-0.1584468127689777,0.376984126984127,-0.376984126984127,198.0,134.0,257.67852387422414,1008,1,0,0,0,1,0,0,0,0,0,0,0,2025
2025-12-23,21,-0.08794558740493232,0.07396149949341439,-0.07396149949341439,96.0,87.0,251.99485493382184,987,0,0,0,0,0,0,0,0,0,0,0,0,2025
2025-12-24,21,0.06972187800625118,0.2881188118811881,0.2881188118811881,80.0,177.0,237.13820208298168,1010,0,1,0,0,0,1,0,0,0,0,0,0,2025
2025-12-26,21,-0.025556658847119818,0.0748502994011976,-0.0748502994011976,178.0,145.0,231.41075426555486,1002,1,0,0,0,1,0,0,0,0,0,0,0,2025
2025-12-29,21,0.15460153423855735,0.22442899702085403,0.22442899702085403,285.0,90.0,226.32401576407344,1007,1,0,0,0,1,0,1,0,0,0,1,0,2025
2025-12-30,21,-0.04584016287170435,-0.536,0.536,237.0,102.0,231.91220473892358,1000,1,0,0,0,1,0,1,0,0,0,1,0,2025
2025-12-31,21,0.29755324163705815,0.10813492063492064,0.10813492063492064,271.0,93.0,232.3967566685499,1008,1,0,0,0,1,0,1,0,0,0,1,0,2025
2026-01-02,21,-0.052669816673850726,0.2737154150197628,-0.2737154150197628,474.0,97.0,236.0732560334499,1012,1,0,0,0,1,0,1,0,0,0,1,0,2026
2026-01-05,21,0.2609733015044075,-0.31770334928229665,-0.31770334928229665,637.0,233.0,258.73294593502607,1045,1,1,1,0,0,1,1,0,0,0,1,0,2026
2026-01-06,21,0.3490491393159979,0.316147859922179,0.316147859922179,489.0,106.0,294.75837965549977,1028,1,0,0,0,1,0,1,0,0,0,1,0,2026
2026-01-07,21,0.010674130460680834,0.2526215443279314,0.2526215443279314,228.0,194.0,313.2575815930712,1049,1,0,0,0,1,0,0,0,0,0,0,0,2026
2026-01-08,21,-0.0854598660893694,0.06862745098039216,-0.06862745098039216,310.0,244.0,305.1378119175406,1020,1,1,0,0,1,1,1,0,0,0,1,0,2026
2026-01-09,21,-0.17850122054223536,-0.41256038647342996,0.41256038647342996,573.0,460.0,305.6008774492034,1035,1,1,0,1,1,0,1,1,0,1,1,0,2026
2026-01-12,21,-0.14924857346068496,0.28708133971291866,-0.28708133971291866,208.0,198.0,331.06746054927925,1045,0,0,0,0,0,0,0,0,0,0,0,0,2026
2026-01-13,21,-0.1614424137989156,-0.10782442748091603,0.10782442748091603,251.0,626.0,319.3467500207765,1048,1,1,0,1,1,0,0,1,0,1,0,0,2026
2026-01-14,21,0.13284301782628744,0.5640038498556305,0.5640038498556305,225.0,217.0,348.5518214473692,1039,0,0,0,0,0,0,0,0,0,0,0,0,2026
2026-01-15,21,0.037786252593668135,-0.12476370510396975,-0.12476370510396975,313.0,198.0,336.78498130952454,1058,1,0,0,0,1,0,0,0,0,0,0,0,2026
2026-01-16,21,-0.2825993565131511,-0.11089681774349083,0.11089681774349083,379.0,267.0,334.51974499433175,1037,1,1,0,1,1,0,1,0,0,0,1,0,2026
2026-01-19,21,0.1389410902464942,0.24003795066413663,0.24003795066413663,566.0,170.0,338.75595975677635,1054,1,0,1,0,0,0,1,0,0,0,1,0,2026
2026-01-20,21,0.12687978096373914,-0.05268199233716475,-0.05268199233716475,414.0,167.0,360.39824930375005,1044,1,0,0,0,1,0,1,0,0,0,1,0,2026
2026-01-21,21,0.11625028222113108,-0.3222748815165877,-0.3222748815165877,365.0,425.0,365.50317794148816,1055,1,1,1,0,0,1,1,1,0,0,1,1,2026
2026-01-22,21,-0.010476958362431508,0.5143129770992366,-0.5143129770992366,224.0,274.0,371.16954194706074,1048,0,1,0,0,0,1,0,0,0,0,0,0,2026
2026-01-23,21,-0.26901789349246924,-0.029836381135707413,0.029836381135707413,293.0,283.0,361.91529985686446,1039,1,1,0,1,1,0,0,0,0,0,0,0,2026
2026-01-26,21,0.18430787588068906,0.11596958174904944,0.11596958174904944,145.0,144.0,355.3519379657345,1052,0,0,0,0,0,0,0,0,0,0,0,0,2026
2026-01-27,21,0.030141016869196763,0.09326923076923077,0.09326923076923077,326.0,147.0,335.318420064236,1040,1,0,0,0,1,0,0,0,0,0,0,0,2026
2026-01-28,21,0.10937076305143179,0.01588785046728972,0.01588785046728972,270.0,170.0,334.43095148668976,1070,1,0,0,0,1,0,0,0,0,0,0,0,2026
2026-01-29,21,-0.3797134680029866,-0.4952651515151515,0.4952651515151515,252.0,427.0,328.2946703927193,1056,1,1,0,1,1,0,0,1,0,1,0,0,2026
2026-01-30,21,-0.24219552642970862,-0.6566440349175557,0.6566440349175557,320.0,434.0,337.6951779743651,1031,1,1,0,0,1,1,0,1,0,0,0,1,2026
2026-02-02,21,-0.1276927345922248,-0.5872259294566253,0.5872259294566253,287.0,572.0,346.86706578633033,1049,1,1,0,1,1,0,0,1,0,0,0,1,2026
2026-02-03,21,-0.2182459386821953,0.6835443037974683,-0.6835443037974683,296.0,442.0,368.3082976162036,1027,1,1,0,0,1,1,0,1,0,0,0,1,2026
2026-02-04,21,-0.06398058882816736,0.5399610136452242,-0.5399610136452242,441.0,217.0,375.326554986089,1026,1,0,0,0,1,0,1,0,0,0,1,0,2026
2026-02-05,21,-0.003260695660412323,0.12983151635282458,-0.12983151635282458,215.0,368.0,381.5811687969377,1009,0,1,0,0,0,1,0,0,0,0,0,0,2026
2026-02-06,21,-0.19309479069113106,-0.8668555240793201,0.8668555240793201,663.0,370.0,380.28772414961026,1059,1,1,0,1,1,0,1,0,0,0,1,0,2026
2026-02-09,21,-0.050228525996997335,0.3796384395813511,-0.3796384395813511,188.0,321.0,407.21270280202833,1051,0,1,0,1,0,0,0,0,0,0,0,0,2026
2026-02-10,21,0.17257891910074516,-0.11164581328200192,-0.11164581328200192,430.0,148.0,399.00196920183515,1039,1,0,0,0,1,0,1,0,0,0,1,0,2026
2026-02-11,21,0.3196620228220534,-0.11578947368421053,-0.11578947368421053,571.0,206.0,401.9541626111842,1045,1,0,0,0,1,0,1,0,0,0,1,0,2026
2026-02-23,21,0.2890918158609822,0.47412199630314233,0.47412199630314233,405.0,671.0,418.0537661720238,1082,1,1,1,1,0,0,0,1,0,1,0,0,2026
2026-02-24,21,0.15479233640307824,0.4247460757156048,0.4247460757156048,856.0,157.0,442.1438836794501,1083,1,0,1,0,0,0,1,0,0,0,1,0,2026
2026-02-25,21,0.010744372643346429,-0.20476190476190476,-0.20476190476190476,712.0,411.0,481.5587519004548,1050,1,1,0,0,1,1,1,0,0,0,1,0,2026
2026-02-26,21,-0.28585102094783343,-0.12095238095238095,0.12095238095238095,407.0,247.0,503.50553743374485,1050,1,0,0,0,1,0,0,0,0,0,0,0,2026
