trade_date,ema20,W-fix21_09:15,W-20_09:15,H-20_09:15,W-50_09:15,H-50_09:15,W-100_09:15,H-100_09:15,B_09:15,W-fix21_09:30,W-20_09:30,H-20_09:30,W-50_09:30,H-50_09:30,W-100_09:30,H-100_09:30,B_09:30,up_L4,dn_L4,dir_full,dir_10
2025-06-02,271.72161172237895,-0.060562441727084707,-0.0061355654605930714,0.016680242205698498,-0.02720785441443217,-0.03233764032376723,-0.0491364762920137,-0.05154353126299056,-0.5830875122910522,-0.0821200784641156,-0.06558249104518621,-0.055971848162249954,-0.09684036605059762,-0.0965917317279798,-0.13937448604634886,-0.1238115088343357,-0.7109144542772862,0,0,-1,-1
2025-06-03,270.51002965358094,0.2889619522819412,0.25446262389286184,0.2422692587796047,0.1969416845523414,0.19363801015999202,0.17636533957151423,0.17055343030777845,0.5341614906832298,0.2672420156866357,0.20369828389983577,0.20908344489975636,0.174450223511065,0.1512991238906848,0.1557919620160399,0.1401908891337864,0.38923395445134573,0,1,-1,1
2025-06-04,270.0805030199066,0.004898439657308573,0.10000980091006044,0.07418595372698697,0.12403913075715625,0.07061413068404318,0.12096175221285359,0.07971700062249487,0.6896197327852004,0.119696913238062,0.2020665010997088,0.16261625191447487,0.19628331959288559,0.12324468563902376,0.1818787406503205,0.13197177115598588,0.6598150051387461,1,0,1,1
2025-06-05,270.26331225610596,0.025326403588860843,-0.14493828449030555,-0.012247542072876143,-0.09395088220076196,-0.017096849955137702,-0.05127917480174395,0.006021949511706299,0.311340206185567,0.014255760507095492,-0.17480310447486097,-0.01878035399831767,-0.09088457638170096,-0.015272196358665956,-0.04852491245250228,0.012012560462470926,0.3154639175257732,0,0,-1,1
2025-06-06,260.23823489838156,0.1329201273918323,0.010745421292485312,0.02337975295847976,0.011707405408494381,0.023614713712860672,0.01858071793565541,0.02878209844339599,0.2153846153846154,0.12258833549212067,-0.040609170903995226,-0.011779243324594303,-0.052760452638504506,-0.019529817299240845,-0.03692744275268659,-0.016945029533477082,0.2553846153846154,0,0,-1,-1
2025-06-09,246.59649824139285,0.13203504989154335,0.0016155899310412816,0.09483229589224416,0.007225725501118185,0.04936951962179042,-0.009250675140374311,0.030721851663896443,0.0321285140562249,0.06056995939138453,-0.07227836106871223,0.024355317338345506,-0.05773325557281386,-0.006806999841102489,-0.062062307667374465,-0.013271291425752747,-0.23795180722891565,0,0,-1,-1
2025-06-10,238.53968888506972,-0.04977178697227525,0.07084205132214594,0.019271944646980985,0.05900563616283319,0.03933157393592103,0.05211599801248292,0.028995812564873442,0.38391959798994973,0.176318413335341,0.22544386919823442,0.14406627424285742,0.1897886770228895,0.13600347601800508,0.17374946280888692,0.1308567274429295,0.5055276381909548,1,0,1,1
2025-06-11,252.5835280388726,-0.24366362412739667,-0.09301604818393161,-0.14091658087861125,-0.044901074202332976,-0.07612546440790173,-0.02299371087371859,-0.07036794404631719,0.12398373983739837,-0.3181743624698941,-0.12929917725581808,-0.22765289728144164,-0.08018433331433833,-0.1405351694472206,-0.05757829035537904,-0.1214975392281865,0.06402439024390244,0,0,1,-1
2025-06-12,244.24223965421805,-0.1594897894278721,-0.04954236848084751,-0.06651909800517936,-0.02480224889169797,-0.03387940130377747,-0.02068518064973978,-0.02664370264864578,-0.014447884416924664,-0.1263323349827647,-0.037411057254154424,-0.017648892208956202,0.017759010126735617,0.030473205550143496,0.02894627009096334,0.03569627349762752,0.11351909184726522,0,0,-1,-1
2025-06-13,231.93345492524492,-0.2341305440910451,-0.1257199139277638,-0.17228480293900544,-0.08776253858444279,-0.10441907041942458,-0.08585614771866473,-0.09852798694873977,-0.7166998011928429,-0.11446403283130152,-0.033119417125134144,-0.06676691866741676,-0.0037422723530327858,-0.018409905574974433,-0.00882985078907206,-0.019059703395922948,-0.6829025844930418,1,0,1,1
2025-06-16,233.2731258847454,-0.013216450808433044,0.03799757327494138,0.08134073241145424,0.05754913253546116,0.10581131059822389,0.08742767609905089,0.1207622646277541,-0.27448979591836736,0.019813953183369936,-0.0008096194076528593,0.03598321539228289,0.010258703872030477,0.04316274372440262,0.04097766958833827,0.06964564324347863,-0.3377551020408163,0,0,-1,-1
2025-06-17,229.43759008619824,0.01165580055072267,-0.01865311080937052,-0.012455221060004098,-0.013251168652935352,-0.02082047101740988,-0.0029294332547259495,-0.006269278222298944,0.47244897959183674,0.0162699732104322,-0.0612010278078993,-0.013051356971266477,-0.03258898221419783,-0.032924225593832165,-0.02067475372137828,-0.022093982670165765,0.4377551020408163,0,0,-1,1
2025-06-18,226.5387719827508,0.27368007185230975,0.21590888889123863,0.23565071145230043,0.20550462645420367,0.21654902109387064,0.19830893235618163,0.19367320520203526,0.22327044025157233,0.2113519401436202,0.13515571205429291,0.13346108214963465,0.11659461008281354,0.10380880649856766,0.11245214637608193,0.09043586109295797,0.12159329140461216,1,0,1,1
2025-06-19,230.48746036534595,0.019515871770483167,0.057320937153275645,0.003643966952964159,0.014246991896404671,-0.014695892358359868,-0.013340194866162206,-0.03314326751426426,-0.5370187561697927,-0.27038893742940073,-0.11024745908755633,-0.201497605978804,-0.11580159912877712,-0.16705980210374757,-0.13670530892244975,-0.17350115508379393,-0.6090819348469891,0,0,-1,-1
2025-06-20,225.86960699721777,0.011695151465790069,-0.0983992926943538,-0.0503667152735472,-0.07644293819487945,-0.06605155356062789,-0.07859587967530839,-0.06672565461856372,-0.22783505154639175,-0.0590514926870225,-0.19494318728921425,-0.19568931795151315,-0.1879539999709257,-0.21597973577501778,-0.19120034383052392,-0.20406729297659737,-0.520618556701031,0,1,-1,-1
2025-06-23,230.3582158546256,0.14349550697565397,0.19514645676921494,0.21056063100583858,0.2424834760988453,0.206817019066838,0.22051414389525198,0.2004807315062428,-0.653,-0.2153389926433423,-0.01569829436757789,-0.044656365629147154,0.044283863769609015,-0.023795071082436475,0.017235174434266025,-0.027636588531636593,-0.794,1,0,1,-1
2025-06-24,234.99076672561364,0.1733420510418671,0.10123346161276885,0.10110581841157633,0.12871781889714773,0.1322187767219781,0.13245216501660145,0.12939394810157412,0.822,0.04117980194150766,-0.001559782542039447,-0.023220908603572166,0.035594886845268625,0.03166425161519622,0.058873477078332515,0.037577777761832236,0.826,0,0,1,1
2025-06-25,231.84878894222186,-0.04526406004096727,0.030258118875214134,0.029588281290087837,0.007521090499700791,0.03144702669709996,0.0056148676705763565,0.02812178452852693,0.4863498483316481,-0.06696588379948401,0.026123517623605333,-0.015263406691642124,-0.0058333872586613066,-0.012295135837310862,-0.02163239271786091,-0.021704510277163833,0.17087967644084934,0,0,1,-1
2025-06-26,224.14890428105787,-0.1426679911184115,-0.1241950581294212,-0.17127921568360494,-0.07072518846656242,-0.10636652892009447,-0.050644720907770786,-0.08773137545168873,0.568762278978389,-0.10537804929035038,-0.17198000045639872,-0.2280242385999005,-0.11284407582132834,-0.15970472425154117,-0.09168799307650179,-0.1411461339209222,0.6394891944990176,0,0,-1,-1
2025-06-27,220.4204372066714,0.03363673331556408,-0.06668229594798351,-0.11286992110629333,-0.06948001000772366,-0.08908702104152,-0.04590924791377313,-0.07098518853185753,0.3906844106463878,-0.15252249876778987,-0.20539370742612847,-0.18736145618992756,-0.17175546043694273,-0.17738000127279863,-0.14159120762533814,-0.15276317857958074,0.24809885931558937,0,1,-1,-1
2025-06-30,221.52325271079795,-0.07867225114884471,-0.0743208255183747,-0.1028634974429625,-0.0814352851024694,-0.09594698168371169,-0.07101533885324528,-0.08086806743833555,-0.448207171314741,-0.08103416901512432,-0.07143248455535837,-0.09685511149768843,-0.09134504208785428,-0.11463135740620699,-0.08823971747490444,-0.10361309318055904,-0.601593625498008,0,0,-1,-1
2025-07-01,216.7115143573886,0.44985471430517554,0.2905930801382788,0.32891956733528305,0.25673284209127173,0.30167000134800925,0.24998793595188176,0.2757125912578447,0.6532416502946955,0.41040769966864793,0.24346816551611386,0.3091601407955717,0.22368433869712695,0.28069921837742867,0.21130964445158198,0.2510495004703572,0.6984282907662083,1,1,1,1
2025-07-02,234.35803679954208,-0.06292569166590138,-0.09406937441040722,-0.07789603932102182,-0.006678735073323337,-0.015623853292750168,0.021551730738696023,0.010267315647116707,0.14764397905759163,0.1797846093799141,0.10293036975528544,0.12265882956180904,0.13138261354218547,0.12823156948154885,0.12897527622712202,0.13092953757919795,0.06806282722513089,0,0,1,1
2025-07-03,230.41917615196664,-0.3133416964619462,-0.26489081633260003,-0.24296146120854809,-0.17592005112838738,-0.176473932906381,-0.14707060504136427,-0.16348662451203985,0.5685483870967742,-0.20907003260176382,-0.17833526872462105,-0.1719260170526326,-0.10339506570884559,-0.11998369690583528,-0.0757437451872418,-0.10169350497392926,0.5806451612903226,0,0,1,1
2025-07-04,224.5697308041603,0.05219666564797029,0.0121338534984472,0.034738907885334284,-0.012694643245041855,0.03293065196667696,-0.016482615059740236,0.012409645767999907,-0.014418125643666324,-0.06785056412083282,-0.1503268701548637,-0.08164247009805374,-0.15511194077981325,-0.08735863204799202,-0.16317748425008194,-0.10583858981057756,-0.5128733264675592,0,1,-1,-1
2025-07-07,234.7059469180498,-0.303622115499313,-0.3506935582660724,-0.310345201691219,-0.31192093529857784,-0.34688362913665677,-0.3116447859584932,-0.3350606840985312,-0.6894790602655771,0.02319910431021014,-0.12623411436474696,-0.06232740127646402,-0.09995979579268519,-0.12047561514702007,-0.0976062537272225,-0.11657963790738066,-0.4586312563840654,0,1,-1,-1
2025-07-08,237.3053805449022,-0.0161191366608271,0.046649589861266695,0.07520702209054213,0.033908971878355613,0.020570275839910425,0.017243479930620254,0.012165121829232175,-0.5598335067637877,-0.12825316908982265,0.022424679320337572,0.12369621804299791,0.045145740992565096,0.035801433102977724,0.03592809336886247,0.038336061783554365,-0.4963579604578564,0,1,-1,-1
2025-07-09,239.08582049300674,0.3108725565365227,0.2552349438171196,0.27103372699121603,0.21853142546079465,0.1755376881657008,0.18922778760261086,0.1650642054079103,0.2492046659597031,0.25531827129245555,0.19953121277748626,0.20293104145398225,0.162714102322471,0.10637845564015225,0.12499023415035967,0.10560054986816844,0.1283138918345705,1,0,1,1
2025-07-10,247.45859949367275,-0.03474880947911734,-0.03859401869430726,-0.03933432484165294,-0.013154297070232909,-0.04709087158614007,-0.0074764651644484426,-0.0369535987839339,-0.054890219560878244,0.08194523683028239,0.05026989673172346,0.08854771484751246,0.07794467671223228,0.04615249196629033,0.0808711133475474,0.058249906435316086,0.020958083832335328,0,0,1,1
2025-07-11,246.46254239903726,0.06880432928727505,-0.07468011133561386,-0.024021365227144605,-0.01276313081029087,0.018241159972882094,0.004819261469423896,0.024918002652108372,0.24,0.06394728508567696,-0.15522055896299483,-0.16395150398553376,-0.08804238046780853,-0.08850460489556111,-0.05854108872004016,-0.06530933165439175,0.3558974358974359,1,0,1,1
2025-07-14,250.22801455150992,-0.35574143629929345,-0.33461005791674153,-0.2549294406323246,-0.2409330742255591,-0.22807920523905123,-0.2298209069882786,-0.22283652497923953,-0.24581589958158995,-0.26468823092507826,-0.29465932346428053,-0.20988938516607764,-0.18459346536627153,-0.18102592974755602,-0.1807142921784879,-0.17638526800730783,-0.2730125523012552,0,0,-1,-1
2025-07-15,243.0634417370804,0.10805858103000822,0.15770447158194192,0.12489560187716615,0.15794047304019518,0.14317548744927974,0.15834114106666483,0.13154049675788038,0.3678861788617886,0.10909208572807813,0.10708877870339062,0.05358583729710798,0.13277701913658851,0.089208553544875,0.14206126113900702,0.08675901373167372,0.36077235772357724,1,0,1,1
2025-07-16,255.15263776212038,0.2799075891373613,0.21182147460766193,0.15116888677142706,0.1735061591033065,0.12426272749682005,0.1611285230320284,0.11256427003026066,0.17303822937625754,0.0940191039814457,0.10154749433743214,0.026959780051714583,0.08191565728900682,0.02280119551784635,0.09296983045207763,0.025423907884655237,0.1981891348088531,1,0,1,1
2025-07-17,259.1381008323946,0.13380268722026012,0.10820518782708642,0.007404114724788798,0.10543321218674502,0.022029617817662876,0.10647795917550179,0.03564455771354926,0.6363636363636364,-0.14501252567356,-0.11437094779663023,-0.15445274571470238,-0.07756331940531806,-0.13222278924886388,-0.0582435086419094,-0.11094794783792183,0.6036772216547498,1,0,1,-1
2025-07-18,261.50590075311896,0.015178754874058746,0.06065913965626334,0.06809197538483455,0.009689904521513044,0.043221919258161844,-0.007520815633866086,0.013799334697612332,0.41964285714285715,-0.016377756096656017,0.015991825264765183,0.026185993550119833,-0.036988571932455964,-0.003997480313159584,-0.05910471061588367,-0.04087296162514687,0.19642857142857142,0,0,-1,-1
2025-07-21,252.69581496710762,-0.3120331585968673,-0.25221599681739887,-0.24375932340844297,-0.17551071603738463,-0.20106779291929722,-0.15346903185910185,-0.16851560232581514,0.115625,0.01666608742679031,-0.14490943128351294,-0.10140676235443921,-0.12411096558283785,-0.11340216211992693,-0.11382775312956571,-0.09563893813762916,0.05625,0,0,-1,-1
2025-07-22,240.91526116071643,0.48953132129412447,0.3244604919280279,0.363564720849611,0.25034780652827754,0.27546003265700975,0.21581515950752042,0.23132348328053573,0.10102040816326531,0.23647502588566388,0.15411747924519842,0.21474605373219985,0.11942444674799141,0.13648548975291747,0.09843531292436092,0.10236416122214319,-0.12857142857142856,0,1,-1,1
2025-07-23,258.8280934311244,0.021516078631821867,0.05489740205610134,-0.019736668874136838,0.05432320149996298,0.044455934892545616,0.06403313192411797,0.04746664784695841,0.7739656912209889,-0.2004306751256075,-0.22059483507993163,-0.2908451259654858,-0.18091349752488808,-0.21118095743935922,-0.14727528895284403,-0.1824138996669288,0.7285570131180625,1,0,1,1
2025-07-24,258.7492273900649,-0.022488514202186814,-0.08214556975325735,-0.1332133278936464,-0.06617071616722009,-0.12447904255459884,-0.08758719358512077,-0.13388622401601197,-0.027327935222672066,-0.01662704368253886,-0.016081149955487962,0.012051729560867617,0.013372635285907224,0.0022101938349899032,-0.016467103462756864,-0.03292586316324694,-0.22672064777327935,0,0,-1,-1
2025-07-25,251.1540628767254,-0.28931631384944145,-0.2256551498758353,-0.27317167420281896,-0.1932095555507332,-0.22077241396014569,-0.1698245203564941,-0.18477671464312367,-0.0778688524590164,-0.2946205224456319,-0.2136114181658643,-0.2517442058790801,-0.18610667037861056,-0.20698248659247645,-0.16617217720603808,-0.16622392733085425,-0.09631147540983606,0,0,-1,-1
2025-07-28,238.7584378408468,-0.3012667266289017,-0.17523156827674607,-0.19188262046152157,-0.14034207875260996,-0.12964347958313188,-0.15549746829253755,-0.13478308200524755,-0.24471299093655588,-0.31340183670804084,-0.12859547560903564,-0.1729913526771695,-0.08499326476777441,-0.07061305972588616,-0.08803373549842118,-0.06978521260927018,-0.017119838872104734,0,0,-1,-1
2025-07-29,236.78144376076614,-0.0757059769264397,-0.008368779280637001,-0.016066884826206412,0.00021474206122286835,0.02549428950912541,-0.001959542051371361,0.02065096505684513,0.1529656607700312,-0.20529042842575268,-0.09336077027140292,-0.10300700330429642,-0.07337675629549087,-0.02993462342220855,-0.06384048858391317,-0.032847866860820515,0.2206035379812695,0,1,-1,-1
2025-07-30,245.8498776883122,-0.03612886253367713,-0.1213912851551636,-0.04176091614571998,-0.10617999088206621,-0.055907126867757256,-0.0943990937326082,-0.06160283010556264,0.18848167539267016,-0.07196889347432857,-0.2398978825381915,-0.18807018175999266,-0.24160841982983866,-0.21775632572676432,-0.23747859695368856,-0.21753558786557392,-0.21256544502617802,0,0,1,1
2025-07-31,243.6736988608539,-0.06377391292604875,0.053400747070687433,-0.008701410664910689,0.05565466850540232,0.010364897264780126,0.03547983246791788,-0.0029149296399356224,-0.2777212614445575,-0.0828173901064881,0.07682566506193243,-0.015476052769874833,0.07803574884657508,0.0377017533677172,0.059355494638939875,0.016720444061609836,-0.40386571719226855,1,0,1,-1
2025-08-01,245.8000132550583,0.4951809012194988,0.4991410806797427,0.531656386770456,0.4779593465551159,0.4855556804226914,0.46199018199423053,0.4691086729953635,-0.4684772065955383,0.26652336028416707,0.3098236891973941,0.3356522211031376,0.36157388937861346,0.3510299909732056,0.37340999671350683,0.3634532608505044,-0.3879728419010669,1,0,1,1
2025-08-04,259.9142977069575,-0.14314613454128086,-0.12338824988642422,-0.1356941439971574,-0.10598102090309731,-0.10755770125006867,-0.09668449116831589,-0.09703492883634053,-0.6782868525896414,-0.14303262985307588,-0.17251050351625405,-0.12913194923337826,-0.1058740911044433,-0.09075080214524367,-0.06965740697332913,-0.06402624780104013,-0.38147410358565736,1,0,1,1
2025-08-05,260.68436459200916,-0.06396701273520267,-0.020862608748564587,-0.03060509509856716,-0.048440615612254385,-0.019378446312248273,-0.03877172748742644,-0.026193957235712707,0.3815659068384539,0.06397031443821855,0.11131610540349068,0.05569075131745856,0.03333520660067533,0.041048797507697785,0.02285548468983757,0.022860829910095536,0.27353815659068387,0,0,1,-1
2025-08-06,251.38109177372257,0.17468780115533336,0.03381715803465134,0.04835022113248553,0.03476475834668244,0.030059548660935576,0.00920098114657484,0.015152566927932059,0.011787819253438114,0.08783704225504278,-0.06482521763460247,0.006798735553943459,-0.04022784703618118,-0.03355768751723605,-0.06008406598207823,-0.03916847375108822,0.007858546168958742,0,0,1,1
2025-08-07,237.15432112860614,0.21945347804091206,0.07926393782928533,0.036296969129119526,0.08909178390979328,0.020839523192010267,0.08207717244999285,0.022948104983096792,0.3648111332007952,0.4644273193604796,0.3233015297896333,0.24960572569626166,0.27055595586990056,0.1656518925143327,0.21350354408796882,0.12347310553576624,0.21669980119284293,1,0,1,1
2025-08-08,252.75867149731033,-0.10180017503747323,-0.00043015674422512847,-0.04004296586058177,0.0419817885757732,-0.025894093774401557,0.0512993821381871,-0.007667903006337958,0.018943170488534396,-0.08943580484099217,-0.0060711708343505685,0.0030004531714753714,0.044469978301167036,0.009787569711485242,0.0455706696235063,0.01768869234483432,-0.0029910269192422734,0,0,-1,-1
2025-08-11,242.78165516423317,-0.09757937054513456,-0.07078635371462351,-0.07219148119375698,-0.09810923920588835,-0.11161365982244367,-0.09167962025139606,-0.11021186359855493,-0.4232649071358749,-0.042496617290313,-0.07021919709411834,-0.11805513788480665,-0.11343340905658177,-0.13823520343726436,-0.09759165683727523,-0.1240255149162368,-0.27663734115347016,1,0,1,1
2025-08-12,256.80244991049665,-0.2957794131323903,-0.25939284012911074,-0.2769413364983333,-0.19506544760494682,-0.23754645631466384,-0.16161943349352723,-0.19596360063407572,0.135,-0.3092645730075797,-0.26050477432654123,-0.2600056903174669,-0.1871445833936496,-0.23297265820526233,-0.1667966707364734,-0.1940348107028899,0.248,0,0,1,-1
2025-08-13,246.91650229997316,-0.051753357684735976,-0.11313016187310879,-0.050556213806766746,-0.0933712977728504,-0.06430710828718492,-0.08332070858617818,-0.06845718148692116,0.5458128078817734,-0.09654384981810403,-0.09989723875591557,0.003650158876352536,-0.04646175773316978,0.004506766349762564,-0.03400288606875664,-0.02130583175070092,0.5438423645320197,0,1,-1,1
2025-08-14,247.97207350949952,0.17973956207856281,0.13821776672812947,0.09462641626960784,0.1364485869062215,0.0973463616532022,0.1209072686187567,0.10223348112968421,0.4720861900097943,0.16123790818424472,0.09188515694396776,0.05178666112203779,0.09991194212074786,0.06259640579782937,0.09165273153163873,0.0701534242139638,0.4534769833496572,0,0,-1,-1
2025-08-15,239.11759031811863,-0.11864632957713586,-0.09805813315191977,-0.19247462822392672,-0.10157912634560173,-0.1448976034645138,-0.13494406331890918,-0.15069528782854313,-0.3246231155778894,-0.13067786125380765,-0.132706306507766,-0.1819280165642982,-0.11505650629228614,-0.15946165315492467,-0.13326659964743348,-0.14930824264512968,-0.19698492462311556,0,0,1,-1
2025-08-18,235.10639124020256,0.09613100571828638,0.12044917063090728,0.04971487533612203,0.1203214355025319,0.09284239572665108,0.11845216350432958,0.09673660696812642,0.2774509803921569,0.11473319417822525,0.1263154869166408,0.0852127044508573,0.13864828597521223,0.10852402243945222,0.13073040242773953,0.10404055587172018,0.3509803921568627,1,0,1,1
2025-08-19,239.9534015982785,-0.031890885677709896,-0.12051426781337586,-0.19765732354882173,-0.19475269451134994,-0.27263801468859,-0.2048256584332266,-0.2821122138574188,-0.45145631067961167,0.1664507059948061,0.00666639910007912,-0.06454829344620841,-0.09321232353786901,-0.14686524090578554,-0.09271547967732566,-0.15067147157907052,-0.2854368932038835,0,0,-1,-1
2025-08-20,229.8626014460615,-0.0616006230991633,0.005397926577854234,0.061674187682971345,-0.0002460425526857008,0.0400429531474191,-0.030778597344486444,0.0009278924342468387,-0.44621513944223107,-0.1730739198149662,-0.19922184965930553,-0.1860745328443364,-0.24317080574617023,-0.2255042548867485,-0.27424957305814895,-0.26817992838408056,-0.6733067729083665,0,1,-1,-1
2025-08-21,258.16140130834134,0.31624710833941766,0.16480335698725215,0.19894116519524793,0.14962121191867983,0.17609094113762827,0.14749606822259836,0.16532037653932585,0.724172517552658,0.44941951205203595,0.30797462825896316,0.3691670829681386,0.2970639713141499,0.3374265135640999,0.2857808457921278,0.315042132647945,0.7412236710130391,0,0,1,1
2025-08-22,257.5746011837374,-0.2021760557828946,-0.1698631708156756,-0.18729111903915205,-0.14552513099062223,-0.1255957790880352,-0.13699815272174343,-0.1300049201642246,-0.1780821917808219,-0.33285997129981326,-0.29750447962820453,-0.3115388831199647,-0.243940604119308,-0.2262712400873388,-0.2172431616797416,-0.21188293318144968,-0.2172211350293542,0,0,-1,-1
2025-08-25,256.85321059481004,-0.15166819674001175,-0.07332397953373825,-0.003920032900558642,-0.01626807285670161,-0.012031921829494729,-0.017375525764511263,-0.009541707287492516,0.6663424124513618,-0.024834363577270757,-0.0242293812576946,0.057426018534586565,0.021631274164656968,0.03098396888959146,0.014133188115891602,0.027332193546704638,0.6245136186770428,0,0,1,-1
2025-08-26,255.6290953000662,-0.06801229915854697,-0.05573022629637169,-0.0833681559452576,-0.05256247287841923,-0.05374081389630793,-0.043125217224244825,-0.05129210169061845,-0.15459882583170254,-0.146797968520884,-0.22329600268968214,-0.2489166765052153,-0.20471844396286648,-0.2284719854032456,-0.1785905065389753,-0.21162709817219874,-0.2876712328767123,0,0,1,-1
2025-08-27,249.47394336672656,-0.1461682526036208,-0.10357031826126971,-0.027631754251267817,-0.057885248853197166,-0.02433330270766622,-0.03374756799449835,-0.012248902015797173,0.4460500963391137,-0.16160172243467114,-0.04870272298745138,-0.022606410679277756,-0.019513699468204977,-0.022490572412431863,-0.0025996617617035918,-0.007267637702142255,0.4344894026974952,0,0,1,1
2025-08-28,241.42880590322878,-0.07324585008759672,-0.026417092527383168,-0.014315468013879373,-0.00867401581558714,0.02047577520783689,-0.0037573373677138497,0.025980002969127437,0.16151545363908276,-0.10582832474295062,-0.09958027611768469,-0.0934949639867106,-0.0806892269570323,-0.05725218057746602,-0.0727699786956055,-0.05976702513502694,0.14356929212362912,0,0,-1,1
2025-08-29,239.10225296006413,-0.05046132641220532,-0.02446498327403291,-0.11818956252822471,-0.0352254345142823,-0.09573979380200835,-0.034511540834603116,-0.08287959115085312,0.357926221335992,-0.11996774764282117,-0.0017335157077038065,-0.10134952316549713,-0.00264488621523116,-0.06870248712907641,-0.006920598761835918,-0.049705342587638555,0.22233300099700898,0,0,-1,-1
2025-09-01,236.04489553529612,0.24364077040344861,0.037665331660839615,-0.018605591520016767,0.01560860521477682,-0.01257698002365383,0.008008780444443503,-0.017825153645936828,0.018886679920477135,0.30477695973926944,0.06054435415815057,0.020448678275049665,0.04647717134456609,0.019239390765741528,0.04785735369865881,0.009836628869558689,-0.09145129224652088,0,1,-1,1
2025-09-02,251.46919119860127,0.16114088657523387,0.014322888280187077,0.0023996208766777997,-0.04293305094942979,-0.02808211859679376,-0.032333501405035214,-0.04431311269882664,0.44691607684529827,-0.022696477421752115,-0.19400456682375186,-0.23651492056431628,-0.27990804569884997,-0.2452016486562801,-0.25934332735857657,-0.2589676968627779,0.1385237613751264,0,1,-1,-1
2025-09-03,262.7578396558773,-0.12987251499477317,-0.006451186664669367,-0.04146569612445717,-0.017369020788226545,-0.03814373914824941,-0.02318987991896306,-0.030015460798707455,0.3807615230460922,0.01760737497305487,0.12438301276408813,0.043232758346753906,0.08977297964327358,0.06725005831719921,0.08506920238023445,0.0726852587504161,0.47194388777555113,0,0,1,1
2025-09-04,256.3047120696033,0.1605573886358927,-0.08190130809631063,-0.16706723367712836,-0.149295291419271,-0.2110248612908825,-0.1491154969276876,-0.21076324365697202,0.4247258225324028,0.1968405107977969,-0.03148939059224626,-0.15494447414435245,-0.10452631765855672,-0.18119419828645317,-0.09838278629168891,-0.178562055667104,0.48554336989032904,0,1,-1,1
2025-09-05,255.89473949154583,-0.09487417865528716,-0.05785754750150677,-0.043268303076255864,-0.03916618913563817,-0.03705561912115071,-0.03193676467049063,-0.051118973104606315,0.148,-0.11767065002925209,-0.03432873632260354,-0.06894020343487589,-0.027507327315729302,-0.04603301176157299,-0.02539448295405633,-0.0603915120796159,-0.014,0,0,1,-1
2025-09-08,245.14285953997003,-0.20462214141336665,-0.17096953757893302,-0.15318869951787029,-0.20665317060547927,-0.19212088854734635,-0.19846664447091367,-0.2059617316611066,0.12050534499514091,-0.24666210252687457,-0.17147485947360874,-0.17485570357874614,-0.19741369065987438,-0.18773771787001023,-0.1853737645728798,-0.19667935147353705,-0.006802721088435374,0,0,-1,1
2025-09-09,236.6530633933062,-0.00793646165297948,0.03488339389673755,-0.06536516038800047,0.05157493522813636,-0.04613210966260748,0.012938870297610032,-0.059603275890225536,-0.003992015968063872,-0.009057927534001139,0.004165009302498067,-0.008841387016374117,0.05755056497985218,0.0009533942315201157,0.021136118667614362,-0.017053826497299317,-0.02694610778443114,0,0,1,1
2025-09-10,231.06705735584848,-0.12889071819560566,-0.0008912191066593673,0.04797051825401937,0.04838589895732414,0.04573173672380654,0.04819843226834716,0.05366090849735204,-0.1548076923076923,-0.023793656706420262,0.14034308867694303,0.1411908295009786,0.14668604096470472,0.1264860993627112,0.12768852012577045,0.12405900180305174,-0.20865384615384616,1,0,1,1
2025-09-11,236.01305189338672,-0.05784556947694788,-0.1479049130606343,-0.14804306281529073,-0.15817711945144552,-0.1497963590949625,-0.1615072362592839,-0.16567377194464555,-0.21150097465886938,-0.07089125566413632,-0.04747973020429032,-0.1327155854895371,-0.07635981180094992,-0.09044428511311846,-0.09654931718244933,-0.12044611545012021,-0.2894736842105263,0,1,-1,-1
2025-09-12,240.96418980830228,0.08111318619455107,-0.07900528041115386,-0.11175622647403513,-0.07875742032431124,-0.12643719091540936,-0.062369428827738826,-0.09481874737577999,0.5875875875875876,-0.030638369401249185,-0.21755706765164978,-0.25910628264509755,-0.23569436325822793,-0.2759728899264434,-0.213052510286884,-0.25051715308995376,0.45045045045045046,0,0,1,1
2025-09-15,229.06283839798778,-0.27772064891721,-0.27302460166635945,-0.30989202871790494,-0.2656983739915248,-0.297726227365251,-0.23292450796037736,-0.2597803793744937,0.0049504950495049506,-0.22852849578552156,-0.20497769606150482,-0.27261088802659456,-0.21176616522842534,-0.25293395605771996,-0.18968356687724933,-0.22571466340768,0.06633663366336634,0,0,-1,-1
2025-09-16,224.48542521722703,0.10379980696021388,0.08772172843521481,0.06824689435296367,0.09085054347757465,0.07213033235144765,0.07683514343541531,0.05688760287342918,0.12698412698412698,0.11816517590903651,0.0951766852485937,0.08770804703831608,0.10596961091146594,0.10392112561003733,0.08539013849852746,0.07142635247605868,0.07142857142857142,1,0,1,1
2025-09-17,227.20109900606255,-0.18175356522878727,-0.02639529527466063,-0.14495086175597793,-0.06507252374892729,-0.11803247187260735,-0.06317991578559967,-0.09735297443928025,0.3225480283114257,-0.2441716498128624,-0.09596676708775424,-0.2122532845585606,-0.11380711434699528,-0.16270235958465581,-0.10877202215564116,-0.1354159740079874,0.36501516683518703,0,0,-1,-1
2025-09-18,220.32480386262802,-0.17242062970502342,-0.04131751793609225,-0.005611306489922038,-0.06672502292909689,-0.032914446474245046,-0.038736938171046086,-0.01427054867882138,0.5854870775347912,-0.2348715729568899,-0.025438479438115925,0.03378074243984869,-0.06152735407333058,-0.0005109507284862436,-0.031138507565119797,0.01138554735274957,0.6282306163021869,1,0,1,-1
2025-09-19,223.81767968523488,-0.1451195197408253,-0.15673956747819143,-0.06458391411960973,-0.07781811320522891,-0.06857150757422818,-0.06873606505685982,-0.07946272893230472,-0.12906309751434034,-0.17609307736954746,-0.2837535917139254,-0.16421299552908963,-0.201669085803914,-0.17016344067861264,-0.17562431564102357,-0.17107995651401695,-0.11567877629063097,0,0,-1,-1
2025-09-22,223.16837685806965,0.0691955960549386,0.07578226994375915,0.09906800918108191,0.05245100338024088,0.021967613473939968,0.03943862639112663,0.016456478264657414,0.10979228486646884,0.16081488009881134,0.13527693585514888,0.1293912336833573,0.09734823773522408,0.04916850869297468,0.08970096428727001,0.0453645019813434,0.20079129574678536,1,0,1,1
2025-09-23,225.9142457287297,-0.1724961105020219,-0.06824677919321294,-0.037939402266201815,-0.025260285950257033,-0.02629884288765288,-0.019013179064513136,-0.04341134954936537,-0.07480314960629922,-0.06614574061859298,-0.11147867743246952,-0.06655257076903608,-0.09599819768027644,-0.06923757944911567,-0.09310497623099828,-0.099626595857004,-0.27263779527559057,1,0,1,1
2025-09-24,233.44622232599355,-0.23532234667476862,-0.3400504718828001,-0.33090635757691444,-0.3224610781304785,-0.3360403669481601,-0.2899478320037695,-0.30371545578542036,0.1572139303482587,-0.31972572617890455,-0.3968016444185813,-0.3837023381519145,-0.35591242218186697,-0.3608030006284082,-0.3083703603489032,-0.322513890209937,0.07263681592039802,0,1,-1,-1
2025-09-25,241.7846773425656,0.2540771471333178,0.21564876658108417,0.2635332850209764,0.17063165989247298,0.24274053574048715,0.15195159208021733,0.22057437934459623,0.49147442326980945,0.2756073847086784,0.2389504545581414,0.31032441947197414,0.2020108103971047,0.2780132775432401,0.18038006259926373,0.2513903868898942,0.5787362086258776,0,0,-1,1
2025-09-26,237.42423188136888,-0.4758692138346508,-0.3415303142573018,-0.3838090671908223,-0.3451018301201361,-0.359609871211026,-0.347856428034081,-0.35268947884245266,-0.6066398390342053,-0.6666413684706837,-0.5654805688631055,-0.5827199547968053,-0.5503231626682741,-0.5650625859302075,-0.5554272446030948,-0.562941791855197,-0.7857142857142857,0,1,-1,-1
2025-09-30,261.5743050355242,0.1461787006336717,0.16601034070714582,0.22094891472114472,0.11935964325027308,0.16808235487645984,0.09564385398073506,0.12879417923700887,0.312,0.2310743770189596,0.2621024691999108,0.3348496983846838,0.2318189949183704,0.29577813566349814,0.21934907245697982,0.2553311729720659,0.342,0,0,1,1
2025-10-01,260.3767521749981,0.22421117816266437,0.15349074026115064,0.13944286819706836,0.13387514518062923,0.10734149028448473,0.11435332215271064,0.10194316643000069,0.0854788877445932,0.37538817809834113,0.3377731618435155,0.3367109576116741,0.3053279978470842,0.27776872588140855,0.26511314546247877,0.2522388429962316,0.08135942327497425,1,1,-1,1
2025-10-02,271.29325196785544,-0.009883417895661247,-0.03800359062729894,-0.16410518215649675,-0.07826753699568385,-0.15256873048938466,-0.07191865765346091,-0.13860364330979244,0.3034623217922607,0.12294897690028601,-0.005360082589532498,-0.11691313870273334,-0.09879098513625655,-0.14398862325336464,-0.10505905418115451,-0.1449388005550827,0.03360488798370672,0,0,-1,-1
2025-10-03,259.36056130425015,0.2857877028907694,0.17518989286751221,0.1092133332297846,0.1332503007239778,0.11211203744797811,0.11534777526513952,0.09599481958063459,0.018163471241170535,0.14894915931618213,0.13662214383027668,0.13932555530893811,0.12897498331704335,0.13633044777732484,0.11289199964861024,0.11731737939137989,-0.05348133198789102,1,0,1,1
2025-10-07,270.46907927527394,0.24542110392341868,0.09721513863671384,0.033109173456593206,0.03615874563844096,0.03698443794612481,0.030523568876987386,0.013157824697833265,-0.029893924783027964,0.2072753794623303,0.007309593346134492,-0.04359945998718122,-0.02236288725326488,-0.035530588852808756,-0.0041388139222786335,-0.03710288538793994,0.18611378977820636,1,0,1,1
2025-10-08,279.09107172524784,-0.13096362520251292,-0.18997464293542074,-0.19582084887054144,-0.15699873595923797,-0.14109607304948021,-0.1422296490073556,-0.12161935687102185,-0.28428428428428426,0.02377266326700407,-0.1315460486133535,-0.12103030997009939,-0.09192275082154376,-0.08339637822897371,-0.0852776079816659,-0.060565905776777375,-0.28428428428428426,0,0,1,-1
2025-10-09,272.9871601323671,-0.29483332729834283,-0.30735392568196296,-0.25280558204782083,-0.25638015884923504,-0.2016820082883021,-0.23068746743316162,-0.19298395993810924,0.12127236580516898,-0.11144047197823267,-0.20270051080890544,-0.07940577206094405,-0.17667802850083902,-0.06994886486151564,-0.144415977461056,-0.06048381147955881,0.3727634194831014,0,0,-1,-1
2025-10-13,264.32171631023687,0.381623716873022,0.5588652977612819,0.616865866532867,0.5464251734147587,0.5539187241103135,0.4935036530273001,0.5159820558228359,-0.7655367231638418,0.5604365674981736,0.6119513686571657,0.6722154850980393,0.5875523497050578,0.5945015454929158,0.5442917410462778,0.5638936318257801,-0.7250470809792844,1,0,1,1
2025-10-14,292.0053623759286,-0.07433590472585383,-0.10675127783870952,-0.1032943755174691,-0.1183283952150102,-0.12017375342168983,-0.09773815654182949,-0.0956282536748788,0.5439613526570048,-0.2366855913529128,-0.22443603734720427,-0.20542722560436866,-0.2243085344385205,-0.21128131554122184,-0.19143816922306062,-0.17430074728904446,0.5207729468599034,0,1,-1,1
2025-10-15,334.1000897686973,-0.18119749214445216,-0.10794462149548778,-0.09701199132900405,-0.10020254064410851,-0.0948597723975241,-0.09914786321682517,-0.09048425560333709,0.10616784630940344,-0.12310774444025345,-0.0727442929582019,-0.06995534139017136,-0.06677126805651003,-0.05846935613471587,-0.06840390633262755,-0.058159763389047985,0.15166835187057634,1,0,1,1
2025-10-16,347.90008121929753,0.1337183374068092,0.1661049267553996,0.1128356671186388,0.1482283258027673,0.09597720223621199,0.14410697285867705,0.10591423120947117,0.6497512437810945,0.07015965897669535,0.19569077901311138,0.12163086059453314,0.18656300269200804,0.12784149274236078,0.18755709731625514,0.13218518631383286,0.6059701492537314,1,0,1,1
2025-10-17,355.4334068174597,0.24793905059659888,0.17767454779353753,0.18770420274581007,0.13076552002421096,0.1579313223856142,0.12062109940750616,0.13862835858127373,-0.12919633774160733,0.11989258049051316,0.065578246736546,0.07152918028398302,0.04172795630054725,0.06229398099127068,0.047182168253435776,0.05322550542988079,0.0752797558494405,0,0,1,1
2025-10-20,350.2492728348445,0.08822895267479265,-0.048556479759843486,-0.07193330449607642,-0.04954495371479563,-0.07911311417769067,-0.06523129914800357,-0.09101884515363906,0.23146292585170342,0.526746863326491,0.24509297506576536,0.22181648057325412,0.2044611543223262,0.174682779213932,0.14415202882604441,0.1325318820320845,-0.03006012024048096,1,0,1,1
2025-10-21,354.2255325648593,0.14402374672571833,0.04689814226787174,0.06512128093976059,0.04931099692704062,0.057414503400393994,0.047007022367208016,0.05743854636433755,0.44653465346534654,0.08671566800170415,0.028118024820029064,0.04996398947328577,0.018916603338391774,0.036168417768682515,0.01498042277727307,0.03462737191120065,0.40594059405940597,0,0,-1,1
2025-10-22,343.1564342253489,0.20039484218878537,0.20187648320278753,0.19688134890028022,0.14752972262690345,0.17855902052451544,0.14641143842618648,0.16829704244645224,0.4459183673469388,0.03760422818672322,0.14369421759019366,0.12261991294824338,0.11457857533918714,0.12329598584110146,0.11270615887159297,0.11413984619033454,0.3622448979591837,0,0,1,1
2025-10-23,336.28439287055375,0.10986034759176477,0.12624345239028664,0.14932726479328928,0.14035498502982569,0.16025867077682107,0.12173497991145932,0.1395359538530521,-0.34407484407484407,0.016442251045976894,0.12115869426891616,0.11448389761421436,0.12475474704581102,0.13550032088486183,0.10903863276356883,0.11546970549080049,-0.2588357588357588,0,0,1,1
2025-10-27,334.35254593050104,-0.2390375262813078,-0.17338645859594656,-0.20844618580473043,-0.15693165793508923,-0.22398436069666314,-0.17497015279920775,-0.21278544132612137,0.0076045627376425855,-0.2905841324373694,-0.21167916913643087,-0.20509691820684234,-0.1633883704768961,-0.20843664530910133,-0.1750646707276116,-0.18795701048561061,0.021863117870722433,0,0,-1,-1
2025-10-28,322.6999225085486,-0.04659223346272662,-0.04637089053743343,-0.025526596925763957,-0.0689735647543982,-0.04250651037995959,-0.08201658314011379,-0.0632735046907821,-0.2837022132796781,0.14615189423416736,0.1932769055226768,0.14065190339214356,0.12602406314978365,0.11139214148736304,0.07651504146534541,0.06503670776594421,-0.3963782696177062,0,0,-1,-1
2025-10-29,317.2999298886868,0.006078524085923133,-0.05662578779710426,-0.15453765208332595,-0.057925502886085514,-0.10750916629669217,-0.05456298190265931,-0.10676612628443498,0.3634517766497462,0.10345135868760018,-0.01877912051706279,-0.11953348212685175,-0.02177253294207119,-0.09441478708409626,-0.030160096571398447,-0.0899162710965401,0.24568527918781727,0,0,1,1
2025-10-30,310.22374608976423,0.05139378891034212,0.09659780400496762,0.04946280370895101,0.0753299030570789,0.053300062712657435,0.06190553517003395,0.04942577439186057,0.06746031746031746,-0.2966503493599531,-0.3017567010864899,-0.35543049888987965,-0.3121951411174166,-0.3396392425318013,-0.29113611370085385,-0.3218350478215699,-0.25,0,1,-1,-1
2025-10-31,316.0119607478819,-0.025366104433707688,-0.06705619308201025,0.016518475062399895,0.01466921722060208,0.04583675909325662,0.006122751959210525,0.03767418801843817,0.18118811881188118,-0.043244115396417274,-0.12255798405387967,-0.07234270051915313,-0.016219326855048535,-0.021194665688347582,-0.02001332397895959,-0.01837742445427185,-0.041584158415841586,0,0,-1,1
2025-11-03,305.9155835337979,0.13149807601329622,0.10975572627795833,0.1477891623208193,0.11852839494501133,0.12046940990188396,0.1219824183505829,0.11707331647537988,0.15121951219512195,0.042366415352458914,0.11730089523473813,0.1429213462165174,0.10247757299473224,0.1118308831036111,0.10759172760818468,0.10596563080950852,0.1424390243902439,0,1,-1,1
2025-11-04,310.49505176867433,-0.04813803180315556,-0.13643331807702058,-0.2013011340642885,-0.12877190885322587,-0.17824063215948183,-0.12099973575995192,-0.1624786137539066,0.014056224899598393,0.11858099882102695,-0.040994567451464604,-0.07689345993417786,-0.042901620234055596,-0.08692334370566748,-0.04990755463375929,-0.08019937827721309,-0.030120481927710843,0,1,-1,1
2025-11-05,326.7336182668958,0.0968640397079718,0.2570077826921992,0.2777942429574185,0.2784463015795462,0.2791231273053683,0.24705011421113096,0.26754586526793694,-0.5454545454545454,-0.16690719889144223,0.042707619257245845,0.04062770900452948,0.048093581606105155,0.04218970533160822,0.02647316777506344,0.03483023299421126,-0.7350096711798839,1,1,1,-1
2025-11-06,337.0447022414771,0.18195612811613818,0.12910788133745865,0.1275585552930272,0.06453505494440478,0.08334708740910281,0.04451369742866236,0.06496060603136086,0.508390918065153,-0.09218038634603805,-0.03298261611609872,-0.029115016470337287,-0.05559124822217412,-0.055723631912620336,-0.06921984361068141,-0.06532508258484071,0.32872655478775914,0,0,1,-1
2025-11-07,327.61187345657453,0.049315090469966946,0.08292538917848453,0.09153774435238267,0.06747925481571557,0.06934174354249988,0.05382137956808234,0.060862782520190846,-0.39263803680981596,0.013691942158297459,0.07970598610498103,0.08580950462887516,0.04375959680423404,0.04853680907386883,0.022839887089369047,0.029217497206448978,-0.39570552147239263,0,0,-1,-1
2025-11-10,319.4583616988055,0.06345775629590807,0.07199420072821866,-0.008975816723063992,0.015746839885264638,-0.043521750264359005,-0.018178886476022803,-0.07070423343550283,-0.2954091816367265,-0.013768231039035673,0.023936306662890813,0.031352463173192846,-0.04679555196088201,-0.02966403457806109,-0.07002415890278228,-0.06611246768028516,-0.2884231536926148,1,0,1,-1
2025-11-11,319.60518439415733,0.002771974446468388,0.07886185409726505,0.22443352850487033,0.0938834865659332,0.17010168968427244,0.09356491098333983,0.15496421142984015,0.3073852295409182,-0.015272890521876298,0.012011425297794392,0.13626024340232806,0.030876984497342098,0.08848302282768226,0.029139032026902816,0.07592346064029883,0.19760479041916168,0,1,-1,-1
2025-11-12,328.9761192137614,-0.10582017690034771,-0.15205227218674394,-0.08438178668827565,-0.07267206794311398,-0.0419801898856231,-0.054471881020353434,-0.025645528554279522,0.5170682730923695,-0.1099754203604158,-0.16261481580748746,-0.07926854958392153,-0.10472217463514383,-0.038354831228918106,-0.07787672163842953,-0.023331662524828618,0.501004016064257,0,0,1,-1
2025-11-13,318.5974411934032,-0.039001829494141646,0.025954019118489373,0.06037524925876607,0.05810921899881833,0.04971032836037861,0.05891171053266609,0.06291425148619574,0.01775147928994083,-0.19164271019024753,-0.06819639990244018,-0.036481297110537075,-0.05357049625166475,-0.05363390823772158,-0.061032008442211995,-0.04347814272736329,-0.17455621301775148,0,0,-1,-1
2025-11-14,311.3024467940315,-0.003097195780466837,-0.06527281989597354,-0.1285832889145751,-0.07423171590563296,-0.10998017246576154,-0.0643179037013118,-0.10083684764103179,-0.3339824732229795,-0.02754789432554248,-0.0404256277075256,-0.09264391103317489,-0.04977154788240838,-0.0778606749521643,-0.03750913888629775,-0.06925607860640025,-0.38656280428432327,0,0,-1,-1
2025-11-17,303.55935662317137,-0.10273841270553377,-0.07254078068076897,-0.09286116348506855,-0.06852532540925296,-0.08658690140497236,-0.08325649309078749,-0.09665240667021034,-0.20461095100864554,0.08698586289460566,0.04675194641937706,0.028469473945745498,0.042835340744165395,0.014491861011352917,0.024407390946992263,0.010987691547555039,-0.10951008645533142,0,0,-1,-1
2025-11-18,296.0775131352503,-0.1431694312817539,-0.06171078287024315,-0.007096636510930949,-0.04166354575995,-0.0016299516348442283,-0.03539106039988938,-0.001014205223260943,-0.6356513222331048,-0.2589929759351784,-0.17434058571577768,-0.10712021849142801,-0.12682667275388113,-0.07780910621311103,-0.10539019718867437,-0.06947631321248207,-0.6865817825661117,0,1,-1,1
2025-11-19,317.97489283665504,0.269595355670969,0.21688676519013197,0.1655509680377435,0.14707721179989744,0.1368926126855429,0.1299335504915345,0.11364626706735405,-0.015197568389057751,0.4267941984219925,0.31311720934412873,0.29335590613604356,0.20696811290081074,0.2041669147015654,0.16951405424796556,0.169047204886463,-0.1469098277608916,0,1,-1,1
2025-11-20,321.97728399506883,-0.008064422568093584,-0.09834351973360453,-0.06577126812910607,-0.052783399422910576,-0.040964556991894524,-0.05050918705781219,-0.041899582884662404,0.7838645418326693,0.189982736063637,-0.016557622843727353,0.028977623475067715,0.0274160128076899,0.045649214585370836,0.030931865090564732,0.03666850886783873,0.8117529880478087,0,0,1,-1
2025-11-21,319.0270664717289,0.2021404090474273,0.049388080993462674,0.05764481333010351,0.07487814807202131,0.07209166898059516,0.08802901119248295,0.08462114715198772,-0.3725296442687747,0.33885713119358446,0.1994028134774223,0.18909035755140494,0.193220623492708,0.1856802619999305,0.1833777601812849,0.17757491409275314,-0.48221343873517786,0,1,-1,-1
2025-11-24,324.16734585537375,-0.022407892489828437,-0.052956280558003346,-0.011164668319994549,-0.05549597041136081,-0.04501365151358855,-0.05787424587235684,-0.051679677360794464,0.5574257425742575,-0.306828318613295,-0.22321813558346143,-0.24365444499915923,-0.14716715501642746,-0.19630627650208277,-0.12812528983817068,-0.18088586626931613,0.5861386138613861,0,0,-1,-1
2025-11-25,311.7704557739096,-0.259939912699611,-0.21640365800114694,-0.19573951209372867,-0.2119520915360352,-0.16417815574484088,-0.17549518265630468,-0.14114081365470244,0.5117707267144319,-0.3178197002771727,-0.2531545073845316,-0.22883908070618855,-0.23544622662206055,-0.19649680335977845,-0.19928635689683574,-0.1809678883666192,0.45752302968270214,0,1,-1,-1
2025-11-26,313.69707903353725,0.18500244401794,0.011330806466398786,-0.008701989192574392,-0.010888976240097225,-0.014524917958029139,-0.004651327179543715,-0.0036284355969675246,0.6670010030090271,0.2867850742316609,0.09835403195608589,0.03101348133864606,0.08251480557256592,0.05114816081697482,0.08064060154645102,0.06032774217610012,0.6659979939819458,0,0,1,1
2025-11-27,307.7259286493908,-0.13561368254004968,0.048079562739998166,0.00996247160778343,0.041037090550187914,0.0165985287057361,0.0334212026010365,0.003943230595373661,0.03596403596403597,-0.19303900197144494,-0.0031870658990219617,-0.03263754600613172,0.01132889645892186,-0.012957110511576672,0.007530398510808568,-0.01697104838398989,0.03296703296703297,0,0,-1,1
2025-11-28,296.3234592542108,0.019622958304662295,-0.1292563934629529,-0.091512927058967,-0.08850969127716596,-0.09572460319029731,-0.09483290681066853,-0.09908721777847933,0.10589410589410589,0.07713110369542127,0.0008105305819279144,0.01995922251278056,-0.006396963310026972,-0.017394296609991734,-0.020750951657308177,-0.039172283728664034,0.03596403596403597,1,0,1,1
2025-12-01,296.2926536109526,-0.1715760965622872,-0.35522638534347867,-0.40604327315789723,-0.32555062978315685,-0.3414788967328267,-0.29055761985149287,-0.2999987098387327,-0.023046092184368736,-0.22622521077458246,-0.3970775412357156,-0.40719859266930236,-0.3490897316604669,-0.3473671462156729,-0.3106114037798361,-0.3132607415008418,-0.056112224448897796,0,0,-1,-1
2025-12-02,294.0743056480047,0.24602542523197557,0.18105668196276245,0.20725139528223352,0.1238179552773364,0.15512484282696573,0.12297576732162144,0.14363596338329793,0.345273631840796,0.22631211091697248,0.09659235058889441,0.14084149294372902,0.0646321922266625,0.09588208561428609,0.07626858386778933,0.09451961897933552,0.3970149253731343,0,0,-1,1
2025-12-03,290.9243717767662,0.20406789663130306,0.07115099684019582,0.06635571119875436,0.048885106234342605,0.03787941054011005,0.04162228130816017,0.0365752990065127,0.5393258426966292,0.12010474713193421,0.10984530679850277,0.08026030628341332,0.08551085910766158,0.04004194459058211,0.06597800634705761,0.03626487233421072,0.37895812053115424,0,0,-1,-1
2025-12-04,282.07443160755037,0.07697836023985341,-0.06200659351318263,-0.07635720489560413,-0.03970194951492031,-0.0608080752341447,-0.035762813329145826,-0.04938851161371277,0.3906408952187182,-0.0022729884687600756,-0.08937570332362603,-0.12902644134394128,-0.07309162005210798,-0.10098594362255968,-0.05601682879905845,-0.08254462625950813,0.3072227873855544,0,0,-1,-1
2025-12-05,275.2102000258789,0.12014501363445138,0.04767122172771501,0.024287343459295934,0.047121629840383344,0.04718764402604399,0.03249909354431684,0.027886635690559054,-0.06032719836400818,0.1751007691059291,0.14658843459263174,0.09077701812986681,0.1104077589362335,0.08576453485804364,0.0858077551585715,0.05477198167643151,-0.20756646216768918,0,0,1,1
2025-12-08,273.3806571662714,0.03864113164702402,0.04990546646164543,0.08080993941473293,0.05380513573506352,0.04194243753265541,0.0389259678169046,0.03172279778676199,-0.019153225806451613,-0.09159430679565646,-0.014195787857284859,-0.032123454371005965,0.0009628674144819328,-0.03758612146143152,-0.011013576609255721,-0.0371475742649033,-0.02620967741935484,1,0,1,1
2025-12-09,273.91583267424556,-0.16638849733978495,-0.12276502863238876,-0.07158396428704622,-0.07649251645062984,-0.07690974216152022,-0.06908219860471784,-0.07030209538628292,-0.16274309109518936,-0.2667354534334204,-0.2251493624002227,-0.17106278989626122,-0.1464358479678801,-0.15531011600050143,-0.133570150555038,-0.13382913623445158,-0.23029682702149437,0,0,-1,-1
2025-12-10,262.68575337193647,-0.06500813453337342,0.016325421511696178,0.013413299012133282,0.01566064907508395,0.021528287305192968,0.005634225962110289,0.02493132199915835,0.20988900100908173,-0.10055728665617067,-0.05441059224028715,-0.0331537541481197,-0.040689838987322924,-0.018714499244654837,-0.04411807527938758,-0.01438748448730444,0.09081735620585267,0,0,1,-1
2025-12-11,255.0013959079425,-0.1968950471935046,-0.18854106542243815,-0.10956893307992609,-0.12462928365252657,-0.08778759494636464,-0.10807453157945178,-0.07644109322743865,0.3090727816550349,-0.27896314555513546,-0.1863191209486921,-0.06994892518872425,-0.08947348766919014,-0.04071678774675478,-0.0794184593345095,-0.034534489446379144,0.2213359920239282,0,1,-1,-1
2025-12-12,282.4298343929004,-0.010808366991507872,-0.05483939228162407,-0.09741582141422873,-0.05135197250151087,-0.09377032642188504,-0.04839901252866139,-0.06799746986197808,0.5203171456888008,0.1281020496347548,0.055189086655635475,0.054354586724892684,0.05396469049991384,0.03377554789851206,0.050039351158602495,0.04885598790883391,0.5649157581764123,0,0,-1,1
2025-12-15,273.1508025459575,0.21109611141706966,0.12568601092170298,0.15127746933648153,0.09686877744699943,0.11310466879151837,0.08828595909299637,0.10318379904718811,-0.37512537612838515,0.11055112200882188,0.1202936657222641,0.21291815675157277,0.14196582202018612,0.17480399084293177,0.12775321378462717,0.1623065275375143,-0.3159478435305918,0,0,1,1
2025-12-16,268.9459642082473,0.215255518657032,0.05294343712723523,0.07856175337843524,0.00664383399326474,0.04382352447792075,0.014646501013299637,0.050182725531498974,-0.4005876591576885,0.1862788681253433,-0.026115919719772562,0.0032486148970513867,-0.06909550223319173,-0.03005479348434836,-0.05889915420731268,-0.023541812785313514,-0.49363369245837413,1,1,1,-1
2025-12-17,269.8082533312714,0.10095708103811936,-0.07520070271210359,0.028741687897573018,-0.04276510691872593,0.04697203193179003,-0.016687930016563064,0.05006408160004526,0.5400801603206413,0.10601195959806665,-0.1075772058620596,0.004575898573789745,-0.08949130304416887,0.025332676984996923,-0.05602122323465121,0.03229304591821875,0.5,0,1,-1,1
2025-12-18,269.540800633055,0.006065747067746312,0.11822587720401981,0.01399843778453862,0.07592113867710731,0.01946883683270455,0.04786774931301979,0.008009473957087182,-0.23227132579650564,-0.07505141397931983,0.10902137810408939,-0.05875173150141488,0.027166340820561474,-0.060089907551158145,-0.007737440087249712,-0.07487814327962473,-0.30832476875642345,0,0,-1,1
2025-12-19,265.0131053346688,-0.07451035507027072,-0.03823988917104237,-0.07861197061322413,0.018106284446960857,-0.026544495611896188,0.024069864606838645,-0.0020019177506589575,0.5835866261398176,0.02428240722375492,0.0007216485056390785,-0.07102456378850458,0.023767048074387422,-0.03428362403568967,0.028566727459804944,-0.0059161751905209775,0.5612968591691996,0,0,1,1
2025-12-22,257.67852387422414,-0.022006963327020852,0.025821718905654215,0.07569437638462115,0.022874490335592128,0.021093769288370944,0.024227807328792917,0.029403620414284695,0.37835153922542203,-0.15844681274359254,-0.15777393145400234,-0.07866056861837971,-0.10468275966661278,-0.07288240216925053,-0.07305008253245711,-0.052019476865475665,0.37835153922542203,0,0,1,-1
2025-12-23,251.99485493382184,-0.12062226455596418,-0.08455853080209332,-0.1053218852369737,-0.047627207573938596,-0.11349837885896467,-0.05746901776951786,-0.09222590283229412,0.060851926977687626,-0.08794558739360127,-0.09607828075459762,-0.12176461865829544,-0.06578076901069883,-0.137386757479579,-0.07442694022473768,-0.11181564598425935,0.07505070993914807,0,0,1,1
2025-12-24,237.13820208298168,-0.05976450602092239,-0.015351762363669976,-0.03227252360496441,-0.04478017029745735,-0.03359263786825013,-0.03293469726693022,-0.03220450773045629,0.3940594059405941,0.06972187799681923,0.08510054395544354,0.05317468286477296,0.02129121351924771,0.02925393586534785,0.02320969075610487,0.01127230622321518,0.2881188118811881,0,0,-1,-1
2025-12-26,231.41075426555486,-0.039633700620578964,-0.08426882804555628,-0.08108057763287639,-0.03640459627031942,-0.05485297861371513,-0.046996533787672996,-0.04596962665663307,0.0718562874251497,-0.025556658838476742,0.007410779517040447,0.04642863324542481,0.013704122119437603,0.03922192658440111,0.004390954574333703,0.03176974473316264,0.0748502994011976,0,0,1,-1
2025-12-29,226.32401576407344,0.13656280064688603,0.019598217646994102,-0.03590572527552055,-0.02735335710988113,-0.04604199753359505,-0.039991282842146675,-0.0611561264398914,0.21251241310824232,0.15460153424229947,0.010314842829514035,-0.09290110670766817,-0.05258960269902874,-0.08433640365226013,-0.0582646927382138,-0.08761099360782847,0.22442899702085403,1,0,1,1
2025-12-30,231.91220473892358,-0.033872725681483376,0.041311056208565795,-0.015660034246653725,0.01760381070588334,-0.007873451757622291,0.004513858506725139,-0.007977433091467185,-0.479,-0.04584016285921667,0.05003406945347119,0.030016394481171497,0.02206817582569643,0.013655564141701177,0.016745096146405885,0.01602088895344608,-0.536,1,0,1,1
2025-12-31,232.3967566685499,0.15486203887705835,0.1990312645550789,0.32592845262368336,0.14722169134885507,0.2592770236625621,0.13664881174301408,0.22166189343849457,0.23214285714285715,0.2975532416120596,0.20165335163384307,0.23742103923840002,0.14121903051657594,0.17960437197128834,0.10887649495391899,0.14029805006764703,0.10813492063492064,1,0,1,1
2026-01-02,236.0732560334499,-0.08566183605019129,-0.04986792402205872,0.03294784927141645,-0.02157399916209125,0.020052892593069856,-0.013284790313335425,0.017155940177488664,0.38636363636363635,-0.05266981666729431,0.05729973364504917,0.20266878244557907,0.03844489139121177,0.12082267846407571,0.022074782188026467,0.08747412222789006,0.2737154150197628,1,0,1,1
2026-01-05,258.73294593502607,0.23007177248994168,0.025093331012128527,-0.05117797662272562,-0.01755113079860631,-0.05662795733643018,-0.04457700318628248,-0.07102471804884658,-0.1320574162679426,0.2609733014888298,0.09595833914666912,0.026084942672330347,0.01871154666986817,-0.003862808347665599,-0.023388131703353614,-0.03945368835757193,-0.31770334928229665,1,0,1,1
2026-01-06,294.75837965549977,0.1649645439171023,0.1686220119567034,0.23375328662698025,0.1467412489205208,0.1836650766564324,0.11875481622376544,0.15295255165600075,0.28696498054474706,0.3490491392940444,0.30004604376908495,0.39054093875807266,0.25057294482020726,0.30472111724226103,0.2028935949591705,0.2592030755945669,0.316147859922179,1,0,1,1
2026-01-07,313.2575815930712,0.14132326540327234,-0.07681598549072798,-0.053410845723693035,-0.08964208386048039,-0.059082731401823914,-0.0843341307227701,-0.056959801008649,0.33396946564885494,0.010674130455494747,-0.2289521390418507,-0.20372706919808733,-0.19518079383022005,-0.17588193023118798,-0.1699096646753597,-0.16486113612803202,0.25286259541984735,0,0,1,-1
2026-01-08,305.1378119175406,-0.1748209262893818,0.0012798289315370517,0.025050916904839078,-0.0011319866678820823,-0.005262651370300029,-0.006262137417065556,-0.007796339762988733,0.049019607843137254,-0.0854598660982137,-0.04239640344235983,-0.026248664332868064,-0.04111648903891723,-0.055063854416326455,-0.04394179506344107,-0.05096507352086609,0.06862745098039216,1,0,1,1
2026-01-09,305.6008774492034,0.2508341359583783,0.015227492474574746,0.041681030837158406,0.038018101986921495,0.03214883149946887,0.03258860056451454,0.02867290472197757,0.27342995169082124,-0.1785012205385927,-0.42241891707470003,-0.40902584375820394,-0.3698313765132906,-0.37497855433888316,-0.3645445114614366,-0.37392133769820096,-0.41256038647342996,1,1,1,-1
2026-01-12,331.06746054927925,-0.13217000660864625,-0.03613724933802893,-0.07296216364090034,-0.02969743913763465,-0.05075128895676968,-0.029911004899442768,-0.04733571609063118,0.2937799043062201,-0.14924857346518144,-0.18796455432064668,-0.15346300491060857,-0.1579051000148464,-0.1482556628685784,-0.14043525152990585,-0.13087992532901235,0.28708133971291866,0,0,1,-1
2026-01-13,319.3467500207765,-0.007557063407173215,-0.04643664182133291,0.026892697152562952,-0.0022992423982714652,0.050298437502659187,0.009649379589048417,0.03405619865494419,0.011450381679389313,-0.1614424137888472,-0.17428159516043204,-0.11295067101351436,-0.12332185211640961,-0.06330615037674991,-0.10015546609980112,-0.068698258867368,-0.10782442748091603,0,1,-1,-1
2026-01-14,348.5518214473692,0.14223587316142353,0.10699267953545548,-0.03194823305378185,0.07981097077963094,0.0220633756407154,0.05927500601879972,0.022031479786644975,0.5187680461982676,0.13284301781911534,0.18835723308299174,0.041675358362551006,0.13924868266475032,0.05829294451210904,0.10209116867143403,0.0645561588431889,0.5640038498556305,0,0,1,-1
2026-01-15,336.78498130952454,-0.06623785682283576,-0.05150476559797598,-0.029690769791817197,0.013848215162234221,-0.0075472285347362965,0.02176053643940603,-0.004955480516340624,-0.01606805293005671,0.03778625258475047,0.06128916228283079,0.05359622582290246,0.08484912271281414,0.02083755576955623,0.07222273241506323,0.01765928105318912,-0.12476370510396975,0,0,1,1
2026-01-16,334.51974499433175,-0.28197867800506193,-0.22131436076428626,-0.2459116785197033,-0.20740684709063636,-0.2085808335899678,-0.17794217433959014,-0.19664100454173974,0.08309178743961353,-0.2825993565020419,-0.2387287810239732,-0.3720116247748377,-0.2448030219024505,-0.32320973112730855,-0.22592003021065818,-0.3060903514750893,-0.1111111111111111,1,0,1,-1
2026-01-19,338.75595975677635,-0.12133064927289482,-0.08566404736670771,0.030592295621546695,-0.052300978569700105,0.014083385650592313,-0.018553328945332882,0.020370584041050414,0.13567362428842505,0.1389410902357236,0.1445641679439313,0.22931592157260144,0.08561972512115716,0.1349806215280138,0.0907732149558526,0.11367022237490189,0.24003795066413663,1,0,1,1
2026-01-20,360.39824930375005,0.14398521495948632,0.26374927839509577,0.27028074480374376,0.24387357532440582,0.23665482696448834,0.23393910847752883,0.23210661645593958,-0.04980842911877394,0.12687978096168293,0.3207240597844999,0.27478938300171163,0.2899052522352344,0.26685363374772797,0.2791976593496835,0.2597293760870684,-0.05268199233716475,1,0,1,1
2026-01-21,365.50317794148816,0.07710662335565929,0.05191695670260333,0.1745716525775985,0.0312169746085515,0.08468076918599274,0.025643181474367813,0.05886076541873295,-0.4767772511848341,0.11625028221857994,0.08579852458762748,0.2647796966368756,0.08725112880721109,0.1872971717076206,0.08008871956262721,0.1605510479256608,-0.3222748815165877,1,1,-1,1
2026-01-22,371.16954194706074,-0.022683657573539313,-0.05870221630028336,-0.028644346102007202,-0.09777907560603091,-0.04862989708102469,-0.05815783643603166,-0.043302499906576954,0.6513849092645654,-0.010476958363752703,-0.1069050908717612,-0.08538964043838947,-0.1133413169299966,-0.10018651590421894,-0.07612563880948559,-0.08461856531690684,0.5157593123209169,0,0,-1,1
2026-01-23,361.91529985686446,-0.07745492848851633,-0.16899578117500055,-0.11739919509192444,-0.14671010272529408,-0.13216174010242832,-0.13890307626338796,-0.14303004546120032,0.28873917228103946,-0.2690178934879015,-0.3354830561240816,-0.2570877923125777,-0.2903138067488799,-0.2528982319533921,-0.27462071865807514,-0.2596033626454662,-0.029836381135707413,0,0,1,-1
2026-01-26,355.3519379657345,0.309389069476478,0.23210806680082544,0.22451101473756835,0.15985981528537144,0.17255895336478919,0.15285862649121182,0.16370741680423173,0.1435361216730038,0.18430787588344535,0.0892918535541479,0.03859856830441861,0.027318221946701287,-0.005763064890244204,0.020124418958985542,-0.004017788540183078,0.11596958174904944,0,0,1,1
2026-01-27,335.318420064236,-0.037274394131594196,-0.09764930067508949,-0.15908669983803853,-0.10155070481489091,-0.14405212350572522,-0.08775749148912755,-0.1269231843175705,0.1673076923076923,0.030141016872767056,0.005694173778067604,-0.03905824365204646,0.018288287313073904,-0.022613187303400704,0.011048350882790636,-0.02048836196069334,0.09326923076923077,0,0,1,1
2026-01-28,334.43095148668976,0.14749168062261997,0.25557373524503113,0.17228582801398698,0.19216650866239868,0.1698853470998081,0.1655691068175752,0.14534856522414502,0.2130841121495327,0.10937076305176541,0.23450899254144603,0.20413565193188482,0.19648210947573627,0.20750942010872425,0.16547106554916705,0.16265207720037053,0.01588785046728972,0,0,1,-1
2026-01-29,328.2946703927193,-0.056331262498739446,-0.0076881841895949975,0.011286157417369502,-0.03979967573061888,0.037945521211390464,-0.02479467283804009,0.022765775711526527,-0.10710900473933649,-0.379713468000948,-0.3325933457714556,-0.32964449910675864,-0.3474085205295663,-0.2832450694711589,-0.32028759242205995,-0.2898170639314584,-0.4947867298578199,0,1,-1,-1
2026-01-30,337.6951779743651,-0.16579976423291676,0.036026650783787424,0.2300357532908128,0.019871159310765368,0.15899070840795318,0.012619149706592654,0.10173107578115022,-0.5528612997090203,-0.24219552642965392,-0.08006039202506934,0.06974296071696713,-0.09886546294098411,0.01981034728054327,-0.10959450739569018,-0.03088647731092684,-0.6566440349175557,0,1,-1,-1
2026-02-02,346.86706578633033,-0.0754791380257649,-0.10473008061494495,-0.17167070575018864,-0.0704332636609254,-0.12597727865767777,-0.07076368776783529,-0.10974548718978856,-0.6059160305343512,-0.12769273459093805,-0.10326887195767176,-0.16253335463279486,-0.060569392076055925,-0.11729690352720872,-0.04999076769565134,-0.09516589674801594,-0.5868320610687023,0,1,-1,-1
2026-02-03,368.3082976162036,-0.14687097317828718,-0.04419151181228796,0.0011183036610198846,-0.019092875731729946,0.017594066140301665,-0.007251332511843795,0.02431296871125387,0.7409931840311588,-0.21824593868205452,-0.1439069616126397,-0.10507458610499995,-0.09444674956856497,-0.07973457377768552,-0.0667862981476932,-0.058161963080527984,0.6835443037974683,0,1,-1,-1
2026-02-04,375.326554986089,-0.051680654698276846,0.0894636113315342,0.14349398051379147,0.07013264599468791,0.12212265866676256,0.08953002189484408,0.1254675536168947,0.30116959064327486,-0.06398058882853522,0.1639720487853811,0.21401448678967072,0.15231999337004778,0.19532812053820453,0.1733298217639679,0.21094158480499733,0.5399610136452242,1,0,1,1
2026-02-05,381.5811687969377,-0.004396510297573594,0.030817450652486558,-0.03100737623247739,0.03232456613631781,0.0018656145886893493,0.04876953400812446,0.019585356174853248,0.08333333333333333,-0.003260695661081156,0.0025636387516891307,-0.03397568031541506,0.005808799758601045,-0.004779803687528877,0.028054251218419177,0.012396681934397712,0.12896825396825398,0,0,-1,1
2026-02-06,380.28772414961026,-0.2219312160033954,-0.20397647494560248,-0.21845670022553362,-0.24789884597667403,-0.2671969317070173,-0.27264505928595645,-0.28507478911534534,-0.8224740321057602,-0.19309479069246263,-0.2469310581059581,-0.25394949556048907,-0.2968066589029299,-0.30150209719000914,-0.3253833360093067,-0.32296453921092894,-0.8668555240793201,1,0,1,1
2026-02-09,407.21270280202833,-0.08407907501629804,-0.20156221565343052,-0.15854889224040733,-0.17521656195463153,-0.15795997639614595,-0.1683965045972194,-0.15922606491526559,0.4138915318744053,-0.05022852599527881,-0.27939901734444894,-0.24012010302270026,-0.27317587690961587,-0.24746512273676213,-0.26569777592273086,-0.24913828766101442,0.3796384395813511,0,0,-1,-1
2026-02-10,399.00196920183515,0.3049827336802661,0.1901580465344733,0.18516213502823534,0.09439979407264944,0.11629179106251378,0.07432347598911895,0.1048821200831877,0.09720885466794996,0.17257891909833814,0.04904825914642604,0.06938125555159995,-0.02874427140464814,0.016998429034275123,-0.04252943037256522,0.012898978314148806,-0.11164581328200192,1,0,1,1
2026-02-11,401.9541626111842,0.3085942476432928,0.2184136413004779,0.23243098176483032,0.1276689120354753,0.15461210191018251,0.08670514001097232,0.12435773527245668,-0.1569377990430622,0.3196620228210999,0.32311354955518773,0.31681238339542434,0.22012965798549003,0.22557950761814985,0.16138703025069806,0.19068951734413625,-0.11578947368421053,1,0,1,1
2026-02-23,418.0537661720238,0.12263831748959211,0.07330709643217381,0.10321767037804004,0.01033533873812564,0.008772999063353423,-0.021419476186364403,-0.007465864824483626,0.5452865064695009,0.28909181585939364,0.20454902726506052,0.2359832487225189,0.12829065111158708,0.13313186153437048,0.09208166276437553,0.1095558507383299,0.47412199630314233,0,1,-1,-1
2026-02-24,442.1438836794501,0.11537757055558821,0.1941265132106012,0.14568478413976862,0.19077610901816805,0.13906768979133108,0.17739932190968996,0.13273394045444814,0.45706371191135736,0.15479233640255385,0.3236822918451867,0.2588528251103026,0.31697203445303507,0.24535640820884308,0.28880550426866447,0.23719238514056662,0.4247460757156048,1,0,1,1
2026-02-25,481.5587519004548,0.008897833647907003,-0.16568808805182625,-0.2061864055535355,-0.15063677662041983,-0.1624340344992089,-0.15775517578482648,-0.17166247855955805,-0.13428571428571429,0.010744372643200906,-0.14928981570117017,-0.2063303019291577,-0.12759568061108179,-0.14540705204303325,-0.12731196340079903,-0.14550034014940647,-0.20476190476190476,1,0,1,1
2026-02-26,503.50553743374485,-0.3378915284661542,-0.2190272978092841,-0.2249429079664984,-0.20584020719318194,-0.21710063625744114,-0.1843238627906977,-0.19506857770995797,0.013333333333333334,-0.2858510209479772,-0.29124529517381775,-0.3083471508392829,-0.27047112332452894,-0.2831817633559409,-0.23652220347213584,-0.2485006157013981,-0.12095238095238095,0,0,1,1
