Size,EntryBar,ExitBar,EntryPrice,ExitPrice,SL,TP,PnL,Commission,ReturnPct,EntryTime,ExitTime,Duration,Tag,ret_pct
1,1254,1341,15056.0,15168.0,,,112.0,0.0,0.007438894792773709,2021-01-07 09:35:00,2021-01-07 11:02:00,0 days 01:27:00,,0.7438894792773645
1,1578,1585,15309.0,15269.0,,,-40.0,0.0,-0.002612842119014913,2021-01-08 09:58:00,2021-01-08 10:05:00,0 days 00:07:00,,-0.26128421190149587
1,3035,3063,15892.0,15837.0,,,-55.0,0.0,-0.0034608608104707006,2021-01-15 09:10:00,2021-01-15 09:38:00,0 days 00:28:00,,-0.34608608104706773
1,3650,3716,15765.0,15815.0,,,50.0,0.0,0.0031715826197271646,2021-01-19 09:23:00,2021-01-19 10:29:00,0 days 01:06:00,,0.3171582619727244
-1,5750,5774,15448.0,15518.0,,,-70.0,0.0,-0.004531330916623499,2021-01-28 09:16:00,2021-01-28 09:40:00,0 days 00:24:00,,-0.45313309166235116
-1,7290,7409,15718.0,15676.0,,,42.0,0.0,0.0026720956864740852,2021-02-04 09:51:00,2021-02-04 11:50:00,0 days 01:59:00,,0.26720956864741063
-1,15095,15204,16035.0,15966.0,,,69.0,0.0,0.004303086997193617,2021-03-24 09:30:00,2021-03-24 11:19:00,0 days 01:49:00,,0.43030869971936386
1,15986,16047,16369.0,16430.0,,,61.0,0.0,0.0037265562954365006,2021-03-29 09:18:00,2021-03-29 10:19:00,0 days 01:01:00,,0.37265562954364956
1,22303,22374,17624.0,17673.0,,,49.0,0.0,0.0027802995914660844,2021-04-29 09:14:00,2021-04-29 10:25:00,0 days 01:11:00,,0.27802995914661827
-1,24416,24471,16943.0,16697.0,,,246.0,0.0,0.014519270495189751,2021-05-11 09:20:00,2021-05-11 10:15:00,0 days 00:55:00,,1.4519270495189756
-1,25610,25637,15467.0,15674.0,,,-207.0,0.0,-0.013383332255770375,2021-05-17 09:10:00,2021-05-17 09:37:00,0 days 00:27:00,,-1.338333225577035
1,26868,26897,16163.0,16102.0,,,-61.0,0.0,-0.0037740518468105666,2021-05-21 10:04:00,2021-05-21 10:33:00,0 days 00:29:00,,-0.3774051846810617
-1,29863,29893,17121.0,17146.0,,,-25.0,0.0,-0.001460195082062965,2021-06-04 09:49:00,2021-06-04 10:19:00,0 days 00:30:00,,-0.14601950820629636
1,31646,31780,17343.0,17368.0,,,25.0,0.0,0.0014415037767399053,2021-06-15 09:26:00,2021-06-15 11:40:00,0 days 02:14:00,,0.1441503776739895
1,33147,33177,17103.0,17052.0,,,-51.0,0.0,-0.002981932994211567,2021-06-22 09:22:00,2021-06-22 09:52:00,0 days 00:30:00,,-0.2981932994211542
-1,36472,36520,17853.0,17870.0,,,-17.0,0.0,-0.0009522209152523775,2021-07-07 09:36:00,2021-07-07 10:24:00,0 days 00:48:00,,-0.09522209152523387
1,37674,37724,17960.0,17993.0,,,33.0,0.0,0.001837416481069054,2021-07-13 09:34:00,2021-07-13 10:24:00,0 days 00:50:00,,0.18374164810690424
-1,43395,43420,17301.0,17376.0,,,-75.0,0.0,-0.0043350095370209285,2021-08-09 09:36:00,2021-08-09 10:01:00,0 days 00:25:00,,-0.4335009537020981
1,53308,53367,17251.0,17319.0,,,68.0,0.0,0.003941800475334656,2021-09-27 09:16:00,2021-09-27 10:15:00,0 days 00:59:00,,0.39418004753347635
-1,53616,53697,17092.0,17143.0,,,-51.0,0.0,-0.0029838520945471014,2021-09-28 09:23:00,2021-09-28 10:44:00,0 days 01:21:00,,-0.29838520945471564
-1,53940,53983,16823.0,16880.0,,,-57.0,0.0,-0.0033882185103726314,2021-09-29 09:46:00,2021-09-29 10:29:00,0 days 00:43:00,,-0.33882185103727036
-1,55150,55187,16269.0,16295.0,,,-26.0,0.0,-0.0015981314155757431,2021-10-05 09:52:00,2021-10-05 10:29:00,0 days 00:37:00,,-0.15981314155756346
-1,56325,56367,16392.0,16413.0,,,-21.0,0.0,-0.0012811127379208642,2021-10-12 09:23:00,2021-10-12 10:05:00,0 days 00:42:00,,-0.1281112737920937
-1,59049,59086,16801.0,16795.0,,,6.0,0.0,0.0003571215999047528,2021-10-25 09:38:00,2021-10-25 10:15:00,0 days 00:37:00,,0.035712159990476756
1,59375,59497,16970.0,17046.0,,,76.0,0.0,0.004478491455509825,2021-10-26 10:03:00,2021-10-26 12:05:00,0 days 02:02:00,,0.4478491455509723
1,60855,60882,17180.0,17168.0,,,-12.0,0.0,-0.0006984866123399547,2021-11-02 09:38:00,2021-11-02 10:05:00,0 days 00:27:00,,-0.06984866123399301
1,61475,61519,17181.0,17180.0,,,-1.0,0.0,-5.8203829812031316e-05,2021-11-04 09:56:00,2021-11-04 10:40:00,0 days 00:44:00,,-0.005820382981200163
-1,62964,63003,17481.0,17494.0,,,-13.0,0.0,-0.0007436645500829009,2021-11-11 09:40:00,2021-11-11 10:19:00,0 days 00:39:00,,-0.07436645500829472
1,63581,63644,17675.0,17640.0,,,-35.0,0.0,-0.001980198019801982,2021-11-15 09:55:00,2021-11-15 10:58:00,0 days 01:03:00,,-0.19801980198019803
1,64476,64498,17813.0,17777.0,,,-36.0,0.0,-0.002020995901869438,2021-11-18 09:47:00,2021-11-18 10:09:00,0 days 00:22:00,,-0.20209959018694215
1,64766,64805,17902.0,17869.0,,,-33.0,0.0,-0.001843369455926669,2021-11-19 09:36:00,2021-11-19 10:15:00,0 days 00:39:00,,-0.1843369455926712
-1,65379,65415,17735.0,17712.0,,,23.0,0.0,0.0012968705948689374,2021-11-23 09:47:00,2021-11-23 10:23:00,0 days 00:36:00,,0.12968705948689033
1,66898,66923,17493.0,17476.0,,,-17.0,0.0,-0.0009718172983479434,2021-11-30 10:01:00,2021-11-30 10:26:00,0 days 00:25:00,,-0.09718172983479105
-1,68094,68113,17649.0,17655.0,,,-6.0,0.0,-0.00033996260411361945,2021-12-06 09:53:00,2021-12-06 10:12:00,0 days 00:19:00,,-0.03399626041135475
1,68368,68373,17654.0,17612.0,,,-42.0,0.0,-0.0023790642347343294,2021-12-07 09:26:00,2021-12-07 09:31:00,0 days 00:05:00,,-0.23790642347343377
1,68704,68769,17923.0,17910.0,,,-13.0,0.0,-0.0007253250013948831,2021-12-08 10:01:00,2021-12-08 11:06:00,0 days 01:05:00,,-0.07253250013948558
-1,69299,69317,17856.0,17858.0,,,-2.0,0.0,-0.00011200716845882752,2021-12-10 09:54:00,2021-12-10 10:12:00,0 days 00:18:00,,-0.011200716845878136
-1,69884,69987,17666.0,17634.0,,,32.0,0.0,0.0018113891090230094,2021-12-14 09:37:00,2021-12-14 11:20:00,0 days 01:43:00,,0.18113891090229822
1,70503,70595,17683.0,17731.0,,,48.0,0.0,0.0027144715263247576,2021-12-16 09:54:00,2021-12-16 11:26:00,0 days 01:32:00,,0.2714471526324719
1,73809,73837,18278.0,18266.0,,,-12.0,0.0,-0.0006565269723164402,2022-01-03 09:49:00,2022-01-03 10:17:00,0 days 00:28:00,,-0.0656526972316446
-1,74692,74820,18400.0,18319.0,,,81.0,0.0,0.004402173913043428,2022-01-06 09:29:00,2022-01-06 11:37:00,0 days 02:08:00,,0.44021739130434784
-1,75303,75318,18163.0,18220.0,,,-57.0,0.0,-0.003138248086769879,2022-01-10 09:38:00,2022-01-10 09:53:00,0 days 00:15:00,,-0.3138248086769807
1,75577,75622,18176.0,18124.0,,,-52.0,0.0,-0.0028609154929577496,2022-01-11 09:11:00,2022-01-11 09:56:00,0 days 00:45:00,,-0.2860915492957747
1,75906,75916,18338.0,18297.0,,,-41.0,0.0,-0.002235794525029977,2022-01-12 09:39:00,2022-01-12 09:49:00,0 days 00:10:00,,-0.22357945250299924
1,79804,79847,18074.0,18075.0,,,1.0,0.0,5.532809560704344e-05,2022-02-09 09:24:00,2022-02-09 10:07:00,0 days 00:43:00,,0.005532809560694921
-1,81915,81920,18117.0,18165.0,,,-48.0,0.0,-0.002649445272396189,2022-02-18 09:28:00,2022-02-18 09:33:00,0 days 00:05:00,,-0.2649445272396092
-1,83145,83189,17813.0,17829.0,,,-16.0,0.0,-0.0008982204008307626,2022-02-24 09:54:00,2022-02-24 10:38:00,0 days 00:44:00,,-0.08982204008308539
1,84336,84433,17888.0,17897.0,,,9.0,0.0,0.0005031305903397953,2022-03-03 09:41:00,2022-03-03 11:18:00,0 days 01:37:00,,0.05031305903398927
-1,84623,84692,17711.0,17780.0,,,-69.0,0.0,-0.003895883913951792,2022-03-04 09:27:00,2022-03-04 10:36:00,0 days 01:09:00,,-0.3895883913951781
-1,85213,85321,17020.0,16821.0,,,199.0,0.0,0.011692126909518263,2022-03-08 09:15:00,2022-03-08 11:03:00,0 days 01:48:00,,1.1692126909518212
1,87928,88019,17528.0,17530.0,,,2.0,0.0,0.00011410314924686915,2022-03-21 09:21:00,2022-03-21 10:52:00,0 days 01:31:00,,0.011410314924691922
-1,88856,88901,17615.0,17602.0,,,13.0,0.0,0.0007380073800737907,2022-03-24 09:46:00,2022-03-24 10:31:00,0 days 00:45:00,,0.07380073800738007
1,89129,89196,17637.0,17628.0,,,-9.0,0.0,-0.0005102908657934613,2022-03-25 09:18:00,2022-03-25 10:25:00,0 days 01:07:00,,-0.05102908657935023
-1,90636,90677,17484.0,17524.0,,,-40.0,0.0,-0.0022878059940516504,2022-04-01 09:20:00,2022-04-01 10:01:00,0 days 00:41:00,,-0.22878059940517045
-1,90942,90980,17391.0,17394.0,,,-3.0,0.0,-0.0001725030188028942,2022-04-06 09:25:00,2022-04-06 10:03:00,0 days 00:38:00,,-0.017250301880282905
-1,91265,91369,17368.0,17248.0,,,120.0,0.0,0.00690925840626444,2022-04-07 09:47:00,2022-04-07 11:31:00,0 days 01:44:00,,0.6909258406264395
-1,92133,92156,16979.0,17044.0,,,-65.0,0.0,-0.0038282584368927175,2022-04-12 09:12:00,2022-04-12 09:35:00,0 days 00:23:00,,-0.3828258436892632
1,92443,92521,17144.0,17239.0,,,95.0,0.0,0.005541297246850263,2022-04-13 09:21:00,2022-04-13 10:39:00,0 days 01:18:00,,0.554129724685021
-1,94585,94627,16930.0,16954.0,,,-24.0,0.0,-0.0014176018901359555,2022-04-22 09:56:00,2022-04-22 10:38:00,0 days 00:42:00,,-0.14176018901358536
-1,95457,95543,16296.0,16283.0,,,13.0,0.0,0.0007977417771232176,2022-04-27 09:25:00,2022-04-27 10:51:00,0 days 01:26:00,,0.07977417771232204
1,95765,95768,16254.0,16221.0,,,-33.0,0.0,-0.0020302694721299197,2022-04-28 09:32:00,2022-04-28 09:35:00,0 days 00:03:00,,-0.2030269472129937
1,96052,96107,16582.0,16562.0,,,-20.0,0.0,-0.0012061271257990391,2022-04-29 09:18:00,2022-04-29 10:13:00,0 days 00:55:00,,-0.12061271257990593
1,96993,97017,16717.0,16705.0,,,-12.0,0.0,-0.0007178321469163418,2022-05-05 09:56:00,2022-05-05 10:20:00,0 days 00:24:00,,-0.07178321469163128
1,98187,98257,15923.0,15982.0,,,59.0,0.0,0.003705331909815923,2022-05-11 09:46:00,2022-05-11 10:56:00,0 days 01:10:00,,0.370533190981599
-1,98495,98514,15873.0,15884.0,,,-11.0,0.0,-0.0006930006930006005,2022-05-12 09:53:00,2022-05-12 10:12:00,0 days 00:19:00,,-0.0693000693000693
1,99083,99104,15994.0,15957.0,,,-37.0,0.0,-0.0023133675128172992,2022-05-16 09:39:00,2022-05-16 10:00:00,0 days 00:21:00,,-0.23133675128173067
1,100570,100613,16187.0,16118.0,,,-69.0,0.0,-0.004262679928337509,2022-05-23 09:21:00,2022-05-23 10:04:00,0 days 00:43:00,,-0.42626799283375544
-1,102967,103029,16505.0,16542.0,,,-37.0,0.0,-0.002241744925780109,2022-06-02 09:10:00,2022-06-02 10:12:00,0 days 01:02:00,,-0.22417449257800667
-1,104201,104230,16548.0,16585.0,,,-37.0,0.0,-0.002235919748610149,2022-06-09 09:40:00,2022-06-09 10:09:00,0 days 00:29:00,,-0.2235919748610104
-1,104482,104504,16391.0,16436.0,,,-45.0,0.0,-0.002745409065950888,2022-06-10 09:20:00,2022-06-10 09:42:00,0 days 00:22:00,,-0.2745409065950827
-1,104808,104848,16045.0,16035.0,,,10.0,0.0,0.0006232471174820731,2022-06-13 09:45:00,2022-06-13 10:25:00,0 days 00:40:00,,0.06232471174820816
1,105413,105451,16076.0,16047.0,,,-29.0,0.0,-0.001803931326200492,2022-06-15 09:48:00,2022-06-15 10:26:00,0 days 00:38:00,,-0.18039313262005474
1,107825,107893,15317.0,15381.0,,,64.0,0.0,0.004178363909381755,2022-06-27 09:52:00,2022-06-27 11:00:00,0 days 01:08:00,,0.4178363909381732
-1,108408,108471,15082.0,15105.0,,,-23.0,0.0,-0.0015249966847898921,2022-06-29 09:33:00,2022-06-29 10:36:00,0 days 01:03:00,,-0.15249966847898155
1,109609,109653,14284.0,14202.0,,,-82.0,0.0,-0.005740688882665879,2022-07-05 09:30:00,2022-07-05 10:14:00,0 days 00:44:00,,-0.5740688882665921
-1,111128,111151,14012.0,13975.0,,,37.0,0.0,0.002640593776762734,2022-07-12 09:44:00,2022-07-12 10:07:00,0 days 00:23:00,,0.26405937767627746
1,112909,112957,14874.0,14856.0,,,-18.0,0.0,-0.0012101653892698794,2022-07-20 09:19:00,2022-07-20 10:07:00,0 days 00:48:00,,-0.12101653892698667
1,113545,113568,14798.0,14745.0,,,-53.0,0.0,-0.003581565076361648,2022-07-22 09:53:00,2022-07-22 10:16:00,0 days 00:23:00,,-0.3581565076361671
1,114708,114736,14888.0,14828.0,,,-60.0,0.0,-0.004030091348737219,2022-07-28 09:12:00,2022-07-28 09:40:00,0 days 00:28:00,,-0.4030091348737238
-1,115621,115660,14689.0,14639.0,,,50.0,0.0,0.0034039076860234996,2022-08-02 09:22:00,2022-08-02 10:01:00,0 days 00:39:00,,0.3403907686023555
1,116551,116599,14950.0,14971.0,,,21.0,0.0,0.001404682274247504,2022-08-05 09:49:00,2022-08-05 10:37:00,0 days 00:48:00,,0.14046822742474915
1,117728,117845,15120.0,15155.0,,,35.0,0.0,0.0023148148148148806,2022-08-11 09:22:00,2022-08-11 11:19:00,0 days 01:57:00,,0.23148148148148145
-1,120139,120209,15098.0,15057.0,,,41.0,0.0,0.0027155914690687455,2022-08-23 09:25:00,2022-08-23 10:35:00,0 days 01:10:00,,0.27155914690687505
1,120453,120463,15089.0,15066.0,,,-23.0,0.0,-0.001524289217310626,2022-08-24 09:38:00,2022-08-24 09:48:00,0 days 00:10:00,,-0.15242892173106234
1,121029,121050,15287.0,15261.0,,,-26.0,0.0,-0.001700791522208367,2022-08-26 09:12:00,2022-08-26 09:33:00,0 days 00:21:00,,-0.17007915222084125
-1,121378,121401,14822.0,14854.0,,,-32.0,0.0,-0.0021589529078396286,2022-08-29 10:00:00,2022-08-29 10:23:00,0 days 00:23:00,,-0.2158952907839698
1,121672,121800,14855.0,14934.0,,,79.0,0.0,0.005318074722315824,2022-08-30 09:53:00,2022-08-30 12:01:00,0 days 02:08:00,,0.5318074722315719
1,123159,123190,14676.0,14642.0,,,-34.0,0.0,-0.002316707549741115,2022-09-06 09:35:00,2022-09-06 10:06:00,0 days 00:31:00,,-0.23167075497410738
-1,126197,126240,14482.0,14499.0,,,-17.0,0.0,-0.00117387101229105,2022-09-21 10:03:00,2022-09-21 10:46:00,0 days 00:43:00,,-0.11738710122911201
-1,126480,126494,14127.0,14151.0,,,-24.0,0.0,-0.0016988744956465407,2022-09-22 09:45:00,2022-09-22 09:59:00,0 days 00:14:00,,-0.16988744956466342
-1,128287,128292,13376.0,13439.0,,,-63.0,0.0,-0.004709928229664984,2022-09-30 09:46:00,2022-09-30 09:51:00,0 days 00:05:00,,-0.4709928229665072
1,129472,129514,13856.0,13845.0,,,-11.0,0.0,-0.0007938799076212533,2022-10-06 09:27:00,2022-10-06 10:09:00,0 days 00:42:00,,-0.0793879907621247
-1,131289,131312,12937.0,12839.0,,,98.0,0.0,0.007575171987323159,2022-10-17 09:38:00,2022-10-17 10:01:00,0 days 00:23:00,,0.7575171987323182
1,131578,131613,13089.0,13041.0,,,-48.0,0.0,-0.0036672014668805986,2022-10-18 09:26:00,2022-10-18 10:01:00,0 days 00:35:00,,-0.3667201466880587
1,132783,132828,12972.0,12935.0,,,-37.0,0.0,-0.002852297255627523,2022-10-24 09:27:00,2022-10-24 10:12:00,0 days 00:45:00,,-0.28522972556275056
1,133723,133739,12951.0,12936.0,,,-15.0,0.0,-0.0011582117211026421,2022-10-27 10:04:00,2022-10-27 10:20:00,0 days 00:16:00,,-0.11582117211026176
-1,134019,134106,12898.0,12839.0,,,59.0,0.0,0.004574352612808141,2022-10-28 09:59:00,2022-10-28 11:26:00,0 days 01:27:00,,0.45743526128081874
1,134291,134319,12861.0,12949.0,,,88.0,0.0,0.006842391726926467,2022-10-31 09:30:00,2022-10-31 09:58:00,0 days 00:28:00,,0.6842391726926367
-1,135204,135243,12956.0,12958.0,,,-2.0,0.0,-0.00015436863229401077,2022-11-03 09:40:00,2022-11-03 10:19:00,0 days 00:39:00,,-0.015436863229391787
1,136999,137124,13940.0,13995.0,,,55.0,0.0,0.003945480631276865,2022-11-11 09:29:00,2022-11-11 11:34:00,0 days 02:05:00,,0.3945480631276901
1,139390,139444,14597.0,14557.0,,,-40.0,0.0,-0.0027402891005000596,2022-11-23 09:12:00,2022-11-23 10:06:00,0 days 00:54:00,,-0.2740289100500103
-1,140616,140623,14500.0,14543.0,,,-43.0,0.0,-0.0029655172413793895,2022-11-29 09:34:00,2022-11-29 09:41:00,0 days 00:07:00,,-0.296551724137931
1,141244,141276,15018.0,15017.0,,,-1.0,0.0,-6.658676255155704e-05,2022-12-01 10:00:00,2022-12-01 10:32:00,0 days 00:32:00,,-0.006658676255160473
-1,144538,144559,14475.0,14451.0,,,24.0,0.0,0.001658031088082934,2022-12-16 09:43:00,2022-12-16 10:04:00,0 days 00:21:00,,0.16580310880829016
-1,145138,145150,14354.0,14392.0,,,-38.0,0.0,-0.0026473456876132673,2022-12-20 09:41:00,2022-12-20 09:53:00,0 days 00:12:00,,-0.2647345687613209
-1,146053,146098,14202.0,14213.0,,,-11.0,0.0,-0.0007745387973525641,2022-12-23 09:53:00,2022-12-23 10:38:00,0 days 00:45:00,,-0.07745387973524856
1,146646,146726,14364.0,14367.0,,,3.0,0.0,0.00020885547201343613,2022-12-27 09:44:00,2022-12-27 11:04:00,0 days 01:20:00,,0.020885547201336674
-1,146927,146993,14170.0,14150.0,,,20.0,0.0,0.0014114326040931546,2022-12-28 09:24:00,2022-12-28 10:30:00,0 days 01:06:00,,0.14114326040931546
1,147551,147586,14177.0,14142.0,,,-35.0,0.0,-0.002468787472666989,2022-12-30 09:46:00,2022-12-30 10:21:00,0 days 00:35:00,,-0.2468787472666996
-1,147823,147874,14028.0,14034.0,,,-6.0,0.0,-0.00042771599657820403,2023-01-03 09:17:00,2023-01-03 10:08:00,0 days 00:51:00,,-0.0427715996578272
1,148448,148470,14327.0,14291.0,,,-36.0,0.0,-0.0025127381866406617,2023-01-05 09:40:00,2023-01-05 10:02:00,0 days 00:22:00,,-0.2512738186640609
-1,148739,148805,14327.0,14319.0,,,8.0,0.0,0.0005583862636978631,2023-01-06 09:30:00,2023-01-06 10:36:00,0 days 01:06:00,,0.055838626369791304
1,150233,150248,14945.0,14891.0,,,-54.0,0.0,-0.003613248578119732,2023-01-13 09:19:00,2023-01-13 09:34:00,0 days 00:15:00,,-0.36132485781197726
-1,150827,150878,14933.0,14924.0,,,9.0,0.0,0.0006026920243755729,2023-01-17 09:11:00,2023-01-17 10:02:00,0 days 00:51:00,,0.0602692024375544
1,152068,152229,15482.0,15576.0,,,94.0,0.0,0.006071566981010301,2023-02-02 09:48:00,2023-02-02 12:29:00,0 days 02:41:00,,0.6071566981010206
1,153249,153331,15521.0,15582.0,,,61.0,0.0,0.003930159139230671,2023-02-08 09:25:00,2023-02-08 10:47:00,0 days 01:22:00,,0.393015913923072
-1,154168,154238,15482.0,15483.0,,,-1.0,0.0,-6.45911380958708e-05,2023-02-13 09:41:00,2023-02-13 10:51:00,0 days 01:10:00,,-0.006459113809585326
1,154438,154516,15605.0,15672.0,,,67.0,0.0,0.0042934956744633546,2023-02-14 09:10:00,2023-02-14 10:28:00,0 days 01:18:00,,0.4293495674463313
-1,157166,157189,15419.0,15462.0,,,-43.0,0.0,-0.0027887671055191188,2023-03-01 09:29:00,2023-03-01 09:52:00,0 days 00:23:00,,-0.2788767105519165
1,157763,157772,15637.0,15598.0,,,-39.0,0.0,-0.0024940845430708736,2023-03-03 09:24:00,2023-03-03 09:33:00,0 days 00:09:00,,-0.24940845430709216
1,158953,158993,15823.0,15794.0,,,-29.0,0.0,-0.001832775074258941,2023-03-09 09:10:00,2023-03-09 09:50:00,0 days 00:40:00,,-0.18327750742589902
-1,159280,159335,15579.0,15533.0,,,46.0,0.0,0.0029526927273894055,2023-03-10 09:36:00,2023-03-10 10:31:00,0 days 00:55:00,,0.29526927273894343
1,161092,161131,15392.0,15382.0,,,-10.0,0.0,-0.0006496881496881324,2023-03-20 09:42:00,2023-03-20 10:21:00,0 days 00:39:00,,-0.06496881496881497
1,161374,161437,15445.0,15489.0,,,44.0,0.0,0.0028488183878276896,2023-03-21 09:23:00,2023-03-21 10:26:00,0 days 01:03:00,,0.28488183878277756
1,163823,163853,15926.0,15892.0,,,-34.0,0.0,-0.0021348737912847415,2023-03-31 10:04:00,2023-03-31 10:34:00,0 days 00:30:00,,-0.21348737912846916
-1,164112,164185,15780.0,15777.0,,,3.0,0.0,0.0001901140684410496,2023-04-06 09:52:00,2023-04-06 11:05:00,0 days 01:13:00,,0.019011406844106463
1,164692,164723,15856.0,15840.0,,,-16.0,0.0,-0.0010090817356205317,2023-04-10 09:30:00,2023-04-10 10:01:00,0 days 00:31:00,,-0.10090817356205853
1,165913,165949,15862.0,15889.0,,,27.0,0.0,0.0017021813138318187,2023-04-14 09:47:00,2023-04-14 10:23:00,0 days 00:36:00,,0.17021813138317993
-1,167694,167709,15608.0,15642.0,,,-34.0,0.0,-0.0021783700666324624,2023-04-24 09:22:00,2023-04-24 09:37:00,0 days 00:15:00,,-0.21783700666324962
1,168009,168018,15608.0,15579.0,,,-29.0,0.0,-0.0018580215274218714,2023-04-25 09:36:00,2023-04-25 09:45:00,0 days 00:09:00,,-0.1858021527421835
-1,169522,169561,15571.0,15591.0,,,-20.0,0.0,-0.0012844390212574108,2023-05-03 09:44:00,2023-05-03 10:23:00,0 days 00:39:00,,-0.12844390212574658
-1,169815,169840,15537.0,15568.0,,,-31.0,0.0,-0.0019952371757738785,2023-05-04 09:36:00,2023-05-04 10:01:00,0 days 00:25:00,,-0.19952371757739587
1,170131,170150,15631.0,15595.0,,,-36.0,0.0,-0.0023031156036081857,2023-05-05 09:51:00,2023-05-05 10:10:00,0 days 00:19:00,,-0.23031156036082143
1,170435,170463,15728.0,15709.0,,,-19.0,0.0,-0.0012080366225839523,2023-05-08 09:54:00,2023-05-08 10:22:00,0 days 00:28:00,,-0.12080366225839267
-1,174037,174056,16071.0,16070.0,,,1.0,0.0,6.222388152576919e-05,2023-05-24 09:44:00,2023-05-24 10:03:00,0 days 00:19:00,,0.0062223881525729574
1,174304,174401,16195.0,16173.0,,,-22.0,0.0,-0.0013584439641864954,2023-05-25 09:10:00,2023-05-25 10:47:00,0 days 01:37:00,,-0.13584439641864773
1,174624,174696,16364.0,16422.0,,,58.0,0.0,0.003544365680762551,2023-05-26 09:29:00,2023-05-26 10:41:00,0 days 01:12:00,,0.35443656807626495
-1,179435,179482,17230.0,17253.0,,,-23.0,0.0,-0.0013348810214741658,2023-06-19 09:24:00,2023-06-19 10:11:00,0 days 00:47:00,,-0.1334881021474173
-1,180666,180750,16820.0,16751.0,,,69.0,0.0,0.0041022592152200055,2023-06-27 09:51:00,2023-06-27 11:15:00,0 days 01:24:00,,0.4102259215219976
-1,182736,182850,16855.0,16772.0,,,83.0,0.0,0.004924354790863283,2023-07-06 09:14:00,2023-07-06 11:08:00,0 days 01:54:00,,0.4924354790863245
1,183675,183765,16808.0,16858.0,,,50.0,0.0,0.0029747739171823717,2023-07-11 09:50:00,2023-07-11 11:20:00,0 days 01:30:00,,0.2974773917182294
1,184290,184320,17219.0,17222.0,,,3.0,0.0,0.0001742261455368599,2023-07-13 10:03:00,2023-07-13 10:33:00,0 days 00:30:00,,0.01742261455369069
1,187293,187323,17206.0,17241.0,,,35.0,0.0,0.002034174125305155,2023-07-27 09:56:00,2023-07-27 10:26:00,0 days 00:30:00,,0.20341741253051263
1,187862,187915,17371.0,17328.0,,,-43.0,0.0,-0.002475390017845802,2023-07-31 09:23:00,2023-07-31 10:16:00,0 days 00:53:00,,-0.24753900178458352
-1,191197,191237,16379.0,16407.0,,,-28.0,0.0,-0.0017095060748519852,2023-08-16 09:47:00,2023-08-16 10:27:00,0 days 00:40:00,,-0.17095060748519444
1,192072,192105,16398.0,16339.0,,,-59.0,0.0,-0.0035979997560677823,2023-08-21 09:19:00,2023-08-21 09:52:00,0 days 00:33:00,,-0.3597999756067813
1,194171,194221,16751.0,16758.0,,,7.0,0.0,0.0004178854993732717,2023-08-30 09:11:00,2023-08-30 10:01:00,0 days 00:50:00,,0.041788549937317176
-1,194806,194815,16675.0,16711.0,,,-36.0,0.0,-0.0021589205397301026,2023-09-01 09:44:00,2023-09-01 09:53:00,0 days 00:09:00,,-0.2158920539730135
-1,195985,196041,16641.0,16641.0,,,-0.0,0.0,-0.0,2023-09-07 09:19:00,2023-09-07 10:15:00,0 days 00:56:00,,-0.0
1,200529,200567,16376.0,16340.0,,,-36.0,0.0,-0.0021983390327308117,2023-09-28 09:48:00,2023-09-28 10:26:00,0 days 00:38:00,,-0.21983390327308255
-1,201443,201528,16247.0,16235.0,,,12.0,0.0,0.0007385978949959737,2023-10-04 09:59:00,2023-10-04 11:24:00,0 days 01:25:00,,0.07385978949959993
1,202006,202059,16509.0,16499.0,,,-10.0,0.0,-0.0006057302077654425,2023-10-06 09:20:00,2023-10-06 10:13:00,0 days 00:53:00,,-0.060573020776546124
1,202339,202366,16712.0,16675.0,,,-37.0,0.0,-0.0022139779798946435,2023-10-11 09:52:00,2023-10-11 10:19:00,0 days 00:27:00,,-0.22139779798946865
-1,203204,203273,16669.0,16655.0,,,14.0,0.0,0.0008398824164617125,2023-10-16 09:14:00,2023-10-16 10:23:00,0 days 01:09:00,,0.08398824164616954
-1,204451,204495,16301.0,16322.0,,,-21.0,0.0,-0.001288264523648941,2023-10-20 09:57:00,2023-10-20 10:41:00,0 days 00:44:00,,-0.1288264523648856
-1,204743,204827,16325.0,16287.0,,,38.0,0.0,0.0023277182235834637,2023-10-23 09:48:00,2023-10-23 11:12:00,0 days 01:24:00,,0.23277182235834612
1,205960,206001,16171.0,16193.0,,,22.0,0.0,0.0013604600828642788,2023-10-27 10:01:00,2023-10-27 10:42:00,0 days 00:41:00,,0.13604600828643867
-1,208936,208984,16692.0,16691.0,,,1.0,0.0,5.990893841356648e-05,2023-11-10 09:27:00,2023-11-10 10:15:00,0 days 00:48:00,,0.0059908938413611315
1,209239,209297,16901.0,16890.0,,,-11.0,0.0,-0.0006508490621857099,2023-11-13 09:29:00,2023-11-13 10:27:00,0 days 00:58:00,,-0.06508490621856695
-1,213445,213464,17337.0,17377.0,,,-40.0,0.0,-0.0023072042452558783,2023-12-01 09:21:00,2023-12-01 09:40:00,0 days 00:19:00,,-0.2307204245255811
1,213764,213791,17423.0,17408.0,,,-15.0,0.0,-0.000860930953337502,2023-12-04 09:39:00,2023-12-04 10:06:00,0 days 00:27:00,,-0.08609309533375424
1,214956,214986,17432.0,17392.0,,,-40.0,0.0,-0.0022946305644790943,2023-12-08 09:27:00,2023-12-08 09:57:00,0 days 00:30:00,,-0.2294630564479119
1,215577,215594,17497.0,17484.0,,,-13.0,0.0,-0.0007429845116305733,2023-12-12 09:46:00,2023-12-12 10:03:00,0 days 00:17:00,,-0.07429845116305651
-1,216797,216843,17643.0,17656.0,,,-13.0,0.0,-0.0007368361389785694,2023-12-18 10:02:00,2023-12-18 10:48:00,0 days 00:46:00,,-0.07368361389786317
-1,217672,217705,17471.0,17503.0,,,-32.0,0.0,-0.0018316066624692873,2023-12-21 09:34:00,2023-12-21 10:07:00,0 days 00:33:00,,-0.18316066624692348
1,217949,217998,17557.0,17568.0,,,11.0,0.0,0.0006265307284842869,2023-12-22 09:10:00,2023-12-22 09:59:00,0 days 00:49:00,,0.06265307284843652
1,218283,218343,17617.0,17634.0,,,17.0,0.0,0.0009649770108417499,2023-12-25 09:43:00,2023-12-25 10:43:00,0 days 01:00:00,,0.09649770108418006
-1,220099,220142,17609.0,17540.0,,,69.0,0.0,0.003918450792208539,2024-01-03 09:53:00,2024-01-03 10:36:00,0 days 00:43:00,,0.391845079220853
1,220992,221010,17671.0,17622.0,,,-49.0,0.0,-0.002772904759209993,2024-01-08 09:43:00,2024-01-08 10:01:00,0 days 00:18:00,,-0.27729047592100053
1,221269,221306,17669.0,17621.0,,,-48.0,0.0,-0.0027166223328993766,2024-01-09 09:19:00,2024-01-09 09:56:00,0 days 00:37:00,,-0.2716622332899428
1,221897,221945,17522.0,17546.0,,,24.0,0.0,0.0013697066544915426,2024-01-11 09:45:00,2024-01-11 10:33:00,0 days 00:48:00,,0.13697066544914965
1,222470,222635,17570.0,17615.0,,,45.0,0.0,0.0025611838360841688,2024-01-15 09:16:00,2024-01-15 12:01:00,0 days 02:45:00,,0.2561183836084235
-1,223368,223481,17309.0,17252.0,,,57.0,0.0,0.003293084522502765,2024-01-18 09:11:00,2024-01-18 11:04:00,0 days 01:53:00,,0.3293084522502744
1,223669,223783,17516.0,17587.0,,,71.0,0.0,0.004053436857730075,2024-01-19 09:11:00,2024-01-19 11:05:00,0 days 01:54:00,,0.4053436857730075
-1,225181,225261,18000.0,18002.0,,,-2.0,0.0,-0.00011111111111117289,2024-01-26 09:18:00,2024-01-26 10:38:00,0 days 01:20:00,,-0.011111111111111112
1,226701,226805,18043.0,18065.0,,,22.0,0.0,0.0012193094274788319,2024-02-02 09:33:00,2024-02-02 11:17:00,0 days 01:44:00,,0.12193094274788006
1,228820,228841,18816.0,18794.0,,,-22.0,0.0,-0.0011692176870747861,2024-02-22 09:45:00,2024-02-22 10:06:00,0 days 00:21:00,,-0.116921768707483
-1,229412,229480,18934.0,18937.0,,,-3.0,0.0,-0.00015844512517171339,2024-02-26 09:35:00,2024-02-26 10:43:00,0 days 01:08:00,,-0.01584451251716489
-1,230002,230055,18857.0,18882.0,,,-25.0,0.0,-0.0013257676194515788,2024-02-29 09:23:00,2024-02-29 10:16:00,0 days 00:53:00,,-0.13257676194516627
-1,231203,231226,19320.0,19355.0,,,-35.0,0.0,-0.0018115942028984477,2024-03-06 09:20:00,2024-03-06 09:43:00,0 days 00:23:00,,-0.18115942028985507
1,231524,231552,19678.0,19644.0,,,-34.0,0.0,-0.0017278178676695122,2024-03-07 09:40:00,2024-03-07 10:08:00,0 days 00:28:00,,-0.17278178676694786
1,231816,231841,19980.0,19926.0,,,-54.0,0.0,-0.002702702702702675,2024-03-08 09:31:00,2024-03-08 09:56:00,0 days 00:25:00,,-0.2702702702702703
-1,232104,232120,19768.0,19819.0,,,-51.0,0.0,-0.0025799271549979963,2024-03-11 09:18:00,2024-03-11 09:34:00,0 days 00:16:00,,-0.25799271549979763
1,232703,232720,20004.0,19944.0,,,-60.0,0.0,-0.0029994001199760145,2024-03-13 09:15:00,2024-03-13 09:32:00,0 days 00:17:00,,-0.2999400119976005
1,234229,234284,19881.0,19850.0,,,-31.0,0.0,-0.0015592777023288873,2024-03-20 09:36:00,2024-03-20 10:31:00,0 days 00:55:00,,-0.15592777023288568
1,234547,234676,20085.0,20204.0,,,119.0,0.0,0.005924819517052482,2024-03-21 09:53:00,2024-03-21 12:02:00,0 days 02:09:00,,0.5924819517052528
-1,235757,235805,20211.0,20213.0,,,-2.0,0.0,-9.895601405185417e-05,2024-03-27 09:59:00,2024-03-27 10:47:00,0 days 00:48:00,,-0.0098956014051754
1,241149,241175,20066.0,20128.0,,,62.0,0.0,0.003089803647961631,2024-04-24 09:33:00,2024-04-24 09:59:00,0 days 00:26:00,,0.30898036479617264
-1,242642,242723,20365.0,20304.0,,,61.0,0.0,0.002995335133808008,2024-05-02 09:21:00,2024-05-02 10:42:00,0 days 01:21:00,,0.29953351338080036
1,242935,242979,20545.0,20488.0,,,-57.0,0.0,-0.0027743976636651624,2024-05-03 09:13:00,2024-05-03 09:57:00,0 days 00:44:00,,-0.2774397663665126
1,243233,243303,20604.0,20682.0,,,78.0,0.0,0.0037856726849154754,2024-05-06 09:10:00,2024-05-06 10:20:00,0 days 01:10:00,,0.37856726849155503
1,245683,245694,21516.0,21461.0,,,-55.0,0.0,-0.002556237218813928,2024-05-16 09:52:00,2024-05-16 10:03:00,0 days 00:11:00,,-0.2556237218813906
-1,245993,246106,21391.0,21343.0,,,48.0,0.0,0.002243934364919875,2024-05-17 10:01:00,2024-05-17 11:54:00,0 days 01:53:00,,0.2243934364919826
-1,247500,247550,21556.0,21558.0,,,-2.0,0.0,-9.278159213210735e-05,2024-05-24 10:03:00,2024-05-24 10:53:00,0 days 00:50:00,,-0.009278159213212098
-1,248658,248755,21488.0,21496.0,,,-8.0,0.0,-0.00037230081906169943,2024-05-30 09:17:00,2024-05-30 10:54:00,0 days 01:37:00,,-0.03723008190618019
1,252299,252350,22695.0,22746.0,,,51.0,0.0,0.0022471910112360494,2024-06-18 09:46:00,2024-06-18 10:37:00,0 days 00:51:00,,0.22471910112359553
-1,254395,254424,22701.0,22778.0,,,-77.0,0.0,-0.0033919210607462613,2024-06-27 09:35:00,2024-06-27 10:04:00,0 days 00:29:00,,-0.33919210607462225
-1,255313,255382,22918.0,22859.0,,,59.0,0.0,0.002574395671524621,2024-07-02 09:50:00,2024-07-02 10:59:00,0 days 01:09:00,,0.2574395671524566
1,255591,255667,22995.0,23068.0,,,73.0,0.0,0.0031746031746031633,2024-07-03 09:27:00,2024-07-03 10:43:00,0 days 01:16:00,,0.31746031746031744
1,257433,257453,24315.0,24368.0,,,53.0,0.0,0.0021797244499279778,2024-07-11 10:03:00,2024-07-11 10:23:00,0 days 00:20:00,,0.2179724449928028
1,260426,260464,22380.0,22300.0,,,-80.0,0.0,-0.00357462019660415,2024-07-29 09:46:00,2024-07-29 10:24:00,0 days 00:38:00,,-0.3574620196604111
1,261331,261335,22598.0,22514.0,,,-84.0,0.0,-0.003717143110009702,2024-08-01 09:48:00,2024-08-01 09:52:00,0 days 00:04:00,,-0.3717143110009735
-1,261631,261673,22068.0,21819.0,,,249.0,0.0,0.01128330614464379,2024-08-02 09:47:00,2024-08-02 10:29:00,0 days 00:42:00,,1.1283306144643828
1,264053,264062,22090.0,21997.0,,,-93.0,0.0,-0.004210049796287918,2024-08-14 10:01:00,2024-08-14 10:10:00,0 days 00:09:00,,-0.4210049796287913
1,264648,264739,22326.0,22345.0,,,19.0,0.0,0.0008510257099345608,2024-08-16 09:54:00,2024-08-16 11:25:00,0 days 01:31:00,,0.08510257099346054
1,265232,265277,22511.0,22482.0,,,-29.0,0.0,-0.0012882590733419574,2024-08-20 09:36:00,2024-08-20 10:21:00,0 days 00:45:00,,-0.12882590733419216
-1,265540,265654,22321.0,22241.0,,,80.0,0.0,0.0035840688141212107,2024-08-21 09:43:00,2024-08-21 11:37:00,0 days 01:54:00,,0.3584068814121231
1,267041,267062,22128.0,22096.0,,,-32.0,0.0,-0.001446131597975464,2024-08-28 09:39:00,2024-08-28 10:00:00,0 days 00:21:00,,-0.14461315979754158
1,267923,267958,22369.0,22287.0,,,-82.0,0.0,-0.0036657874737360263,2024-09-02 09:18:00,2024-09-02 09:53:00,0 days 00:35:00,,-0.36657874737359736
-1,268544,268597,21293.0,21318.0,,,-25.0,0.0,-0.0011740947729301787,2024-09-04 09:37:00,2024-09-04 10:30:00,0 days 00:53:00,,-0.11740947729300709
1,269171,269178,21330.0,21392.0,,,62.0,0.0,0.0029067041725270304,2024-09-06 10:02:00,2024-09-06 10:09:00,0 days 00:07:00,,0.29067041725269577
-1,269466,269530,20986.0,20967.0,,,19.0,0.0,0.000905365481749687,2024-09-09 09:56:00,2024-09-09 11:00:00,0 days 01:04:00,,0.0905365481749738
1,269746,269775,21135.0,21048.0,,,-87.0,0.0,-0.0041163946061035794,2024-09-10 09:35:00,2024-09-10 10:04:00,0 days 00:29:00,,-0.41163946061036194
-1,271559,271577,21723.0,21797.0,,,-74.0,0.0,-0.00340652764351157,2024-09-19 09:42:00,2024-09-19 10:00:00,0 days 00:18:00,,-0.34065276435114855
1,271838,271874,22371.0,22300.0,,,-71.0,0.0,-0.003173751732153285,2024-09-20 09:20:00,2024-09-20 09:56:00,0 days 00:36:00,,-0.31737517321532344
1,272774,272806,22792.0,22755.0,,,-37.0,0.0,-0.0016233766233766378,2024-09-25 09:53:00,2024-09-25 10:25:00,0 days 00:32:00,,-0.16233766233766234
-1,277867,277960,23441.0,23430.0,,,11.0,0.0,0.000469263256686947,2024-10-23 09:29:00,2024-10-23 11:02:00,0 days 01:33:00,,0.04692632566870014
-1,279668,279723,22462.0,22616.0,,,-154.0,0.0,-0.006856023506366382,2024-11-01 09:24:00,2024-11-01 10:19:00,0 days 00:55:00,,-0.6856023506366308
1,281186,281214,23659.0,23697.0,,,38.0,0.0,0.0016061541062597495,2024-11-08 09:37:00,2024-11-08 10:05:00,0 days 00:28:00,,0.16061541062597742
-1,281798,281838,23198.0,23135.0,,,63.0,0.0,0.0027157513578757175,2024-11-12 09:47:00,2024-11-12 10:27:00,0 days 00:40:00,,0.27157513578756787
1,283271,283431,22610.0,22919.0,,,309.0,0.0,0.013666519239274644,2024-11-19 09:15:00,2024-11-19 11:55:00,0 days 02:40:00,,1.3666519239274657
-1,283886,283941,22589.0,22608.0,,,-19.0,0.0,-0.0008411173580060716,2024-11-21 09:28:00,2024-11-21 10:23:00,0 days 00:55:00,,-0.08411173580061092
1,289018,289042,23174.0,23195.0,,,21.0,0.0,0.0009061879692759955,2024-12-16 09:43:00,2024-12-16 10:07:00,0 days 00:24:00,,0.09061879692759127
-1,291696,291730,23261.0,23305.0,,,-44.0,0.0,-0.0018915781780663998,2024-12-30 09:12:00,2024-12-30 09:46:00,0 days 00:34:00,,-0.18915781780662913
-1,292333,292393,22913.0,22867.0,,,46.0,0.0,0.0020075939423035427,2025-01-02 09:47:00,2025-01-02 10:47:00,0 days 01:00:00,,0.20075939423034958
1,292647,292654,22978.0,22912.0,,,-66.0,0.0,-0.0028723126468795934,2025-01-03 10:00:00,2025-01-03 10:07:00,0 days 00:07:00,,-0.2872312646879624
1,297152,297183,22835.0,22875.0,,,40.0,0.0,0.0017516969564266294,2025-02-04 09:50:00,2025-02-04 10:21:00,0 days 00:31:00,,0.17516969564265383
1,297746,297768,23309.0,23305.0,,,-4.0,0.0,-0.00017160753357070568,2025-02-06 09:42:00,2025-02-06 10:04:00,0 days 00:22:00,,-0.017160753357072376
-1,298063,298066,23350.0,23387.0,,,-37.0,0.0,-0.0015845824411135911,2025-02-07 09:58:00,2025-02-07 10:01:00,0 days 00:03:00,,-0.15845824411134904
1,298935,298985,23480.0,23446.0,,,-34.0,0.0,-0.0014480408858602578,2025-02-12 09:27:00,2025-02-12 10:17:00,0 days 00:50:00,,-0.14480408858603067
-1,299567,299598,23220.0,23229.0,,,-9.0,0.0,-0.0003875968992248513,2025-02-14 09:57:00,2025-02-14 10:28:00,0 days 00:31:00,,-0.03875968992248062
-1,301369,301390,23484.0,23501.0,,,-17.0,0.0,-0.0007238971214444945,2025-02-24 09:53:00,2025-02-24 10:14:00,0 days 00:21:00,,-0.07238971214443876
-1,302571,302587,22689.0,22714.0,,,-25.0,0.0,-0.0011018555247035433,2025-03-03 09:51:00,2025-03-03 10:07:00,0 days 00:16:00,,-0.11018555247036008
-1,302855,302889,22373.0,22460.0,,,-87.0,0.0,-0.0038886157421893497,2025-03-04 09:34:00,2025-03-04 10:08:00,0 days 00:34:00,,-0.3888615742189246
-1,303740,303823,22662.0,22541.0,,,121.0,0.0,0.005339334568881804,2025-03-07 09:16:00,2025-03-07 10:39:00,0 days 01:23:00,,0.5339334568881828
-1,304351,304367,21766.0,21888.0,,,-122.0,0.0,-0.005605072130846267,2025-03-11 09:25:00,2025-03-11 09:41:00,0 days 00:16:00,,-0.5605072130846274
1,304941,304960,22383.0,22317.0,,,-66.0,0.0,-0.0029486663986061368,2025-03-13 09:13:00,2025-03-13 09:32:00,0 days 00:19:00,,-0.2948666398606085
1,306474,306503,22254.0,22244.0,,,-10.0,0.0,-0.00044935741889096104,2025-03-20 09:41:00,2025-03-20 10:10:00,0 days 00:29:00,,-0.04493574188909859
1,307350,307402,22355.0,22290.0,,,-65.0,0.0,-0.002907626929098628,2025-03-25 09:14:00,2025-03-25 10:06:00,0 days 00:52:00,,-0.29076269290986356
-1,307961,308038,21990.0,21969.0,,,21.0,0.0,0.0009549795361527558,2025-03-27 09:23:00,2025-03-27 10:40:00,0 days 01:17:00,,0.09549795361527967
-1,311310,311320,19647.0,19727.0,,,-80.0,0.0,-0.004071868478648044,2025-04-15 10:01:00,2025-04-15 10:11:00,0 days 00:10:00,,-0.40718684786481396
1,312203,312286,19348.0,19398.0,,,50.0,0.0,0.0025842464337400006,2025-04-18 09:51:00,2025-04-18 11:14:00,0 days 01:23:00,,0.2584246433739921
1,313969,314057,20010.0,19981.0,,,-29.0,0.0,-0.0014492753623188692,2025-04-28 09:11:00,2025-04-28 10:39:00,0 days 01:28:00,,-0.14492753623188406
-1,314314,314319,20005.0,20074.0,,,-69.0,0.0,-0.0034491377155712044,2025-04-29 09:55:00,2025-04-29 10:00:00,0 days 00:05:00,,-0.3449137715571107
1,314904,314997,20511.0,20619.0,,,108.0,0.0,0.005265467310223704,2025-05-02 09:43:00,2025-05-02 11:16:00,0 days 01:33:00,,0.5265467310223783
-1,315480,315484,20275.0,20379.0,,,-104.0,0.0,-0.005129469790382313,2025-05-06 09:17:00,2025-05-06 09:21:00,0 days 00:04:00,,-0.5129469790382244
1,315774,315791,20478.0,20368.0,,,-110.0,0.0,-0.005371618322101757,2025-05-07 09:10:00,2025-05-07 09:27:00,0 days 00:17:00,,-0.5371618322101768
1,316096,316205,20550.0,20685.0,,,135.0,0.0,0.006569343065693456,2025-05-08 09:31:00,2025-05-08 11:20:00,0 days 01:49:00,,0.656934306569343
1,316706,316756,21091.0,21089.0,,,-2.0,0.0,-9.482717746911451e-05,2025-05-12 09:39:00,2025-05-12 10:29:00,0 days 00:50:00,,-0.009482717746906262
1,319401,319432,21534.0,21472.0,,,-62.0,0.0,-0.0028791678276214316,2025-05-23 09:25:00,2025-05-23 09:56:00,0 days 00:31:00,,-0.2879167827621436
1,320339,320383,21323.0,21266.0,,,-57.0,0.0,-0.0026731698166299056,2025-05-28 10:00:00,2025-05-28 10:44:00,0 days 00:44:00,,-0.26731698166299306
1,322426,322471,21645.0,21631.0,,,-14.0,0.0,-0.0006468006468006715,2025-06-09 09:40:00,2025-06-09 10:25:00,0 days 00:45:00,,-0.06468006468006468
-1,325409,325456,21365.0,21349.0,,,16.0,0.0,0.0007488883688274717,2025-06-23 09:13:00,2025-06-23 10:00:00,0 days 00:47:00,,0.07488883688275216
-1,328731,328762,22261.0,22155.0,,,106.0,0.0,0.004761690849467648,2025-07-08 09:24:00,2025-07-08 09:55:00,0 days 00:31:00,,0.4761690849467679
-1,329974,330037,22601.0,22570.0,,,31.0,0.0,0.001371620724746725,2025-07-14 10:03:00,2025-07-14 11:06:00,0 days 01:03:00,,0.13716207247466927
1,332936,332993,23298.0,23355.0,,,57.0,0.0,0.0024465619366469404,2025-07-28 09:15:00,2025-07-28 10:12:00,0 days 00:57:00,,0.24465619366469227
1,334747,334867,23455.0,23546.0,,,91.0,0.0,0.0038797697719037405,2025-08-05 09:20:00,2025-08-05 11:20:00,0 days 02:00:00,,0.3879769771903645
-1,335071,335117,23419.0,23461.0,,,-42.0,0.0,-0.001793415602715731,2025-08-06 09:43:00,2025-08-06 10:29:00,0 days 00:46:00,,-0.17934156027157436
-1,335972,335992,23951.0,23995.0,,,-44.0,0.0,-0.0018370840465951055,2025-08-11 09:41:00,2025-08-11 10:01:00,0 days 00:20:00,,-0.18370840465951319
1,336556,336632,24267.0,24380.0,,,113.0,0.0,0.004656529443276769,2025-08-13 09:23:00,2025-08-13 10:39:00,0 days 01:16:00,,0.46565294432768783
1,338951,339045,24140.0,24269.0,,,129.0,0.0,0.00534382767191377,2025-08-25 09:10:00,2025-08-25 10:44:00,0 days 01:34:00,,0.5343827671913836
1,340779,340804,24119.0,24032.0,,,-87.0,0.0,-0.003607114722832594,2025-09-02 09:32:00,2025-09-02 09:57:00,0 days 00:25:00,,-0.36071147228326217
1,341366,341439,24240.0,24321.0,,,81.0,0.0,0.0033415841584159,2025-09-04 09:17:00,2025-09-04 10:30:00,0 days 01:13:00,,0.3341584158415842
1,341702,341781,24310.0,24388.0,,,78.0,0.0,0.0032085561497325887,2025-09-05 09:52:00,2025-09-05 11:11:00,0 days 01:19:00,,0.32085561497326204
1,345289,345393,26044.0,26260.0,,,216.0,0.0,0.008293656888342715,2025-09-23 09:27:00,2025-09-23 11:11:00,0 days 01:44:00,,0.8293656888342804
-1,345893,345897,26191.0,26241.0,,,-50.0,0.0,-0.00190905272803632,2025-09-25 09:29:00,2025-09-25 09:33:00,0 days 00:04:00,,-0.19090527280363484
1,346525,346552,25937.0,25886.0,,,-51.0,0.0,-0.001966302964876432,2025-09-30 09:59:00,2025-09-30 10:26:00,0 days 00:27:00,,-0.19663029648764313
1,347100,347136,26439.0,26462.0,,,23.0,0.0,0.0008699270017775707,2025-10-02 09:32:00,2025-10-02 10:08:00,0 days 00:36:00,,0.0869927001777677
-1,351005,351067,27499.0,27540.0,,,-41.0,0.0,-0.0014909633077566653,2025-10-23 09:24:00,2025-10-23 10:26:00,0 days 01:02:00,,-0.1490963307756646
1,351333,351351,28161.0,28122.0,,,-39.0,0.0,-0.0013848940023436507,2025-10-27 09:51:00,2025-10-27 10:09:00,0 days 00:18:00,,-0.13848940023436668
1,351938,351990,28278.0,28428.0,,,150.0,0.0,0.00530447697856995,2025-10-29 09:54:00,2025-10-29 10:46:00,0 days 00:52:00,,0.5304476978569913
1,353142,353164,28425.0,28327.0,,,-98.0,0.0,-0.0034476693051891383,2025-11-04 09:54:00,2025-11-04 10:16:00,0 days 00:22:00,,-0.3447669305189094
-1,353404,353454,27670.0,27526.0,,,144.0,0.0,0.005204192265992003,2025-11-05 09:15:00,2025-11-05 10:05:00,0 days 00:50:00,,0.5204192265992049
1,354303,354518,27801.0,27980.0,,,179.0,0.0,0.006438617315923878,2025-11-10 09:11:00,2025-11-10 12:46:00,0 days 03:35:00,,0.6438617315923888
1,354618,354630,28130.0,28065.0,,,-65.0,0.0,-0.002310700319943071,2025-11-11 09:25:00,2025-11-11 09:37:00,0 days 00:12:00,,-0.23107003199431211
-1,355555,355573,27486.0,27498.0,,,-12.0,0.0,-0.0004365858982755544,2025-11-14 09:59:00,2025-11-14 10:17:00,0 days 00:18:00,,-0.04365858982754857
1,356753,356759,27410.0,27317.0,,,-93.0,0.0,-0.003392922291134637,2025-11-20 09:53:00,2025-11-20 09:59:00,0 days 00:06:00,,-0.33929222911346224
1,357615,357634,27023.0,26941.0,,,-82.0,0.0,-0.0030344521333678376,2025-11-25 09:12:00,2025-11-25 09:31:00,0 days 00:19:00,,-0.3034452133367872
1,359159,359177,27691.0,27625.0,,,-66.0,0.0,-0.002383445884944546,2025-12-02 09:51:00,2025-12-02 10:09:00,0 days 00:18:00,,-0.2383445884944567
1,359468,359499,27797.0,27818.0,,,21.0,0.0,0.0007554772097708717,2025-12-03 09:59:00,2025-12-03 10:30:00,0 days 00:31:00,,0.07554772097708386
1,360947,360960,28327.0,28267.0,,,-60.0,0.0,-0.0021181205210576426,2025-12-10 09:33:00,2025-12-10 09:46:00,0 days 00:13:00,,-0.21181205210576481
1,361246,361264,28467.0,28408.0,,,-59.0,0.0,-0.0020725752625847527,2025-12-11 09:31:00,2025-12-11 09:49:00,0 days 00:18:00,,-0.20725752625847474
-1,361849,361878,27873.0,27940.0,,,-67.0,0.0,-0.0024037599110249275,2025-12-15 09:32:00,2025-12-15 10:01:00,0 days 00:29:00,,-0.24037599110250063
-1,362771,362801,27635.0,27628.0,,,7.0,0.0,0.00025330197213679906,2025-12-18 09:51:00,2025-12-18 10:21:00,0 days 00:30:00,,0.025330197213678306
1,363061,363081,27860.0,27881.0,,,21.0,0.0,0.000753768844221181,2025-12-19 09:40:00,2025-12-19 10:00:00,0 days 00:20:00,,0.07537688442211055
1,363969,363986,28499.0,28462.0,,,-37.0,0.0,-0.0012982911681111986,2025-12-24 09:45:00,2025-12-24 10:02:00,0 days 00:17:00,,-0.12982911681111617
1,364265,364379,28554.0,28688.0,,,134.0,0.0,0.004692862646214158,2025-12-26 09:40:00,2025-12-26 11:34:00,0 days 01:54:00,,0.46928626462141904
1,367252,367296,30709.0,30588.0,,,-121.0,0.0,-0.003940212966882628,2026-01-12 09:17:00,2026-01-12 10:01:00,0 days 00:44:00,,-0.3940212966882673
1,372109,372119,32228.0,32131.0,,,-97.0,0.0,-0.003009805138388999,2026-02-03 09:58:00,2026-02-03 10:08:00,0 days 00:10:00,,-0.30098051383889785
-1,372377,372384,32216.0,32318.0,,,-102.0,0.0,-0.0031661286317357096,2026-02-04 09:25:00,2026-02-04 09:32:00,0 days 00:07:00,,-0.31661286317357834
-1,375379,375421,35318.0,35349.0,,,-31.0,0.0,-0.0008777393963417257,2026-03-02 09:17:00,2026-03-02 09:59:00,0 days 00:42:00,,-0.08777393963418087
1,376312,376315,34000.0,33828.0,,,-172.0,0.0,-0.005058823529411782,2026-03-05 09:47:00,2026-03-05 09:50:00,0 days 00:03:00,,-0.5058823529411764
-1,376623,376640,33620.0,33784.0,,,-164.0,0.0,-0.004878048780487809,2026-03-06 09:57:00,2026-03-06 10:14:00,0 days 00:17:00,,-0.4878048780487805
1,377196,377237,33086.0,33176.0,,,90.0,0.0,0.002720183763525341,2026-03-10 09:28:00,2026-03-10 10:09:00,0 days 00:41:00,,0.2720183763525358
1,379006,379144,34384.0,34516.0,,,132.0,0.0,0.0038389948813402075,2026-03-18 09:32:00,2026-03-18 11:50:00,0 days 02:18:00,,0.3838994881340158
-1,379288,379369,33931.0,34073.0,,,-142.0,0.0,-0.0041849636026052295,2026-03-19 09:13:00,2026-03-19 10:34:00,0 days 01:21:00,,-0.4184963602605288
-1,379918,379944,32711.0,32874.0,,,-163.0,0.0,-0.004983033230411715,2026-03-23 09:41:00,2026-03-23 10:07:00,0 days 00:26:00,,-0.4983033230411788
1,380188,380195,33101.0,32926.0,,,-175.0,0.0,-0.005286849339899091,2026-03-24 09:10:00,2026-03-24 09:17:00,0 days 00:07:00,,-0.5286849339899097
-1,381121,381203,32980.0,32943.0,,,37.0,0.0,0.0011218920557913847,2026-03-27 09:40:00,2026-03-27 11:02:00,0 days 01:22:00,,0.11218920557913886
-1,381739,381788,32334.0,32251.0,,,83.0,0.0,0.0025669573823220437,2026-03-31 09:56:00,2026-03-31 10:45:00,0 days 00:49:00,,0.2566957382322014
1,386849,386886,40222.0,40244.0,,,22.0,0.0,0.0005469643478692721,2026-04-27 09:49:00,2026-04-27 10:26:00,0 days 00:37:00,,0.05469643478693253
1,388637,388651,41870.0,41590.0,,,-280.0,0.0,-0.0066873656556006855,2026-05-06 09:31:00,2026-05-06 09:45:00,0 days 00:14:00,,-0.6687365655600669
1,390452,390457,41894.0,41727.0,,,-167.0,0.0,-0.0039862510144650365,2026-05-14 09:40:00,2026-05-14 09:45:00,0 days 00:05:00,,-0.3986251014465078
1,390738,390743,42199.0,42015.0,,,-184.0,0.0,-0.004360292897935936,2026-05-15 09:25:00,2026-05-15 09:30:00,0 days 00:05:00,,-0.436029289793597
-1,391072,391099,40620.0,40762.0,,,-142.0,0.0,-0.003495814869522329,2026-05-18 09:58:00,2026-05-18 10:25:00,0 days 00:27:00,,-0.3495814869522403
