strategy,mode,fraction,period,n_trades,wr,ev_pts,ev_pct,pf,total_pts
S001,with_satreach,0.8,IS,80,66.25,27.6375,0.1498336137932475,3.117816091954023,2211.0
S001,with_satreach,0.8,OOS,36,61.111111111111114,41.47222222222222,0.17334136025478084,2.3953271028037384,1493.0
S001,with_satreach,0.8,2022,28,71.42857142857143,25.25,0.16032286178027658,3.4634146341463414,707.0
S001,with_satreach,0.8,2023,27,59.25925925925925,14.555555555555555,0.09034312549816824,2.1228571428571428,393.0
S001,with_satreach,0.8,2024,25,68.0,44.44,0.20233538340646048,3.72972972972973,1111.0
S001,with_satreach,0.8,2025,26,61.53846153846154,46.23076923076923,0.2050792173579118,2.8295281582952816,1202.0
S001,with_satreach,0.8,2026,10,60.0,29.1,0.09082293178664044,1.7046004842615012,291.0
S001,with_satreach,0.85,IS,80,66.25,30.2,0.16120545460702215,3.3410852713178296,2416.0
S001,with_satreach,0.85,OOS,36,61.111111111111114,45.111111111111114,0.1774757655999305,2.5177570093457944,1624.0
S001,with_satreach,0.85,2022,28,71.42857142857143,21.75,0.14077073041914848,3.03,609.0
S001,with_satreach,0.85,2023,27,55.55555555555556,14.777777777777779,0.09122713533051197,2.0445026178010473,399.0
S001,with_satreach,0.85,2024,25,72.0,56.32,0.25966893051607165,5.022857142857143,1408.0
S001,with_satreach,0.85,2025,26,61.53846153846154,41.07692307692308,0.179746964955746,2.625570776255708,1068.0
S001,with_satreach,0.85,2026,10,60.0,55.6,0.1715706472748102,2.3462469733656173,556.0
S001,with_satreach,0.9,IS,81,66.66666666666666,32.01234567901235,0.16973952430904063,3.512596899224806,2593.0
S001,with_satreach,0.9,OOS,36,61.111111111111114,47.55555555555556,0.18717968406198598,2.6,1712.0
S001,with_satreach,0.9,2022,28,71.42857142857143,23.821428571428573,0.15472995164664563,3.223333333333333,667.0
S001,with_satreach,0.9,2023,27,55.55555555555556,12.0,0.07379313430879406,1.8481675392670156,324.0
S001,with_satreach,0.9,2024,26,73.07692307692307,61.61538461538461,0.2855403152534144,5.577142857142857,1602.0
S001,with_satreach,0.9,2025,26,61.53846153846154,44.5,0.19331695649687797,2.7610350076103503,1157.0
S001,with_satreach,0.9,2026,10,60.0,55.5,0.17122277573126676,2.343825665859564,555.0
S001,with_satreach,0.95,IS,81,65.4320987654321,35.34567901234568,0.1863527490589717,3.5792792792792794,2863.0
S001,with_satreach,0.95,OOS,36,61.111111111111114,51.638888888888886,0.2053532474180053,2.7373831775700936,1859.0
S001,with_satreach,0.95,2022,28,71.42857142857143,25.0,0.16098082647454473,3.3333333333333335,700.0
S001,with_satreach,0.95,2023,27,55.55555555555556,13.333333333333334,0.08174589189211644,1.942408376963351,360.0
S001,with_satreach,0.95,2024,26,69.23076923076923,69.34615384615384,0.32230655582316586,5.212616822429907,1803.0
S001,with_satreach,0.95,2025,26,61.53846153846154,49.30769230769231,0.2155890252644745,2.9512937595129376,1282.0
S001,with_satreach,0.95,2026,10,60.0,57.7,0.17874022501718545,2.3970944309927362,577.0
S001,with_satreach,1.0,IS,81,64.19753086419753,30.419753086419753,0.16563713330802973,3.0048820179007323,2464.0
S001,with_satreach,1.0,OOS,36,58.333333333333336,51.416666666666664,0.20645989937408385,2.6720867208672088,1851.0
S001,with_satreach,1.0,2022,28,71.42857142857143,25.714285714285715,0.16697705828832568,3.4,720.0
S001,with_satreach,1.0,2023,27,55.55555555555556,13.148148148148149,0.0801701695463264,1.9293193717277486,355.0
S001,with_satreach,1.0,2024,26,65.38461538461539,53.42307692307692,0.2529482918510183,3.539305301645338,1389.0
S001,with_satreach,1.0,2025,26,57.692307692307686,50.34615384615385,0.22105666789057807,2.8861671469740635,1309.0
S001,with_satreach,1.0,2026,10,60.0,54.2,0.16850830123119875,2.3123486682808716,542.0
S001,no_satreach,0.8,IS,82,67.07317073170732,27.402439024390244,0.1486324658303718,3.1522988505747125,2247.0
S001,no_satreach,0.8,OOS,36,61.111111111111114,41.47222222222222,0.17334136025478084,2.3953271028037384,1493.0
S001,no_satreach,0.8,2022,28,71.42857142857143,25.25,0.16032286178027658,3.4634146341463414,707.0
S001,no_satreach,0.8,2023,27,59.25925925925925,14.555555555555555,0.09034312549816824,2.1228571428571428,393.0
S001,no_satreach,0.8,2024,27,70.37037037037037,42.48148148148148,0.19479843258489626,3.8181818181818183,1147.0
S001,no_satreach,0.8,2025,26,61.53846153846154,46.23076923076923,0.2050792173579118,2.8295281582952816,1202.0
S001,no_satreach,0.8,2026,10,60.0,29.1,0.09082293178664044,1.7046004842615012,291.0
S001,no_satreach,0.85,IS,82,67.07317073170732,29.902439024390244,0.1597269446730788,3.375968992248062,2452.0
S001,no_satreach,0.85,OOS,36,61.111111111111114,45.111111111111114,0.1774757655999305,2.5177570093457944,1624.0
S001,no_satreach,0.85,2022,28,71.42857142857143,21.75,0.14077073041914848,3.03,609.0
S001,no_satreach,0.85,2023,27,55.55555555555556,14.777777777777779,0.09122713533051197,2.0445026178010473,399.0
S001,no_satreach,0.85,2024,27,74.07407407407408,53.48148148148148,0.24788505027898075,5.1257142857142854,1444.0
S001,no_satreach,0.85,2025,26,61.53846153846154,41.07692307692308,0.179746964955746,2.625570776255708,1068.0
S001,no_satreach,0.85,2026,10,60.0,55.6,0.1715706472748102,2.3462469733656173,556.0
S001,no_satreach,0.9,IS,82,67.07317073170732,31.682926829268293,0.16801141746510417,3.5174418604651163,2598.0
S001,no_satreach,0.9,OOS,36,61.111111111111114,47.55555555555556,0.18717968406198598,2.6,1712.0
S001,no_satreach,0.9,2022,28,71.42857142857143,23.821428571428573,0.15472995164664563,3.223333333333333,667.0
S001,no_satreach,0.9,2023,27,55.55555555555556,12.0,0.07379313430879406,1.8481675392670156,324.0
S001,no_satreach,0.9,2024,27,74.07407407407408,59.51851851851852,0.27600307258129725,5.591428571428572,1607.0
S001,no_satreach,0.9,2025,26,61.53846153846154,44.5,0.19331695649687797,2.7610350076103503,1157.0
S001,no_satreach,0.9,2026,10,60.0,55.5,0.17122277573126676,2.343825665859564,555.0
S001,no_satreach,0.95,IS,82,65.85365853658537,34.97560975609756,0.18442204191320682,3.5837837837837836,2868.0
S001,no_satreach,0.95,OOS,36,61.111111111111114,51.638888888888886,0.2053532474180053,2.7373831775700936,1859.0
S001,no_satreach,0.95,2022,28,71.42857142857143,25.0,0.16098082647454473,3.3333333333333335,700.0
S001,no_satreach,0.95,2023,27,55.55555555555556,13.333333333333334,0.08174589189211644,1.942408376963351,360.0
S001,no_satreach,0.95,2024,27,70.37037037037037,66.96296296296296,0.31140760053735417,5.224299065420561,1808.0
S001,no_satreach,0.95,2025,26,61.53846153846154,49.30769230769231,0.2155890252644745,2.9512937595129376,1282.0
S001,no_satreach,0.95,2026,10,60.0,57.7,0.17874022501718545,2.3970944309927362,577.0
S001,no_satreach,1.0,IS,82,64.63414634146342,30.109756097560975,0.16395905562264218,3.0089503661513426,2469.0
S001,no_satreach,1.0,OOS,36,58.333333333333336,51.416666666666664,0.20645989937408385,2.6720867208672088,1851.0
S001,no_satreach,1.0,2022,28,71.42857142857143,25.714285714285715,0.16697705828832568,3.4,720.0
S001,no_satreach,1.0,2023,27,55.55555555555556,13.148148148148149,0.0801701695463264,1.9293193717277486,355.0
S001,no_satreach,1.0,2024,27,66.66666666666666,51.629629629629626,0.24461816115676777,3.5484460694698354,1394.0
S001,no_satreach,1.0,2025,26,57.692307692307686,50.34615384615385,0.22105666789057807,2.8861671469740635,1309.0
S001,no_satreach,1.0,2026,10,60.0,54.2,0.16850830123119875,2.3123486682808716,542.0
S002,with_satreach,0.8,IS,152,46.71052631578947,1.256578947368421,0.009834073289962483,1.0659986178299932,191.0
S002,with_satreach,0.8,OOS,59,45.76271186440678,4.271186440677966,0.01818928447494894,1.1686746987951808,252.0
S002,with_satreach,0.8,2022,65,40.0,-1.0,-0.0061471752634147045,0.9471974004874086,-65.0
S002,with_satreach,0.8,2023,45,55.55555555555556,6.555555555555555,0.04231931596641185,1.5483271375464684,295.0
S002,with_satreach,0.8,2024,42,47.61904761904761,-0.9285714285714286,-0.00023865919743526807,0.9653333333333334,-39.0
S002,with_satreach,0.8,2025,55,45.45454545454545,2.8,0.014481641328342235,1.1125730994152048,154.0
S002,with_satreach,0.8,2026,3,33.33333333333333,24.666666666666668,0.06449523973998326,1.5873015873015872,74.0
S002,with_satreach,0.85,IS,197,42.63959390862944,-1.015228426395939,-0.0009713221199541874,0.9491740787801779,-200.0
S002,with_satreach,0.85,OOS,79,48.10126582278481,16.481012658227847,0.0628889193862043,1.7138157894736843,1302.0
S002,with_satreach,0.85,2022,85,41.17647058823529,-0.5176470588235295,-0.0017489629137234875,0.9721342621912603,-44.0
S002,with_satreach,0.85,2023,60,43.333333333333336,2.4833333333333334,0.019195683155890923,1.1677927927927927,149.0
S002,with_satreach,0.85,2024,52,44.230769230769226,-5.865384615384615,-0.02296979998688335,0.7922343324250681,-305.0
S002,with_satreach,0.85,2025,73,46.57534246575342,11.67123287671233,0.04935205730193156,1.5017667844522968,852.0
S002,with_satreach,0.85,2026,5,60.0,85.2,0.2564665313451843,4.380952380952381,426.0
S002,with_satreach,0.9,IS,250,42.8,-1.308,-0.004530128446540029,0.9329643296432965,-327.0
S002,with_satreach,0.9,OOS,94,47.87234042553192,14.51063829787234,0.05356053963982811,1.5650372825186412,1364.0
S002,with_satreach,0.9,2022,97,38.144329896907216,-2.515463917525773,-0.014948264946013446,0.8645948945615982,-244.0
S002,with_satreach,0.9,2023,82,43.90243902439025,2.3902439024390243,0.01617837093624949,1.161051766639277,196.0
S002,with_satreach,0.9,2024,71,47.88732394366197,-3.9295774647887325,-0.01421375814991775,0.849919311457773,-279.0
S002,with_satreach,0.9,2025,85,47.05882352941176,9.729411764705882,0.04032843824550046,1.4077909270216962,827.0
S002,with_satreach,0.9,2026,8,50.0,64.125,0.1904477104416361,2.3290155440414506,513.0
S002,with_satreach,0.95,IS,297,44.44444444444444,0.9023569023569024,0.007156208142834829,1.0484366528104103,268.0
S002,with_satreach,0.95,OOS,104,49.03846153846153,21.673076923076923,0.07629660953066658,1.8832288401253918,2254.0
S002,with_satreach,0.95,2022,112,40.17857142857143,0.8482142857142857,0.005633909879670912,1.0476668339187154,95.0
S002,with_satreach,0.95,2023,98,45.91836734693878,2.6530612244897958,0.016848740916726338,1.1849217638691323,260.0
S002,with_satreach,0.95,2024,87,48.275862068965516,-1.0,-0.0018020769878204447,0.9592314901593252,-87.0
S002,with_satreach,0.95,2025,91,46.15384615384615,10.428571428571429,0.04461345209607327,1.438134810710988,949.0
S002,with_satreach,0.95,2026,12,66.66666666666666,106.75,0.31598595489195347,4.318652849740933,1281.0
S002,with_satreach,1.0,IS,324,44.44444444444444,0.8981481481481481,0.005904942586042135,1.0485485485485486,291.0
S002,with_satreach,1.0,OOS,112,49.107142857142854,24.473214285714285,0.0848476652216651,2.0121861152141802,2741.0
S002,with_satreach,1.0,2022,120,40.833333333333336,-0.9083333333333333,-0.0067144717814927885,0.9484389782403028,-109.0
S002,with_satreach,1.0,2023,106,45.28301886792453,3.207547169811321,0.020979006857289633,1.2253147779986746,340.0
S002,with_satreach,1.0,2024,98,47.95918367346938,0.6122448979591837,0.005052686579429428,1.0253057781526782,60.0
S002,with_satreach,1.0,2025,98,45.91836734693878,10.36734693877551,0.044931306909463266,1.43755383290267,1016.0
S002,with_satreach,1.0,2026,13,69.23076923076923,130.84615384615384,0.38588297199660604,5.4067357512953365,1701.0
S002,no_satreach,0.8,IS,273,47.61904761904761,2.318681318681319,0.012595965669846327,1.1314641744548286,633.0
S002,no_satreach,0.8,OOS,103,47.57281553398058,7.601941747572815,0.03273850798677078,1.2800429184549356,783.0
S002,no_satreach,0.8,2022,104,39.42307692307692,-2.0096153846153846,-0.013884607433223579,0.8912024986985945,-209.0
S002,no_satreach,0.8,2023,86,52.32558139534884,5.511627906976744,0.035163314246157464,1.4606413994169096,474.0
S002,no_satreach,0.8,2024,83,53.01204819277109,4.433734939759036,0.02239340693679226,1.1973190348525469,368.0
S002,no_satreach,0.8,2025,90,46.666666666666664,8.588888888888889,0.03706417575811035,1.364107395195478,773.0
S002,no_satreach,0.8,2026,12,50.0,-1.1666666666666667,-0.003908440611312926,0.9791976225854383,-14.0
S002,no_satreach,0.85,IS,293,43.68600682593857,-0.4812286689419795,-0.0010591320721899564,0.9745945945945946,-141.0
S002,no_satreach,0.85,OOS,113,47.78761061946903,10.274336283185841,0.041883540061988,1.3939599592806244,1161.0
S002,no_satreach,0.85,2022,116,37.93103448275862,-2.646551724137931,-0.016085279886564434,0.8620224719101124,-307.0
S002,no_satreach,0.85,2023,89,47.19101123595505,3.7865168539325844,0.024485266084279308,1.2843881856540085,337.0
S002,no_satreach,0.85,2024,88,47.72727272727273,-1.9431818181818181,-0.007086612634216383,0.9200934579439253,-171.0
S002,no_satreach,0.85,2025,99,46.464646464646464,10.424242424242424,0.04393977796641518,1.4538258575197889,1032.0
S002,no_satreach,0.85,2026,13,53.84615384615385,8.076923076923077,0.023046939737409657,1.1560178306092124,105.0
S002,no_satreach,0.9,IS,323,43.343653250774,-0.9752321981424149,-0.004238797041628546,0.9494300850858886,-315.0
S002,no_satreach,0.9,OOS,118,46.61016949152542,10.322033898305085,0.03808171517783605,1.3898847631241997,1218.0
S002,no_satreach,0.9,2022,121,36.36363636363637,-3.272727272727273,-0.019604151930915144,0.8262395787626152,-396.0
S002,no_satreach,0.9,2023,103,46.601941747572816,2.1067961165048543,0.013675827123126155,1.1465226198514518,217.0
S002,no_satreach,0.9,2024,99,48.484848484848484,-1.3737373737373737,-0.004097366206942225,0.9449169704333739,-136.0
S002,no_satreach,0.9,2025,103,45.63106796116505,8.009708737864077,0.032245280582118147,1.339087546239211,825.0
S002,no_satreach,0.9,2026,14,50.0,26.357142857142858,0.077799049948805,1.5340086830680173,369.0
S002,no_satreach,0.95,IS,348,45.689655172413794,1.0229885057471264,0.006274504053590368,1.0556336927644945,356.0
S002,no_satreach,0.95,OOS,126,47.61904761904761,16.047619047619047,0.05654781776066182,1.621771217712177,2022.0
S002,no_satreach,0.95,2022,126,39.682539682539684,-0.9523809523809523,-0.0053731640446610775,0.9475295146480105,-120.0
S002,no_satreach,0.95,2023,114,48.24561403508772,2.1403508771929824,0.013708396785339923,1.1523096129837702,244.0
S002,no_satreach,0.95,2024,108,50.0,2.1481481481481484,0.01201656339581475,1.0924302788844622,232.0
S002,no_satreach,0.95,2025,109,45.87155963302752,8.871559633027523,0.03693867571775475,1.3775868801249511,967.0
S002,no_satreach,0.95,2026,16,56.25,64.4375,0.1884698495540566,2.492040520984081,1031.0
S002,no_satreach,1.0,IS,365,44.93150684931507,0.7726027397260274,0.004428766542649664,1.042406015037594,282.0
S002,no_satreach,1.0,OOS,130,48.46153846153846,20.546153846153846,0.07149226799603418,1.814577615126563,2671.0
S002,no_satreach,1.0,2022,130,39.23076923076923,-2.0692307692307694,-0.013667246179343838,0.8842512908777969,-269.0
S002,no_satreach,1.0,2023,120,46.666666666666664,2.591666666666667,0.017151332274070303,1.1824046920821114,311.0
S002,no_satreach,1.0,2024,115,49.56521739130435,2.0869565217391304,0.011609407986899035,1.0915681037771843,240.0
S002,no_satreach,1.0,2025,112,46.42857142857143,10.678571428571429,0.04438069890735614,1.4621329211746523,1196.0
S002,no_satreach,1.0,2026,17,58.82352941176471,85.3529411764706,0.24942145706572597,3.0998552821997105,1451.0
S003,with_satreach,0.8,IS,38,52.63157894736842,0.7894736842105263,0.012394872090956443,1.0316789862724394,30.0
S003,with_satreach,0.8,OOS,32,56.25,16.25,0.051283972702470974,1.5179282868525896,520.0
S003,with_satreach,0.8,2022,16,68.75,19.1875,0.11319726680514897,2.7443181818181817,307.0
S003,with_satreach,0.8,2023,5,20.0,-10.0,-0.06513855406999172,0.4791666666666667,-50.0
S003,with_satreach,0.8,2024,17,47.05882352941176,-13.352941176470589,-0.059674021122122355,0.6637037037037037,-227.0
S003,with_satreach,0.8,2025,25,52.0,1.72,0.008346281885785059,1.0585034013605443,43.0
S003,with_satreach,0.8,2026,7,71.42857142857143,68.14285714285714,0.20463286847634926,2.7732342007434942,477.0
S003,with_satreach,0.85,IS,38,52.63157894736842,2.4473684210526314,0.016924539560343,1.0981012658227849,93.0
S003,with_satreach,0.85,OOS,33,45.45454545454545,3.0303030303030303,-0.002925876427118476,1.08,100.0
S003,with_satreach,0.85,2022,16,68.75,15.1875,0.08557052147041624,2.3806818181818183,243.0
S003,with_satreach,0.85,2023,5,40.0,-5.4,-0.03600682876945971,0.6746987951807228,-27.0
S003,with_satreach,0.85,2024,17,41.17647058823529,-7.235294117647059,-0.03211539390507806,0.8214804063860668,-123.0
S003,with_satreach,0.85,2025,25,44.0,-10.68,-0.04765713486859381,0.6931034482758621,-267.0
S003,with_satreach,0.85,2026,8,50.0,45.875,0.13685930620249193,1.9657894736842105,367.0
S003,with_satreach,0.9,IS,38,52.63157894736842,5.078947368421052,0.033188334726204985,1.2035864978902953,193.0
S003,with_satreach,0.9,OOS,34,50.0,7.235294117647059,0.0165703708605174,1.2060301507537687,246.0
S003,with_satreach,0.9,2022,16,68.75,19.375,0.1125230497479237,2.7613636363636362,310.0
S003,with_satreach,0.9,2023,5,40.0,0.2,-0.0028687732632167507,1.0120481927710843,1.0
S003,with_satreach,0.9,2024,17,41.17647058823529,-6.9411764705882355,-0.030874600591465066,0.8287373004354136,-118.0
S003,with_satreach,0.9,2025,25,44.0,-5.08,-0.02213160320840152,0.8540229885057471,-127.0
S003,with_satreach,0.9,2026,9,66.66666666666666,41.44444444444444,0.12407585438529217,2.1512345679012346,373.0
S003,with_satreach,0.95,IS,39,46.15384615384615,2.7435897435897436,0.018810795759786593,1.1042884990253412,107.0
S003,with_satreach,0.95,OOS,35,51.42857142857142,10.82857142857143,0.025416690177657183,1.3174204355108878,379.0
S003,with_satreach,0.95,2022,16,56.25,20.0625,0.11045214383458231,2.420353982300885,321.0
S003,with_satreach,0.95,2023,6,33.33333333333333,-4.5,-0.028892243946844597,0.7567567567567568,-27.0
S003,with_satreach,0.95,2024,17,41.17647058823529,-11.0,-0.050603517825915996,0.7285921625544267,-187.0
S003,with_satreach,0.95,2025,26,46.15384615384615,-5.8076923076923075,-0.026696891947462557,0.8264367816091954,-151.0
S003,with_satreach,0.95,2026,9,66.66666666666666,58.888888888888886,0.17596703853911422,2.6358024691358026,530.0
S003,with_satreach,1.0,IS,39,46.15384615384615,5.0,0.03155976717199064,1.1900584795321638,195.0
S003,with_satreach,1.0,OOS,35,51.42857142857142,12.114285714285714,0.030291636608806197,1.355108877721943,424.0
S003,with_satreach,1.0,2022,16,56.25,20.1875,0.11166772889166326,2.4292035398230087,323.0
S003,with_satreach,1.0,2023,6,33.33333333333333,-2.1666666666666665,-0.009932030435101366,0.8828828828828829,-13.0
S003,with_satreach,1.0,2024,17,41.17647058823529,-6.764705882352941,-0.029191797644021734,0.8330914368650217,-115.0
S003,with_satreach,1.0,2025,26,46.15384615384615,-4.769230769230769,-0.022325935340146222,0.8574712643678161,-124.0
S003,with_satreach,1.0,2026,9,66.66666666666666,60.888888888888886,0.18229795557244652,2.691358024691358,548.0
S003,no_satreach,0.8,IS,39,51.28205128205128,0.5641025641025641,0.010912149382653636,1.0230366492146596,22.0
S003,no_satreach,0.8,OOS,35,57.14285714285714,17.0,0.055266447588486076,1.5360360360360361,595.0
S003,no_satreach,0.8,2022,16,68.75,19.1875,0.11319726680514897,2.7443181818181817,307.0
S003,no_satreach,0.8,2023,6,16.666666666666664,-9.666666666666666,-0.06185401398046852,0.4423076923076923,-58.0
S003,no_satreach,0.8,2024,17,47.05882352941176,-13.352941176470589,-0.059674021122122355,0.6637037037037037,-227.0
S003,no_satreach,0.8,2025,26,53.84615384615385,2.5384615384615383,0.012024617237863704,1.089795918367347,66.0
S003,no_satreach,0.8,2026,9,66.66666666666666,58.77777777777778,0.1801872908236174,2.4106666666666667,529.0
S003,no_satreach,0.85,IS,39,51.28205128205128,2.1794871794871793,0.015325671532312355,1.0889121338912133,85.0
S003,no_satreach,0.85,OOS,35,48.57142857142857,7.6,0.01256447211142915,1.2128,266.0
S003,no_satreach,0.85,2022,16,68.75,15.1875,0.08557052147041624,2.3806818181818183,243.0
S003,no_satreach,0.85,2023,6,33.33333333333333,-5.833333333333333,-0.037577576230025174,0.6153846153846154,-35.0
S003,no_satreach,0.85,2024,17,41.17647058823529,-7.235294117647059,-0.03211539390507806,0.8214804063860668,-123.0
S003,no_satreach,0.85,2025,26,46.15384615384615,-9.961538461538462,-0.044433091205890965,0.7022988505747126,-259.0
S003,no_satreach,0.85,2026,9,55.55555555555556,58.333333333333336,0.17722409947257614,2.3815789473684212,525.0
S003,no_satreach,0.9,IS,39,51.28205128205128,4.743589743589744,0.031172446309306066,1.1935146443514644,185.0
S003,no_satreach,0.9,OOS,35,51.42857142857142,7.257142857142857,0.01713030313197918,1.2127303182579565,254.0
S003,no_satreach,0.9,2022,16,68.75,19.375,0.1125230497479237,2.7613636363636362,310.0
S003,no_satreach,0.9,2023,6,33.33333333333333,-1.1666666666666667,-0.009962529974822712,0.9230769230769231,-7.0
S003,no_satreach,0.9,2024,17,41.17647058823529,-6.9411764705882355,-0.030874600591465066,0.8287373004354136,-118.0
S003,no_satreach,0.9,2025,26,46.15384615384615,-4.576923076923077,-0.019889310763398386,0.8632183908045977,-119.0
S003,no_satreach,0.9,2026,9,66.66666666666666,41.44444444444444,0.12407585438529217,2.1512345679012346,373.0
S003,no_satreach,0.95,IS,39,46.15384615384615,2.7435897435897436,0.018810795759786593,1.1042884990253412,107.0
S003,no_satreach,0.95,OOS,35,51.42857142857142,10.82857142857143,0.025416690177657183,1.3174204355108878,379.0
S003,no_satreach,0.95,2022,16,56.25,20.0625,0.11045214383458231,2.420353982300885,321.0
S003,no_satreach,0.95,2023,6,33.33333333333333,-4.5,-0.028892243946844597,0.7567567567567568,-27.0
S003,no_satreach,0.95,2024,17,41.17647058823529,-11.0,-0.050603517825915996,0.7285921625544267,-187.0
S003,no_satreach,0.95,2025,26,46.15384615384615,-5.8076923076923075,-0.026696891947462557,0.8264367816091954,-151.0
S003,no_satreach,0.95,2026,9,66.66666666666666,58.888888888888886,0.17596703853911422,2.6358024691358026,530.0
S003,no_satreach,1.0,IS,39,46.15384615384615,5.0,0.03155976717199064,1.1900584795321638,195.0
S003,no_satreach,1.0,OOS,35,51.42857142857142,12.114285714285714,0.030291636608806197,1.355108877721943,424.0
S003,no_satreach,1.0,2022,16,56.25,20.1875,0.11166772889166326,2.4292035398230087,323.0
S003,no_satreach,1.0,2023,6,33.33333333333333,-2.1666666666666665,-0.009932030435101366,0.8828828828828829,-13.0
S003,no_satreach,1.0,2024,17,41.17647058823529,-6.764705882352941,-0.029191797644021734,0.8330914368650217,-115.0
S003,no_satreach,1.0,2025,26,46.15384615384615,-4.769230769230769,-0.022325935340146222,0.8574712643678161,-124.0
S003,no_satreach,1.0,2026,9,66.66666666666666,60.888888888888886,0.18229795557244652,2.691358024691358,548.0
