tier,dir,N,m,P_A,ER_A,P_Best,ER_Best,P_Bsat,ER_Bsat
deep STOP,up,430,0.1,0.8023255813953488,0.08023255813953487,1.0,0.08332637979634937,1.0,-0.04167362020365061
deep STOP,up,430,0.15,0.6976744186046512,0.10465116279069768,1.0,0.12498956969452407,1.0,-1.0430305475943023e-05
deep STOP,up,430,0.2,0.6348837209302326,0.1269767441860465,1.0,0.16665275959269873,1.0,0.04165275959269876
deep STOP,up,430,0.25,0.5534883720930233,0.13837209302325582,0.9930232558139535,0.20600342645451386,1.0,0.08331594949087343
deep STOP,up,430,0.3,0.4883720930232558,0.14651162790697675,0.9790697674418605,0.2428125614757097,0.9976744186046511,0.12409809368147674
deep STOP,up,430,0.35,0.413953488372093,0.14488372093023258,0.9372093023255814,0.2693110495361257,0.9953488372093023,0.16498356333881814
deep STOP,up,430,0.4,0.3558139534883721,0.14232558139534882,0.8767441860465116,0.2859899658098977,0.986046511627907,0.20293342528475153
deep STOP,up,430,0.45,0.3023255813953488,0.13604651162790699,0.7767441860465116,0.2796626480263224,0.9697674418604652,0.2369172517266107
deep STOP,up,430,0.5,0.24651162790697675,0.12325581395348838,0.7046511627906977,0.27910139040616694,0.9232558139534883,0.2558726260814101
deep STOP,up,430,0.55,0.1930232558139535,0.10616279069767443,0.6209302325581395,0.26768083329932196,0.8651162790697674,0.269435199881104
deep STOP,up,430,0.6,0.1697674418604651,0.10186046511627907,0.5302325581395348,0.2471788485089302,0.7976744186046512,0.2754324595001739
deep STOP,up,430,0.65,0.13953488372093023,0.09069767441860466,0.45348837209302323,0.2285787454176041,0.727906976744186,0.27368183186422557
deep STOP,up,430,0.7,0.12093023255813953,0.08465116279069765,0.3813953488372093,0.20303532852828055,0.6511627906976745,0.2673354118966935
deep STOP,up,430,0.75,0.10465116279069768,0.07848837209302326,0.3325581395348837,0.18666189398351465,0.5697674418604651,0.2522669244823515
deep STOP,up,430,0.8,0.07441860465116279,0.059534883720930236,0.29069767441860467,0.1741075587466305,0.48604651162790696,0.23074896754804028
deep STOP,up,430,0.85,0.05581395348837209,0.047441860465116274,0.24883720930232558,0.15819738806357167,0.4232558139534884,0.2122488878534965
deep STOP,up,430,0.9,0.046511627906976744,0.04186046511627907,0.22325581395348837,0.1481450014787065,0.35348837209302325,0.1876475698785562
deep STOP,up,430,0.95,0.037209302325581395,0.035348837209302326,0.1930232558139535,0.135660229382536,0.31627906976744186,0.17970730666270582
deep STOP,up,430,1.0,0.03488372093023256,0.03488372093023256,0.16046511627906976,0.11837348534346832,0.2813953488372093,0.16725259720085056
deep STOP,up,430,1.05,0.03255813953488372,0.034186046511627904,0.12790697674418605,0.09796378895725849,0.24883720930232558,0.15700912554433755
deep STOP,up,430,1.1,0.027906976744186046,0.030697674418604652,0.09534883720930233,0.07463202312877222,0.22325581395348837,0.1477697127189971
deep STOP,up,430,1.15,0.023255813953488372,0.026744186046511628,0.07441860465116279,0.0572096103018362,0.17674418604651163,0.11996727892175786
deep STOP,up,430,1.2,0.018604651162790697,0.022325581395348838,0.06744186046511629,0.05332098201730384,0.14186046511627906,0.09894826556836245
deep STOP,up,430,1.25,0.018604651162790697,0.023255813953488372,0.05813953488372093,0.04771742604458732,0.11162790697674418,0.0762131863213757
deep STOP,up,430,1.3,0.018604651162790697,0.02418604651162791,0.046511627906976744,0.039427463191737545,0.09069767441860466,0.0602386810560379
deep STOP,up,430,1.35,0.018604651162790697,0.025116279069767444,0.044186046511627906,0.03890730492290147,0.08139534883720931,0.05810378660524432
deep STOP,up,430,1.4,0.013953488372093023,0.019534883720930228,0.03953488372093023,0.033735986893968534,0.06976744186046512,0.05156055571525995
deep STOP,up,430,1.45,0.013953488372093023,0.02023255813953488,0.030232558139534883,0.025618238818636244,0.06046511627906977,0.04800796533598561
deep STOP,up,430,1.5,0.009302325581395349,0.013953488372093023,0.027906976744186046,0.025119781023687726,0.04883720930232558,0.037574848405126385
deep STOP,dn,430,0.1,0.813953488372093,0.08139534883720928,1.0,0.08332637979634937,1.0,-0.04167362020365061
deep STOP,dn,430,0.15,0.7325581395348837,0.10988372093023255,1.0,0.12498956969452407,1.0,-1.0430305475943023e-05
deep STOP,dn,430,0.2,0.6302325581395349,0.12604651162790695,0.9930232558139535,0.1649326762525282,1.0,0.04165275959269876
deep STOP,dn,430,0.25,0.5627906976744186,0.14069767441860465,0.9744186046511628,0.20126304465900244,1.0,0.08331594949087343
deep STOP,dn,430,0.3,0.4930232558139535,0.14790697674418604,0.9558139534883721,0.23594269533384113,0.9953488372093023,0.12372988227932696
deep STOP,dn,430,0.35,0.42790697674418604,0.14976744186046512,0.9232558139534883,0.2667238511390985,0.986046511627907,0.16205513924596254
deep STOP,dn,430,0.4,0.3627906976744186,0.14511627906976743,0.8534883720930233,0.2784207935339322,0.9674418604651163,0.19726663367701258
deep STOP,dn,430,0.45,0.3116279069767442,0.1402325581395349,0.7906976744186046,0.28964301001306375,0.9558139534883721,0.23233495452586297
deep STOP,dn,430,0.5,0.27209302325581397,0.13604651162790699,0.7325581395348837,0.29896759562472647,0.9232558139534883,0.2589012322941906
deep STOP,dn,430,0.55,0.23488372093023255,0.1291860465116279,0.6697674418604651,0.29990759338048906,0.8744186046511628,0.27868746731802296
deep STOP,dn,430,0.6,0.19767441860465115,0.1186046511627907,0.5906976744186047,0.2882525755789175,0.8209302325581396,0.2915778826063607
deep STOP,dn,430,0.65,0.16744186046511628,0.10883720930232557,0.5,0.2661576849018286,0.7511627906976744,0.29505750662625135
deep STOP,dn,430,0.7,0.14418604651162792,0.10093023255813952,0.43023255813953487,0.24360298470038294,0.686046511627907,0.2956075272644244
deep STOP,dn,430,0.75,0.11395348837209303,0.08546511627906976,0.3581395348837209,0.21491833226439946,0.6255813953488372,0.29291174414739723
deep STOP,dn,430,0.8,0.09767441860465116,0.07813953488372094,0.3116279069767442,0.19783115186602557,0.5302325581395348,0.2694021236075592
deep STOP,dn,430,0.85,0.07674418604651163,0.06523255813953488,0.24651162790697675,0.1625288156562496,0.4418604651162791,0.23481279930312818
deep STOP,dn,430,0.9,0.06046511627906977,0.054418604651162786,0.20930232558139536,0.14450573257322177,0.386046511627907,0.21527549052948453
deep STOP,dn,430,0.95,0.04883720930232558,0.0463953488372093,0.16744186046511628,0.11926458227746492,0.3302325581395349,0.19666120711165758
deep STOP,dn,430,1.0,0.046511627906976744,0.046511627906976744,0.13023255813953488,0.10001060313325982,0.2627906976744186,0.1612990534416842
deep STOP,dn,430,1.05,0.04186046511627907,0.04395348837209302,0.1186046511627907,0.09305657728302529,0.2255813953488372,0.1408426367104968
deep STOP,dn,430,1.1,0.03953488372093023,0.04348837209302326,0.09767441860465116,0.07773996716977412,0.19767441860465115,0.13029146284463647
deep STOP,dn,430,1.15,0.030232558139534883,0.03476744186046511,0.08139534883720931,0.06621707853711381,0.16511627906976745,0.11464663876820536
deep STOP,dn,430,1.2,0.030232558139534883,0.03627906976744186,0.06744186046511629,0.05866179146119732,0.1325581395348837,0.09526855591636763
deep STOP,dn,430,1.25,0.018604651162790697,0.023255813953488372,0.05581395348837209,0.04837371655628318,0.10930232558139535,0.07998172333097968
deep STOP,dn,430,1.3,0.011627906976744186,0.015116279069767442,0.044186046511627906,0.03914634699667847,0.09069767441860466,0.06601370598666766
deep STOP,dn,430,1.35,0.011627906976744186,0.015697674418604653,0.03953488372093023,0.03753451844106905,0.07906976744186046,0.05966681008968185
deep STOP,dn,430,1.4,0.011627906976744186,0.016279069767441857,0.03255813953488372,0.03244079283325795,0.06046511627906977,0.04539683827112722
deep STOP,dn,430,1.45,0.011627906976744186,0.01686046511627907,0.030232558139534883,0.03125351327681492,0.06046511627906977,0.04728808747848476
deep STOP,dn,430,1.5,0.011627906976744186,0.01744186046511628,0.020930232558139535,0.021748368356938337,0.053488372093023255,0.04358096127366504
mid STOP,up,299,0.1,0.8795986622073578,0.08795986622073577,1.0,0.08995989322175797,1.0,-0.035040106778242035
mid STOP,up,299,0.15,0.7993311036789298,0.11989966555183947,1.0,0.13493983983263694,1.0,0.009939839832636937
mid STOP,up,299,0.2,0.7324414715719063,0.14648829431438126,1.0,0.17991978644351594,1.0,0.05491978644351594
mid STOP,up,299,0.25,0.6488294314381271,0.16220735785953178,0.9933110367892977,0.22342347459386624,1.0,0.09989973305439491
mid STOP,up,299,0.3,0.5719063545150501,0.17157190635451505,0.9765886287625418,0.2633619156409583,1.0,0.14487967966527387
mid STOP,up,299,0.35,0.4882943143812709,0.1709030100334448,0.9297658862876255,0.28974619341948865,1.0,0.18985962627615285
mid STOP,up,299,0.4,0.431438127090301,0.17257525083612044,0.8729096989966555,0.3078196092373553,0.9866220735785953,0.23047798691458093
mid STOP,up,299,0.45,0.35785953177257523,0.16103678929765888,0.8160535117056856,0.324255747977626,0.9665551839464883,0.26726708580615743
mid STOP,up,299,0.5,0.32441471571906355,0.16220735785953178,0.7558528428093646,0.3303543309249852,0.8996655518394648,0.28328293778995356
mid STOP,up,299,0.55,0.2709030100334448,0.14899665551839467,0.6688963210702341,0.31813503467161786,0.862876254180602,0.30665970893576644
mid STOP,up,299,0.6,0.2040133779264214,0.12240802675585284,0.6020066889632107,0.3079224424510015,0.8127090301003345,0.32201869891011875
mid STOP,up,299,0.65,0.1806020066889632,0.11739130434782606,0.5250836120401338,0.2903731015703289,0.7290969899665551,0.31641147477262405
mid STOP,up,299,0.7,0.14715719063545152,0.10301003344481603,0.46153846153846156,0.274823252594334,0.6521739130434783,0.30440447324737263
mid STOP,up,299,0.75,0.12040133779264214,0.0903010033444816,0.3979933110367893,0.251523322784653,0.5886287625418061,0.29692735157577693
mid STOP,up,299,0.8,0.0802675585284281,0.06421404682274248,0.3177257525083612,0.2124383882625615,0.5384615384615384,0.29258964160084083
mid STOP,up,299,0.85,0.06354515050167224,0.0540133779264214,0.2608695652173913,0.18325765710002387,0.48494983277591974,0.28089846405957153
mid STOP,up,299,0.9,0.06020066889632107,0.05418060200668896,0.21739130434782608,0.1603944891003607,0.39464882943143814,0.2415904640081651
mid STOP,up,299,0.95,0.046822742474916385,0.044481605351170565,0.1605351170568562,0.12414746451243618,0.3311036789297659,0.21430375392173942
mid STOP,up,299,1.0,0.03678929765886288,0.03678929765886288,0.13712374581939799,0.10751928759777064,0.26421404682274247,0.18045062362266698
mid STOP,up,299,1.05,0.026755852842809364,0.028093645484949834,0.11036789297658862,0.08698397349568489,0.22408026755852842,0.15649609071734494
mid STOP,up,299,1.1,0.023411371237458192,0.02575250836120402,0.07692307692307693,0.06542556086653906,0.17391304347826086,0.12116909692386058
mid STOP,up,299,1.15,0.020066889632107024,0.023076923076923075,0.06688963210702341,0.057036124911235775,0.15384615384615385,0.11007049528016791
mid STOP,up,299,1.2,0.013377926421404682,0.016053511705685617,0.05351170568561873,0.04993504731070552,0.12374581939799331,0.09247122776451117
mid STOP,up,299,1.25,0.010033444816053512,0.01254180602006689,0.046822742474916385,0.04707235845844216,0.10367892976588629,0.07807911682662289
mid STOP,up,299,1.3,0.010033444816053512,0.013043478260869566,0.03678929765886288,0.03830561921998599,0.07357859531772576,0.05914340587141707
mid STOP,up,299,1.35,0.010033444816053512,0.013545150501672243,0.033444816053511704,0.03621227310752213,0.07023411371237458,0.05789409835225895
mid STOP,up,299,1.4,0.010033444816053512,0.014046822742474914,0.030100334448160536,0.03253842216564288,0.06020066889632107,0.05177693738452973
mid STOP,up,299,1.45,0.010033444816053512,0.014548494983277592,0.026755852842809364,0.029593373588319545,0.05016722408026756,0.04492551545641055
mid STOP,up,299,1.5,0.010033444816053512,0.015050167224080268,0.023411371237458192,0.026465314043876535,0.03678929765886288,0.03435463157156951
mid STOP,dn,299,0.1,0.7993311036789298,0.07993311036789297,1.0,0.08995989322175797,1.0,-0.035040106778242035
mid STOP,dn,299,0.15,0.7224080267558528,0.10836120401337793,1.0,0.13493983983263694,1.0,0.009939839832636937
mid STOP,dn,299,0.2,0.6421404682274248,0.12842809364548494,0.9966555183946488,0.17878643523172622,1.0,0.05491978644351594
mid STOP,dn,299,0.25,0.5852842809364549,0.14632107023411373,0.9832775919732442,0.22003656161867982,1.0,0.09989973305439491
mid STOP,dn,299,0.3,0.5117056856187291,0.15351170568561875,0.9531772575250836,0.2547490699970438,0.9933110367892977,0.14276825030500623
mid STOP,dn,299,0.35,0.44481605351170567,0.15568561872909698,0.903010033444816,0.2815585592196827,0.9933110367892977,0.1872569386222843
mid STOP,dn,299,0.4,0.3712374581939799,0.148494983277592,0.8561872909698997,0.30356907385192405,0.9732441471571907,0.22563457863697575
mid STOP,dn,299,0.45,0.31438127090301005,0.1414715719063545,0.7525083612040134,0.3002799476423701,0.9565217391304348,0.26400926561699367
mid STOP,dn,299,0.5,0.2842809364548495,0.14214046822742474,0.6722408026755853,0.29634313161941217,0.903010033444816,0.2871306066864551
mid STOP,dn,299,0.55,0.24749163879598662,0.13612040133779266,0.6020066889632107,0.2878415607614862,0.8361204013377926,0.30007798615194314
mid STOP,dn,299,0.6,0.2040133779264214,0.12240802675585283,0.5384615384615384,0.2787806810640873,0.7491638795986622,0.29615961900309745
mid STOP,dn,299,0.65,0.16387959866220736,0.1065217391304348,0.4916387959866221,0.2744894117894631,0.6655518394648829,0.2895742470321541
mid STOP,dn,299,0.7,0.12374581939799331,0.08662207357859532,0.43478260869565216,0.26211642386435124,0.6220735785953178,0.29304006719941333
mid STOP,dn,299,0.75,0.11371237458193979,0.08528428093645485,0.35451505016722407,0.22246753959658694,0.5618729096989966,0.2886202168693297
mid STOP,dn,299,0.8,0.09364548494983277,0.07491638795986623,0.29431438127090304,0.19793703921912062,0.49498327759197325,0.27529473377081143
mid STOP,dn,299,0.85,0.08695652173913043,0.07391304347826087,0.23076923076923078,0.1649981417411945,0.43812709030100333,0.25412161072503325
mid STOP,dn,299,0.9,0.0802675585284281,0.07224080267558529,0.21739130434782608,0.16120056987433765,0.3779264214046823,0.23341177104725724
mid STOP,dn,299,0.95,0.06354515050167224,0.06036789297658862,0.18394648829431437,0.14269175964300185,0.2976588628762542,0.19463011073675396
mid STOP,dn,299,1.0,0.06354515050167224,0.06354515050167224,0.1505016722408027,0.1186700417570808,0.2408026755852843,0.164084518590065
mid STOP,dn,299,1.05,0.056856187290969896,0.0596989966555184,0.13377926421404682,0.11232392853771406,0.21070234113712374,0.15382593768497957
mid STOP,dn,299,1.1,0.05351170568561873,0.05886287625418061,0.12709030100334448,0.11277698900379161,0.18394648829431437,0.13722526479626
mid STOP,dn,299,1.15,0.043478260869565216,0.049999999999999996,0.10702341137123746,0.09768875577515876,0.15719063545150502,0.12192683559532376
mid STOP,dn,299,1.2,0.043478260869565216,0.05217391304347825,0.09364548494983277,0.08676562088285314,0.14381270903010032,0.11662668328294107
mid STOP,dn,299,1.25,0.03678929765886288,0.04598662207357859,0.08361204013377926,0.08005387893440163,0.13043478260869565,0.10687208859644899
mid STOP,dn,299,1.3,0.033444816053511704,0.043478260869565216,0.07357859531772576,0.07512862919360588,0.11705685618729098,0.09800000366221959
mid STOP,dn,299,1.35,0.030100334448160536,0.04063545150501673,0.06354515050167224,0.06976806280713863,0.09364548494983277,0.08403881542851752
mid STOP,dn,299,1.4,0.026755852842809364,0.03745819397993311,0.056856187290969896,0.062486154608229136,0.08361204013377926,0.0792088393898074
mid STOP,dn,299,1.45,0.020066889632107024,0.029096989966555183,0.05016722408026756,0.05445538211730627,0.08361204013377926,0.08241099454718347
mid STOP,dn,299,1.5,0.013377926421404682,0.020066889632107024,0.043478260869565216,0.04960407149921259,0.07023411371237458,0.06926604450129321
mid GO,up,221,0.1,0.9095022624434389,0.09095022624434386,1.0,0.09757001914809159,1.0,-0.027429980851908425
mid GO,up,221,0.15,0.8280542986425339,0.12420814479638007,1.0,0.14635502872213738,1.0,0.02135502872213735
mid GO,up,221,0.2,0.7285067873303167,0.1457013574660633,1.0,0.19514003829618318,1.0,0.07014003829618316
mid GO,up,221,0.25,0.6787330316742082,0.16968325791855204,0.9864253393665159,0.2404718206998278,1.0,0.11892504787022892
mid GO,up,221,0.3,0.6334841628959276,0.19004524886877827,0.9638009049773756,0.28295621279340727,1.0,0.16771005744427472
mid GO,up,221,0.35,0.5656108597285068,0.19796380090497745,0.9230769230769231,0.3130952374685861,1.0,0.21649506701832047
mid GO,up,221,0.4,0.48868778280542985,0.1954751131221719,0.8778280542986425,0.340546359756812,0.9773755656108597,0.25730119335599033
mid GO,up,221,0.45,0.4434389140271493,0.1995475113122172,0.8190045248868778,0.35628768560426943,0.9547511312217195,0.29790991657499555
mid GO,up,221,0.5,0.39819004524886875,0.19909502262443438,0.7330316742081447,0.3516619661354106,0.9049773755656109,0.3243812905114162
mid GO,up,221,0.55,0.3438914027149321,0.18914027149321266,0.6470588235294118,0.3405528885827446,0.8416289592760181,0.3387667637937046
mid GO,up,221,0.6,0.31221719457013575,0.18733031674208148,0.5656108597285068,0.3227489468538919,0.8009049773755657,0.35622497587885976
mid GO,up,221,0.65,0.2579185520361991,0.1676470588235294,0.5067873303167421,0.315747785299283,0.7194570135746606,0.35317749784989827
mid GO,up,221,0.7,0.20361990950226244,0.14253393665158368,0.4298642533936652,0.283625108696845,0.6244343891402715,0.33512208897483786
mid GO,up,221,0.75,0.17647058823529413,0.1323529411764706,0.3936651583710407,0.27802287323879543,0.5520361990950227,0.3216762054454315
mid GO,up,221,0.8,0.16289592760180996,0.13031674208144797,0.34841628959276016,0.26585657103630655,0.48868778280542985,0.30371901846179744
mid GO,up,221,0.85,0.14479638009049775,0.12307692307692307,0.2986425339366516,0.24198366145570277,0.4253393665158371,0.2837750248129667
mid GO,up,221,0.9,0.12669683257918551,0.11402714932126697,0.2171945701357466,0.18424870692561995,0.3936651583710407,0.2813202800090606
mid GO,up,221,0.95,0.09049773755656108,0.08597285067873303,0.19004524886877827,0.17115803722066092,0.3438914027149321,0.2645483423701827
mid GO,up,221,1.0,0.058823529411764705,0.058823529411764705,0.14027149321266968,0.13560007088532194,0.26244343891402716,0.21155167918666715
mid GO,up,221,1.05,0.05429864253393665,0.05701357466063349,0.12217194570135746,0.12040504078452025,0.2171945701357466,0.18257865278344804
mid GO,up,221,1.1,0.049773755656108594,0.05475113122171946,0.10407239819004525,0.10960327831551261,0.19457013574660634,0.16799999444585237
mid GO,up,221,1.15,0.04524886877828054,0.05203619909502263,0.07692307692307693,0.0773636281659253,0.14479638009049775,0.13096173997401314
mid GO,up,221,1.2,0.03619909502262444,0.04343891402714931,0.058823529411764705,0.05737021614476545,0.12217194570135746,0.11329461718164383
mid GO,up,221,1.25,0.01809954751131222,0.02262443438914027,0.04524886877828054,0.04436029456113823,0.08597285067873303,0.08193100308222609
mid GO,up,221,1.3,0.01809954751131222,0.023529411764705882,0.03619909502262444,0.03629586958556704,0.07239819004524888,0.06657438395966511
mid GO,up,221,1.35,0.00904977375565611,0.012217194570135747,0.03167420814479638,0.032065120049800895,0.058823529411764705,0.05718855198639054
mid GO,up,221,1.4,0.00904977375565611,0.01266968325791855,0.027149321266968326,0.027501489367971286,0.04524886877828054,0.04356295459033305
mid GO,up,221,1.45,0.00904977375565611,0.013122171945701358,0.027149321266968326,0.02848368541682741,0.04072398190045249,0.03984284872514971
mid GO,up,221,1.5,0.00904977375565611,0.013574660633484163,0.027149321266968326,0.029465881465683526,0.03167420814479638,0.03166863514834589
mid GO,dn,221,0.1,0.8099547511312217,0.08099547511312215,1.0,0.09757001914809159,1.0,-0.027429980851908425
mid GO,dn,221,0.15,0.7420814479638009,0.11131221719457014,0.995475113122172,0.14507691655249602,1.0,0.02135502872213735
mid GO,dn,221,0.2,0.6334841628959276,0.12669683257918551,0.995475113122172,0.1934358887366614,0.995475113122172,0.06900149959638992
mid GO,dn,221,0.25,0.5610859728506787,0.14027149321266968,0.9683257918552036,0.23460945173019052,0.995475113122172,0.11736047178055525
mid GO,dn,221,0.3,0.5203619909502263,0.15610859728506787,0.9276018099547512,0.2673022352739727,0.995475113122172,0.1657194439647206
mid GO,dn,221,0.35,0.4434389140271493,0.1552036199095023,0.8823529411764706,0.2953395350149435,0.9773755656108597,0.20952745065012982
mid GO,dn,221,0.4,0.38461538461538464,0.15384615384615385,0.832579185520362,0.3169721691872955,0.9366515837104072,0.2423731065984695
mid GO,dn,221,0.45,0.3212669683257919,0.14457013574660635,0.7782805429864253,0.33275510631279726,0.9140271493212669,0.27898509471811067
mid GO,dn,221,0.5,0.2850678733031674,0.1425339366515837,0.7013574660633484,0.3324017114718178,0.8597285067873304,0.30057108421641643
mid GO,dn,221,0.55,0.248868778280543,0.13687782805429868,0.6108597285067874,0.3207703557831383,0.8190045248868778,0.3226327567010099
mid GO,dn,221,0.6,0.19909502262443438,0.11945701357466063,0.5384615384615384,0.3074076774559264,0.7782805429864253,0.34050721280472906
mid GO,dn,221,0.65,0.1583710407239819,0.10294117647058823,0.4796380090497738,0.292350055048269,0.6923076923076923,0.3354343011410081
mid GO,dn,221,0.7,0.12669683257918551,0.08868778280542984,0.4072398190045249,0.2666834173628116,0.6018099547511312,0.3151111765218584
mid GO,dn,221,0.75,0.10407239819004525,0.07805429864253394,0.3393665158371041,0.2391009435236739,0.5203619909502263,0.295763623713199
mid GO,dn,221,0.8,0.08597285067873303,0.06877828054298644,0.27149321266968324,0.20315555263810472,0.4660633484162896,0.28450951838897803
mid GO,dn,221,0.85,0.07239819004524888,0.061538461538461535,0.2081447963800905,0.16768373373823908,0.3936651583710407,0.2598843827982747
mid GO,dn,221,0.9,0.058823529411764705,0.052941176470588235,0.167420814479638,0.14294184824418202,0.3257918552036199,0.22554694407293258
mid GO,dn,221,0.95,0.05429864253393665,0.05158371040723981,0.14479638009049775,0.13232393190173622,0.26244343891402716,0.1943945258133749
mid GO,dn,221,1.0,0.049773755656108594,0.049773755656108594,0.09502262443438914,0.09126769984366334,0.2081447963800905,0.16161396599830588
mid GO,dn,221,1.05,0.04524886877828054,0.04751131221719457,0.09049773755656108,0.09239909254757553,0.167420814479638,0.14142904977268766
mid GO,dn,221,1.1,0.04072398190045249,0.04479638009049774,0.08597285067873303,0.08910639829104912,0.13574660633484162,0.11844128167755837
mid GO,dn,221,1.15,0.04072398190045249,0.04683257918552036,0.07239819004524888,0.07784023665226684,0.09954751131221719,0.09347249213532972
mid GO,dn,221,1.2,0.03619909502262444,0.04343891402714932,0.05429864253393665,0.06256249217077636,0.08597285067873303,0.08646037361903013
mid GO,dn,221,1.25,0.03167420814479638,0.03959276018099547,0.049773755656108594,0.05986793429764323,0.08144796380090498,0.08394695912151665
mid GO,dn,221,1.3,0.03167420814479638,0.0411764705882353,0.04524886877828054,0.056909977281056914,0.07239819004524888,0.0789435372425586
mid GO,dn,221,1.35,0.03167420814479638,0.04276018099547512,0.04072398190045249,0.0523031404368442,0.05429864253393665,0.062158089717477646
mid GO,dn,221,1.4,0.027149321266968326,0.03800904977375565,0.03619909502262444,0.04858363277725481,0.04524886877828054,0.05563155924385314
mid GO,dn,221,1.45,0.027149321266968326,0.03936651583710407,0.03619909502262444,0.050318762519299634,0.04524886877828054,0.057820404523893795
mid GO,dn,221,1.5,0.01809954751131222,0.027149321266968326,0.027149321266968326,0.03816439182833973,0.04072398190045249,0.053024102747825874
strong GO,up,314,0.1,0.856687898089172,0.08566878980891719,0.9936305732484076,0.10945596182767754,1.0,-0.015505974941947338
strong GO,up,314,0.15,0.7802547770700637,0.11703821656050956,0.9936305732484076,0.16418394274151632,1.0,0.039241037587078975
strong GO,up,314,0.2,0.7229299363057324,0.1445859872611465,0.9936305732484076,0.21891192365535508,1.0,0.09398805011610532
strong GO,up,314,0.25,0.6687898089171974,0.16719745222929935,0.9808917197452229,0.2700730358491524,1.0,0.14873506264513162
strong GO,up,314,0.3,0.6019108280254777,0.18057324840764333,0.9585987261146497,0.31616004888281746,1.0,0.20348207517415795
strong GO,up,314,0.35,0.5605095541401274,0.1961783439490446,0.9235668789808917,0.35361578941540694,0.9936305732484076,0.2560840809673931
strong GO,up,314,0.4,0.5063694267515924,0.20254777070063693,0.8757961783439491,0.3822220824274177,0.964968152866242,0.2998446645346082
strong GO,up,314,0.45,0.45222929936305734,0.2035031847133758,0.8184713375796179,0.39817017331087806,0.9394904458598726,0.34144683157093697
strong GO,up,314,0.5,0.39490445859872614,0.19745222929936307,0.732484076433121,0.3941181662071422,0.89171974522293,0.3680005250527236
strong GO,up,314,0.55,0.34076433121019106,0.18742038216560508,0.6401273885350318,0.379293924460325,0.8312101910828026,0.3831132446761676
strong GO,up,314,0.6,0.2898089171974522,0.17388535031847135,0.5509554140127388,0.35537214667622413,0.7738853503184714,0.39470481386130346
strong GO,up,314,0.65,0.2515923566878981,0.16353503184713375,0.47770700636942676,0.33290697491289517,0.6815286624203821,0.37929101308376323
strong GO,up,314,0.7,0.20382165605095542,0.14267515923566879,0.3853503184713376,0.2899507884306796,0.60828025477707,0.36976684756197803
strong GO,up,314,0.75,0.17834394904458598,0.1337579617834395,0.33121019108280253,0.2665940231780502,0.5191082802547771,0.3416469588114199
strong GO,up,314,0.8,0.14968152866242038,0.1197452229299363,0.28662420382165604,0.24266316476816044,0.4554140127388535,0.31826244794779696
strong GO,up,314,0.85,0.11146496815286625,0.09474522292993631,0.2356687898089172,0.20710589708147717,0.3662420382165605,0.2756637348442769
strong GO,up,314,0.9,0.09554140127388536,0.08598726114649681,0.1942675159235669,0.17768792070753966,0.30254777070063693,0.23971866341446774
strong GO,up,314,0.95,0.08917197452229299,0.08471337579617835,0.15605095541401273,0.1524603826950506,0.2643312101910828,0.21561715019891262
strong GO,up,314,1.0,0.0732484076433121,0.0732484076433121,0.1178343949044586,0.12250558597727683,0.21656050955414013,0.18371707053920777
strong GO,up,314,1.05,0.06050955414012739,0.06353503184713376,0.08917197452229299,0.09545000416684296,0.1910828025477707,0.17148733878511932
strong GO,up,314,1.1,0.04777070063694268,0.052547770700636945,0.07006369426751592,0.07802206286517002,0.15286624203821655,0.14466125178702763
strong GO,up,314,1.15,0.044585987261146494,0.051273885350318474,0.05732484076433121,0.06434233236783593,0.11146496815286625,0.1066286865622133
strong GO,up,314,1.2,0.03503184713375796,0.04203821656050955,0.041401273885350316,0.044481371324289115,0.08917197452229299,0.08682727655210344
strong GO,up,314,1.25,0.025477707006369428,0.03184713375796178,0.03503184713375796,0.0383081443634999,0.07006369426751592,0.06819975777609048
strong GO,up,314,1.3,0.025477707006369428,0.03312101910828026,0.03184713375796178,0.03602066478466745,0.04777070063694268,0.0427116366832384
strong GO,up,314,1.35,0.022292993630573247,0.03009554140127389,0.022292993630573247,0.022721316306425036,0.044585987261146494,0.039982577834244075
strong GO,up,314,1.4,0.022292993630573247,0.031210191082802544,0.022292993630573247,0.02356284653999633,0.03821656050955414,0.03210173527207497
strong GO,up,314,1.45,0.022292993630573247,0.0323248407643312,0.022292993630573247,0.024404376773567632,0.03184713375796178,0.024827944209155003
strong GO,up,314,1.5,0.022292993630573247,0.03343949044585987,0.022292993630573247,0.025245907007138926,0.028662420382165606,0.02223405291499479
strong GO,dn,314,0.1,0.8726114649681529,0.08726114649681528,0.9936305732484076,0.10945596182767754,1.0,-0.015505974941947338
strong GO,dn,314,0.15,0.7770700636942676,0.11656050955414013,0.9936305732484076,0.16418394274151632,1.0,0.039241037587078975
strong GO,dn,314,0.2,0.7070063694267515,0.14140127388535031,0.9904458598726115,0.21817219036313137,1.0,0.09398805011610532
strong GO,dn,314,0.25,0.6401273885350318,0.16003184713375795,0.9745222929936306,0.26804361980117214,1.0,0.14873506264513162
strong GO,dn,314,0.3,0.5668789808917197,0.17006369426751594,0.9426751592356688,0.31042799573745883,0.9968152866242038,0.20277056440779687
strong GO,dn,314,0.35,0.5127388535031847,0.17945859872611464,0.8789808917197452,0.3378130818844984,0.9808917197452229,0.2523534102571251
strong GO,dn,314,0.4,0.4554140127388535,0.18216560509554142,0.8152866242038217,0.3572602672845635,0.9617834394904459,0.29794032297087725
strong GO,dn,314,0.45,0.42038216560509556,0.189171974522293,0.7292993630573248,0.3601293634185439,0.9044585987261147,0.32695480549691497
strong GO,dn,314,0.5,0.36942675159235666,0.18471337579617833,0.643312101910828,0.3546668169614562,0.8471337579617835,0.3494708395492093
strong GO,dn,314,0.55,0.3471337579617834,0.19092356687898088,0.5796178343949044,0.35120214901518426,0.7993630573248408,0.37217111471976366
strong GO,dn,314,0.6,0.3184713375796178,0.19108280254777069,0.5127388535031847,0.3391386115285787,0.7038216560509554,0.3678761941426811
strong GO,dn,314,0.65,0.2770700636942675,0.1800955414012739,0.4299363057324841,0.30570256612184527,0.6114649681528662,0.3555003842672545
strong GO,dn,314,0.7,0.2484076433121019,0.17388535031847133,0.37261146496815284,0.2849525233583563,0.5414012738853503,0.3392352005152827
strong GO,dn,314,0.75,0.2070063694267516,0.1552547770700637,0.3248407643312102,0.2645521887140003,0.46178343949044587,0.30800487616553135
strong GO,dn,314,0.8,0.18789808917197454,0.15031847133757964,0.2898089171974522,0.24939050487951864,0.40764331210191085,0.2909358020659915
strong GO,dn,314,0.85,0.1624203821656051,0.13805732484076433,0.25477707006369427,0.23596165358852583,0.3471337579617834,0.2663959123969708
strong GO,dn,314,0.9,0.14968152866242038,0.13471337579617834,0.21019108280254778,0.2095229509999026,0.30254777070063693,0.2485588865353359
strong GO,dn,314,0.95,0.14331210191082802,0.1361464968152866,0.1910828025477707,0.19705250583667874,0.28662420382165604,0.24932751939366216
strong GO,dn,314,1.0,0.11464968152866242,0.11464968152866242,0.1305732484076433,0.14287923543300896,0.24203821656050956,0.21541443380744402
strong GO,dn,314,1.05,0.09872611464968153,0.10366242038216562,0.1178343949044586,0.13555393273125085,0.21019108280254778,0.20215741975579357
strong GO,dn,314,1.1,0.08598726114649681,0.0945859872611465,0.10828025477707007,0.1266002242071023,0.15605095541401273,0.15448946701446317
strong GO,dn,314,1.15,0.08280254777070063,0.09522292993630573,0.10191082802547771,0.1265727161511785,0.1337579617834395,0.13546413347411046
strong GO,dn,314,1.2,0.07643312101910828,0.09171974522292993,0.08598726114649681,0.11175664403634453,0.12101910828025478,0.12678818176359574
strong GO,dn,314,1.25,0.06687898089171974,0.08359872611464968,0.07961783439490445,0.10781704333998798,0.1178343949044586,0.13099483058237135
strong GO,dn,314,1.3,0.06050955414012739,0.0786624203821656,0.07006369426751592,0.09932424259423456,0.09554140127388536,0.11390644422595572
strong GO,dn,314,1.35,0.04777070063694268,0.06449044585987261,0.06050955414012739,0.09076298937494526,0.08598726114649681,0.10620785277393884
strong GO,dn,314,1.4,0.041401273885350316,0.05796178343949045,0.054140127388535034,0.0767573922160221,0.07961783439490445,0.10192938609613245
strong GO,dn,314,1.45,0.041401273885350316,0.06003184713375797,0.041401273885350316,0.06138135236134119,0.07006369426751592,0.08724155673252017
strong GO,dn,314,1.5,0.03821656050955414,0.05732484076433121,0.03821656050955414,0.05951256211701478,0.06050955414012739,0.0715363015760011
